{
"type": "FeatureCollection",
"features": [
{ "type": "Feature", "properties": { "PRODUCT": "7-day QPF", "VALID_TIME": "12Z 03/24/25 - 12Z 03/31/25", "QPF": 1.25, "UNITS": "Inches", "ISSUE_TIME": "2025-03-24 09:42:07", "START_TIME": "2025-03-24 12:00:00", "END_TIME": "2025-03-31 12:00:00", "InPoly_FID": 6, "fill": "cyan", "color": "cyan" }, "geometry": { "type": "MultiPolygon", "coordinates": [ [ [ [ -81.883405303012296, 42.07040652164369 ], [ -81.226892974331236, 42.527225615769623 ], [ -81.036614515647329, 42.509835676275486 ], [ -80.82164250279925, 42.338098418807022 ], [ -80.491251000333364, 42.246656551059061 ], [ -80.301285339346919, 42.079228489603167 ], [ -79.683436914981598, 42.189824990630882 ], [ -79.803674745493083, 42.008617317135531 ], [ -80.059278191335409, 41.903659586021149 ], [ -80.261982811157793, 41.889274235617506 ], [ -80.484657535316956, 42.022484775851751 ], [ -81.066904786526663, 41.869618561247648 ], [ -81.129464594915078, 41.808299376614968 ], [ -81.088961202897167, 41.6230655138624 ], [ -81.291823817415207, 41.553350121011306 ], [ -81.47407329974294, 41.649846364817961 ], [ -82.525004292913763, 41.458239549915334 ], [ -83.564181143345024, 41.671356701150899 ], [ -84.287657541961948, 41.699957472359529 ], [ -84.164972885490215, 41.766053346684657 ], [ -83.524367397337471, 41.790383326529366 ], [ -83.405853672409023, 41.975245980617558 ], [ -83.107437079657473, 42.184656236096487 ], [ -82.81571884974511, 42.228063799804545 ], [ -82.816692774152159, 42.514303198833602 ], [ -82.703537475274231, 42.620636243367983 ], [ -82.491742920099625, 42.493977442305152 ], [ -82.383281918625585, 42.145472930131689 ], [ -81.883405303012296, 42.07040652164369 ] ], [ [ -82.593367390492631, 42.007129520111334 ], [ -82.413774459623596, 42.052230255421989 ], [ -82.393020980134111, 42.115392295717925 ], [ -82.588165986071374, 42.09493504301787 ], [ -82.593367390492631, 42.007129520111334 ] ], [ [ -83.37795941939163, 41.64236997959091 ], [ -83.350907699830429, 41.654624370218585 ], [ -83.363774140264297, 41.690851760200644 ], [ -83.397266748561549, 41.68108489075513 ], [ -83.37795941939163, 41.64236997959091 ] ] ], [ [ [ -75.216661998352492, 42.930511461634694 ], [ -75.770336110922756, 42.863347339308291 ], [ -76.364670608361848, 43.125234032624576 ], [ -76.158440608347348, 43.460588794537273 ], [ -76.236767636617117, 43.814473737373135 ], [ -76.117871672839385, 43.933421967050208 ], [ -75.71858484951116, 44.054286006294205 ], [ -75.417976360720445, 43.769136297801936 ], [ -75.40625275176302, 43.931647889738372 ], [ -75.613565804418329, 44.097307654724546 ], [ -74.889328555968063, 44.401333929717111 ], [ -74.5890689276888, 44.233860216875541 ], [ -74.65704439768075, 43.997248390500886 ], [ -74.36254915392027, 43.923121889563618 ], [ -74.397496463291134, 43.345774305839598 ], [ -74.327691274033043, 43.110712798257111 ], [ -74.585956222101913, 43.030219147595631 ], [ -74.579831785908141, 43.17262746538529 ], [ -74.658053101569351, 43.209987845562694 ], [ -75.013499741419878, 43.092580418051909 ], [ -75.241896696175559, 43.117981471567703 ], [ -75.293273680435959, 43.08756216865919 ], [ -75.176550299756514, 42.991393196239073 ], [ -75.216661998352492, 42.930511461634694 ] ], [ [ -74.699380885019764, 44.262321336860282 ], [ -74.716738733106013, 44.249057130782035 ], [ -74.722580540259685, 44.23832590571601 ], [ -74.688803624787397, 44.23812540096651 ], [ -74.699380885019764, 44.262321336860282 ] ], [ [ -74.893693785140044, 44.217548012330951 ], [ -74.925170399394403, 44.157887070531956 ], [ -74.912365611983375, 44.128309663460243 ], [ -74.82223424981072, 44.174751001057928 ], [ -74.893693785140044, 44.217548012330951 ] ], [ [ -75.502005576396186, 43.20176281340315 ], [ -75.555228645785348, 43.218642779740549 ], [ -75.61363798490504, 43.199414782466306 ], [ -75.564590492057505, 43.186530659562322 ], [ -75.502005576396186, 43.20176281340315 ] ] ], [ [ [ -72.783737452521393, 41.252287612183636 ], [ -72.552384165396859, 41.431401681942134 ], [ -71.964848214373546, 41.647960963128014 ], [ -71.723147977097426, 41.945298278592759 ], [ -70.99184635612437, 42.314723911979002 ], [ -70.876562726188808, 43.039581433636329 ], [ -70.623629644492439, 43.419890081462142 ], [ -70.292818431125681, 43.592956299493665 ], [ -69.769897436317592, 43.645825153807834 ], [ -69.227419179051822, 43.847717476280536 ], [ -69.147029170759595, 43.765142518312643 ], [ -69.246196405539649, 43.452309464010625 ], [ -68.750267044788245, 43.330143968169637 ], [ -68.530791124610687, 43.369982604713471 ], [ -67.586322507477689, 44.111106795542241 ], [ -67.524244008154426, 44.367430288077401 ], [ -67.757466019041487, 44.409967756806566 ], [ -67.481472785840367, 44.642573609784336 ], [ -66.650684029544266, 44.897524770152074 ], [ -66.207958978324143, 45.196265670124603 ], [ -64.821386858416759, 45.883038412193002 ], [ -64.490107549723575, 45.88269187912698 ], [ -64.844416781009613, 45.515949422527854 ], [ -63.768090757982065, 45.699703362720072 ], [ -63.231859419176828, 45.698301129893309 ], [ -63.11743166054265, 45.624615888512494 ], [ -63.834744958413069, 45.411880359191287 ], [ -64.496884803790635, 45.425096985737355 ], [ -64.951699933205305, 45.344421697203643 ], [ -65.484178709579737, 45.067326566967552 ], [ -65.798359955547483, 44.723180415843558 ], [ -64.517007831546152, 44.95689559065903 ], [ -63.116586556824075, 45.066920019443387 ], [ -62.74489251487762, 45.300439537754528 ], [ -63.045916396924156, 45.353401192211322 ], [ -62.919778726007337, 45.461876969546552 ], [ -62.779702859299505, 45.424666276127766 ], [ -62.715976451252175, 45.311791043222115 ], [ -62.985148121688439, 44.484626355122259 ], [ -63.254261364070658, 44.196410356852539 ], [ -63.558066117157523, 44.019335100534533 ], [ -63.79947297399849, 43.332460767450527 ], [ -64.061528739859398, 43.175177202565919 ], [ -63.882698842377636, 43.097443497519464 ], [ -63.9099203935113, 42.998643606117582 ], [ -63.724236494718411, 43.007873986795119 ], [ -63.908978541626368, 42.826479120315184 ], [ -64.024123526679375, 42.530852850478709 ], [ -63.968626330840436, 42.331801484550908 ], [ -64.095722377785478, 42.120851399072876 ], [ -63.793897669242028, 42.077835051246666 ], [ -63.794968038743946, 41.990835369456761 ], [ -64.121974804193826, 41.117059737916634 ], [ -64.869280843036449, 40.47727855576079 ], [ -64.700722529820837, 40.476420856137679 ], [ -64.197686193862694, 40.756374294438217 ], [ -64.358582821040329, 40.166491735205454 ], [ -64.895601994736239, 39.717660259413492 ], [ -65.543085483508207, 39.485758515343264 ], [ -66.216240393479325, 39.085093611381126 ], [ -66.347443755724726, 38.770152661316331 ], [ -66.534349950090075, 38.605066590950457 ], [ -66.015750543952379, 38.679666801681606 ], [ -66.42936918194215, 37.934826442186591 ], [ -66.223661671848618, 37.772474710139818 ], [ -66.270986900924697, 37.417492228383708 ], [ -65.81878658273456, 37.625728757076558 ], [ -65.069414785863614, 37.764261912357426 ], [ -65.552530877646674, 36.0 ], [ -66.151884564637513, 36.0 ], [ -65.820069228212276, 36.412872647754568 ], [ -65.773142673995153, 36.653319121280447 ], [ -65.956001503666414, 36.85310911749184 ], [ -66.354409986131941, 36.821611809837179 ], [ -66.133621066558931, 37.33547314407042 ], [ -66.212020340965921, 37.404224091368746 ], [ -66.607081373206768, 37.07929011304833 ], [ -67.681073981079351, 36.745442281236365 ], [ -68.164664905061272, 36.506719404277135 ], [ -68.754914086415909, 36.596280484756619 ], [ -68.701379953222215, 36.862890546961239 ], [ -69.059196587252643, 36.799637147236581 ], [ -68.833839036142592, 36.981389869247096 ], [ -68.876825911386675, 37.050611079237967 ], [ -69.551611281435441, 36.842144252155549 ], [ -69.39387953850985, 37.05527656416217 ], [ -70.070130177565602, 36.866999675294835 ], [ -69.461193408748784, 37.304671507883825 ], [ -69.433608579172528, 37.542964736433476 ], [ -69.205756147727982, 37.70036598839971 ], [ -69.276255598317164, 37.779998874548482 ], [ -68.999933447970193, 37.967099022102218 ], [ -67.526610333100336, 38.584247771217747 ], [ -66.299477666161351, 39.252796308702727 ], [ -66.244086440137039, 39.540195283685421 ], [ -66.577756448101582, 39.536948612388585 ], [ -66.62865512523382, 39.596581727364878 ], [ -66.30340455047957, 39.891786520931248 ], [ -65.684281003465514, 40.272813602066151 ], [ -65.394166082198922, 40.570670052081311 ], [ -65.377564902098527, 40.6574491103882 ], [ -65.53231057837047, 40.736005876769866 ], [ -65.437086145908893, 40.853396147913941 ], [ -66.129814749850766, 40.537167775172747 ], [ -66.515852372289089, 40.543037129460004 ], [ -67.05423134070378, 40.259058068475156 ], [ -67.4767770962859, 39.863149869470931 ], [ -68.135007572541383, 39.541675065951608 ], [ -68.125875886163158, 39.438493738695115 ], [ -68.27798309454414, 39.298792695926238 ], [ -68.829960933750044, 38.966763039682576 ], [ -68.902521799541375, 39.039399043830883 ], [ -68.726080965464121, 39.330448474017942 ], [ -69.361961903019392, 39.176694066478035 ], [ -69.939711399161695, 38.745427371875792 ], [ -70.125858750081193, 38.73544932092949 ], [ -70.339558917410045, 38.748146689717998 ], [ -70.916781626670684, 38.597998858560516 ], [ -71.407462631195415, 38.291801964589069 ], [ -71.447046197523946, 38.374450327021009 ], [ -71.320579210162407, 38.600126713876818 ], [ -71.384870836719699, 38.790465169931679 ], [ -70.677908505373182, 39.504922004247135 ], [ -70.289283707876791, 40.108950047606641 ], [ -69.538818874991023, 40.727381639151361 ], [ -69.338942457528333, 40.978074111231308 ], [ -69.544588824514619, 41.139027017982528 ], [ -69.527638506911501, 41.346866110182873 ], [ -69.631253748061965, 41.306448119585127 ], [ -69.755930951452228, 41.368475425000895 ], [ -69.63504536085469, 41.560170011037258 ], [ -69.940025735599193, 41.596601932033593 ], [ -69.828617827550659, 41.792136328228992 ], [ -69.649281423798641, 41.855871396747602 ], [ -69.532066433219256, 41.998328508154202 ], [ -69.344096134029314, 42.49749284182127 ], [ -69.932214687457815, 42.300780272591567 ], [ -70.073286414836161, 41.877556072055143 ], [ -69.968818063302933, 41.85758316722945 ], [ -70.004136823255749, 41.747295022147625 ], [ -70.484711361739926, 41.610568344053888 ], [ -70.704585563772696, 41.633714838569006 ], [ -72.189937896116987, 41.218035881650678 ], [ -72.783737452521393, 41.252287612183636 ] ], [ [ -66.999971454618901, 44.672138241086998 ], [ -66.991523423866852, 44.689186516444636 ], [ -67.0140726147593, 44.735686183170856 ], [ -67.024256583474482, 44.677508062447203 ], [ -66.999971454618901, 44.672138241086998 ] ], [ [ -65.87745452100927, 44.727111435244581 ], [ -65.887230773981003, 44.714454035025767 ], [ -65.859826582230937, 44.691742548879574 ], [ -65.852321421396425, 44.716399136411042 ], [ -65.87745452100927, 44.727111435244581 ] ], [ [ -63.588876380540512, 44.230055388545395 ], [ -63.509502843581345, 44.295666365510385 ], [ -63.520583450765628, 44.346830669100143 ], [ -63.604546173267238, 44.337554225147414 ], [ -63.588876380540512, 44.230055388545395 ] ], [ [ -69.271691367162816, 43.387155778816179 ], [ -69.262147009776641, 43.397819659949391 ], [ -69.292432674328438, 43.397200579243417 ], [ -69.285292188583583, 43.384471409527976 ], [ -69.271691367162816, 43.387155778816179 ] ], [ [ -69.314881086293042, 43.787188480064344 ], [ -69.339220883137216, 43.763585843112196 ], [ -69.291906824540263, 43.76131784554218 ], [ -69.296270293739042, 43.772111459276459 ], [ -69.314881086293042, 43.787188480064344 ] ], [ [ -69.433607688843722, 43.284457168963229 ], [ -69.425870104521664, 43.272475144312523 ], [ -69.418225925585944, 43.284280463872335 ], [ -69.426025161132259, 43.292024572775858 ], [ -69.433607688843722, 43.284457168963229 ] ], [ [ -64.018164196120722, 42.896996801061562 ], [ -64.019720549363797, 42.948893133011723 ], [ -64.074308430789415, 42.965386490694016 ], [ -64.076999955983126, 42.903814137012887 ], [ -64.018164196120722, 42.896996801061562 ] ], [ [ -64.39322153434631, 42.7399590964352 ], [ -64.394130209341654, 42.635312573016904 ], [ -64.011890850182567, 42.712343355361611 ], [ -64.12318570355734, 42.781724910875994 ], [ -64.059322584169877, 42.827515829092306 ], [ -64.110367857990241, 42.861134795734301 ], [ -64.39322153434631, 42.7399590964352 ] ], [ [ -63.968508372163626, 42.791600871682931 ], [ -63.998530208901968, 42.822139520922178 ], [ -64.039938570708443, 42.793327779553408 ], [ -64.013791907270672, 42.758694657332626 ], [ -63.968508372163626, 42.791600871682931 ] ], [ [ -64.073003141281902, 42.639569823288753 ], [ -64.096212917492096, 42.662926713297225 ], [ -64.10986918751297, 42.630796163312311 ], [ -64.092519135649525, 42.626328549922675 ], [ -64.073003141281902, 42.639569823288753 ] ], [ [ -64.102994880409369, 42.55668581329968 ], [ -64.112152742455066, 42.614412840380339 ], [ -64.136044371150774, 42.61913229182187 ], [ -64.14597438570928, 42.553210378756035 ], [ -64.102994880409369, 42.55668581329968 ] ], [ [ -69.322375981366406, 42.535201094155241 ], [ -69.338961615785877, 42.526361178425702 ], [ -69.32753321648471, 42.514589923386325 ], [ -69.307237393890603, 42.524001426624579 ], [ -69.322375981366406, 42.535201094155241 ] ], [ [ -64.252162741017628, 41.539647838976634 ], [ -64.36342187422008, 41.468059464073065 ], [ -64.379141472301058, 41.413241170043989 ], [ -64.122444572259155, 41.599749532215185 ], [ -64.252162741017628, 41.539647838976634 ] ], [ [ -64.426347694090794, 41.362977570758346 ], [ -64.43621524533728, 41.36293841517579 ], [ -64.443119259746027, 41.345931689396025 ], [ -64.418672763736993, 41.348025316515191 ], [ -64.426347694090794, 41.362977570758346 ] ], [ [ -69.935740980461844, 38.767542628189801 ], [ -69.959012808993918, 38.779336862706089 ], [ -69.982284638425256, 38.767542628189801 ], [ -69.959012808993918, 38.744682636094808 ], [ -69.935740980461844, 38.767542628189801 ] ], [ [ -66.914098036095425, 38.350495519152958 ], [ -66.949652850998234, 38.386215083559307 ], [ -67.044401064557462, 38.30437815242982 ], [ -66.979935563975062, 38.293667602777703 ], [ -66.914098036095425, 38.350495519152958 ] ], [ [ -68.841376826179555, 37.649954643092371 ], [ -68.644267990475328, 37.701737836731809 ], [ -68.522645257972215, 37.832660558338148 ], [ -68.677268751451663, 37.815595279498609 ], [ -68.841376826179555, 37.649954643092371 ] ], [ [ -68.45229193102773, 37.824043234707574 ], [ -68.459294177484253, 37.854642943417161 ], [ -68.495984824440029, 37.841426968879546 ], [ -68.480631272015557, 37.808157898768059 ], [ -68.45229193102773, 37.824043234707574 ] ], [ [ -67.983002085577766, 36.779895106474044 ], [ -68.044055763362735, 36.762861046699982 ], [ -68.061117666147311, 36.725807249005413 ], [ -67.992693554064203, 36.741337055061081 ], [ -67.983002085577766, 36.779895106474044 ] ] ], [ [ [ -86.0, 37.164094118444723 ], [ -86.0, 40.527362255694158 ], [ -85.272030838252533, 40.573401791359629 ], [ -85.061479052616164, 40.369629312942493 ], [ -84.739339732842382, 40.293115708223411 ], [ -84.202245857860021, 40.389908982813381 ], [ -84.387940610570695, 40.246311078693395 ], [ -85.139585676837498, 40.118613423970373 ], [ -85.271166064562181, 39.984250570707331 ], [ -85.063208151235131, 39.732474561252047 ], [ -84.79609585274136, 39.580313888175453 ], [ -84.420083334678111, 39.567970522221856 ], [ -83.680082490614438, 39.777759559556102 ], [ -83.720423195274179, 39.668005896854709 ], [ -83.614145085827033, 39.582607607255341 ], [ -83.590280149009629, 39.367555736408178 ], [ -83.16842904056773, 39.147024964530544 ], [ -83.298350219586951, 38.360696494048 ], [ -83.556744608876556, 38.155886752871425 ], [ -83.50358179586317, 38.023904012060541 ], [ -83.560682532372937, 37.89709405744486 ], [ -83.805553078611638, 37.746508910258058 ], [ -83.927624299421836, 37.747424318477556 ], [ -83.940852239439266, 37.902869287787439 ], [ -84.260724398911861, 37.925393898409709 ], [ -84.268796492364174, 37.671555028541775 ], [ -84.816084998423889, 37.558545419835298 ], [ -84.885988050108381, 37.426665443655338 ], [ -85.094652904308077, 37.357859582853507 ], [ -85.138282230940149, 37.208443661345939 ], [ -85.435639195692318, 37.027026493477933 ], [ -85.592272026432852, 37.046591440642544 ], [ -85.835862614368125, 37.231456957272826 ], [ -86.0, 37.164094118444723 ] ], [ [ -85.734000665398355, 37.265062859463455 ], [ -85.668416957676413, 37.297367182749326 ], [ -85.684135048493658, 37.344289810526391 ], [ -85.77015074516072, 37.311784887162844 ], [ -85.734000665398355, 37.265062859463455 ] ], [ [ -85.550842400156625, 37.51350402089389 ], [ -85.33694701429323, 37.467629008871711 ], [ -85.260073369590316, 37.615925425518014 ], [ -85.470713900326189, 37.588964076131276 ], [ -85.550842400156625, 37.51350402089389 ] ], [ [ -84.910618399919201, 38.23768488904642 ], [ -84.803714007095721, 38.354349983764791 ], [ -84.51474958042877, 38.352200313593642 ], [ -84.34466951538576, 38.573734482460452 ], [ -84.326752445468969, 38.72291641116351 ], [ -84.611711884395902, 38.728107977001571 ], [ -85.238205960136895, 38.522531288588141 ], [ -85.352136117587747, 38.30507940329187 ], [ -85.273596078596086, 38.180756510304775 ], [ -84.910618399919201, 38.23768488904642 ] ], [ [ -85.785414079396219, 38.333548786247547 ], [ -85.789005419464502, 38.306264978645913 ], [ -85.755067264542561, 38.316420963156986 ], [ -85.764512485163038, 38.332977169061166 ], [ -85.785414079396219, 38.333548786247547 ] ], [ [ -84.403744065935882, 38.35366418145685 ], [ -84.414930870463252, 38.352277391788277 ], [ -84.428690137140052, 38.347747053383841 ], [ -84.402399955393605, 38.341837887908241 ], [ -84.403744065935882, 38.35366418145685 ] ], [ [ -84.022364109715852, 38.246356982288944 ], [ -84.033736004612877, 38.232122133429755 ], [ -84.002664811032162, 38.227180620489321 ], [ -84.003990746275861, 38.242645202314293 ], [ -84.022364109715852, 38.246356982288944 ] ], [ [ -85.397158841207499, 39.926333148156289 ], [ -85.370219418191539, 39.809411682802988 ], [ -85.260614363961679, 39.871209839162816 ], [ -85.342168519461552, 39.945926242302278 ], [ -85.397158841207499, 39.926333148156289 ] ] ], [ [ [ -86.0, 42.910701841037806 ], [ -86.0, 47.200100410956047 ], [ -85.430673038629777, 47.253100841830417 ], [ -84.730550484017613, 47.140193288189778 ], [ -84.629354806778849, 47.312250197088986 ], [ -84.742142573421006, 47.597952211625341 ], [ -84.635160279523234, 47.714505066455729 ], [ -83.450189719579839, 47.907075079551362 ], [ -82.375536630710883, 47.849958654368436 ], [ -81.82389037514065, 47.915144257401607 ], [ -81.487428659305124, 47.814765005400716 ], [ -80.177308500748595, 48.0 ], [ -77.378732456123956, 48.0 ], [ -77.619892137112402, 47.81783117017244 ], [ -77.949147258938808, 47.795876990530758 ], [ -78.094082282271472, 47.703416223280158 ], [ -77.867792858153848, 47.591962741187615 ], [ -77.697573645507305, 47.679100948250209 ], [ -77.578439197710793, 47.373905033890253 ], [ -78.016744852692739, 47.268044091161926 ], [ -78.027282969033763, 47.183277903552437 ], [ -77.855208650159057, 47.124730069736984 ], [ -77.920298403448498, 47.0407098796573 ], [ -77.84437302639401, 46.995954121585498 ], [ -78.015830503874611, 46.780545513964341 ], [ -78.379221606292049, 46.740946402854263 ], [ -78.437565587182064, 46.548217401312058 ], [ -77.811642485612197, 46.443547495520534 ], [ -77.593149413814331, 46.659795901759537 ], [ -77.697953536226692, 46.926483906407213 ], [ -77.389050534554485, 47.065569706776614 ], [ -77.41582522695262, 47.393433594484861 ], [ -77.063353783650143, 47.543949813133395 ], [ -76.892661961979911, 47.472275112306647 ], [ -76.812365696319773, 47.237943263370937 ], [ -76.661553819253299, 47.083601122793652 ], [ -75.590323517716115, 47.599949997994088 ], [ -75.371290061287255, 47.444025173822752 ], [ -74.932792379464729, 47.434536674228184 ], [ -74.681312640865656, 47.553187088913091 ], [ -74.525321292943261, 47.41455847419428 ], [ -73.951730665737614, 47.42369251499764 ], [ -73.523636986157953, 47.28131112380936 ], [ -73.575815806853939, 47.218642584687586 ], [ -73.99555829467954, 47.275203202765624 ], [ -74.293341463437741, 47.089236492370276 ], [ -74.428182898122202, 46.884023775776711 ], [ -74.216545483287405, 46.725266135723643 ], [ -74.472521096471382, 46.517645407909299 ], [ -74.288996719922636, 46.34385008161604 ], [ -74.405874870328944, 46.201023692389526 ], [ -75.023093759369488, 46.39688846083385 ], [ -75.933646975327633, 46.4174066093276 ], [ -76.360116955033391, 46.340201751509653 ], [ -76.635405881476231, 46.027016040657827 ], [ -77.007596172025671, 45.965132308409352 ], [ -76.839175031502464, 46.076980328479408 ], [ -76.801176550857122, 46.249229347856158 ], [ -76.647388319815093, 46.334366264791356 ], [ -76.749197580204111, 46.443135198630557 ], [ -77.13380817011091, 46.34962496661899 ], [ -77.269756283525624, 46.112218891388807 ], [ -77.70546765790607, 46.16934363260259 ], [ -78.021098967143587, 46.01790720155617 ], [ -78.051508221027518, 45.930768030420325 ], [ -77.853486907994352, 45.804027166220806 ], [ -77.813719636252188, 45.488954312591488 ], [ -77.627975114160165, 45.232912562364902 ], [ -77.428281327421303, 45.129795745277477 ], [ -77.441232344596983, 44.993901964404188 ], [ -77.776945533109824, 44.726990530388719 ], [ -78.727837136174855, 44.451473883912684 ], [ -78.984100289596654, 44.231320353351691 ], [ -79.593629956257416, 44.215768080432611 ], [ -79.932394794484139, 44.1271446960709 ], [ -79.944339293123846, 43.67985915217821 ], [ -79.878515557247113, 43.498305337721206 ], [ -79.279175536721596, 43.582814496391961 ], [ -78.598921567376408, 43.473255394820683 ], [ -79.210419391341816, 43.433916541215467 ], [ -79.365616786285614, 43.116136103198642 ], [ -79.570069107203494, 42.909924894518326 ], [ -79.745685226092291, 42.901143780960751 ], [ -80.190085921128343, 43.288618622551439 ], [ -80.935403973514553, 43.056261015733355 ], [ -81.527660799606167, 43.162451914324436 ], [ -81.907887320443422, 43.359274404090513 ], [ -82.081169775065007, 43.150686487791234 ], [ -82.200407499206676, 43.131085880708895 ], [ -82.389302002885074, 43.235943828444988 ], [ -82.811215012562741, 43.79419131018085 ], [ -82.974630529275487, 43.838876761953031 ], [ -83.67643880460713, 43.532677182605937 ], [ -84.300751868803673, 43.519557081194421 ], [ -84.909585094176691, 43.356541854523016 ], [ -85.017320967788407, 43.112259276944144 ], [ -85.237195698622543, 43.142332089054719 ], [ -85.26198455214535, 42.956413960036286 ], [ -85.485935439468903, 42.851359891745687 ], [ -86.0, 42.910701841037806 ] ], [ [ -85.50203877287106, 42.868688730400663 ], [ -85.525521457349328, 42.902500978437445 ], [ -85.580758009874216, 42.879269869408972 ], [ -85.565896641117035, 42.864066630570619 ], [ -85.50203877287106, 42.868688730400663 ] ], [ [ -84.55867346560791, 43.765379018426984 ], [ -84.600827398665501, 43.700121945371507 ], [ -84.449254399271069, 43.702227527178707 ], [ -84.48491977322891, 43.751050779469949 ], [ -84.55867346560791, 43.765379018426984 ] ], [ [ -82.870470395192569, 43.910443745582427 ], [ -82.885935111915842, 43.899944801011827 ], [ -82.861732795332216, 43.88899158189605 ], [ -82.854780308364525, 43.906020338367966 ], [ -82.870470395192569, 43.910443745582427 ] ], [ [ -83.854225037955075, 44.396587733337299 ], [ -84.042047174737263, 44.256278390035732 ], [ -84.045088951693742, 44.161236894067486 ], [ -83.678607037684628, 44.195075180175479 ], [ -83.639314966812208, 44.419297139351556 ], [ -83.854225037955075, 44.396587733337299 ] ], [ [ -83.326332978484118, 46.061182242966197 ], [ -83.14022233968916, 46.050017777598384 ], [ -83.103713666952103, 46.065397899593449 ], [ -83.38448836164855, 46.090509266189713 ], [ -83.326332978484118, 46.061182242966197 ] ], [ [ -78.1270496406284, 46.257397589627089 ], [ -78.12107102230982, 46.25265294277915 ], [ -78.11637906044524, 46.257341464736839 ], [ -78.121644953451778, 46.260552285459653 ], [ -78.1270496406284, 46.257397589627089 ] ], [ [ -78.322958684495632, 46.229938711902093 ], [ -78.344730991542008, 46.239649360229862 ], [ -78.377890078164512, 46.228934716863762 ], [ -78.357177907234586, 46.223058173396055 ], [ -78.322958684495632, 46.229938711902093 ] ], [ [ -74.962003766960265, 46.622657799817659 ], [ -75.33279363591754, 46.629695793426151 ], [ -75.330695412363355, 46.688499568900056 ], [ -75.409870060654725, 46.67449886393149 ], [ -75.361670702241099, 46.602973125909102 ], [ -74.963893218297358, 46.461600892767024 ], [ -74.748354901457503, 46.500885046008136 ], [ -74.962003766960265, 46.622657799817659 ] ], [ [ -74.563162188084448, 46.85571285426488 ], [ -74.480284540798891, 46.929055046553231 ], [ -74.552196705813287, 47.016267605065991 ], [ -74.641949993897072, 46.93426595860717 ], [ -74.563162188084448, 46.85571285426488 ] ], [ [ -78.466545208594482, 46.770912906105764 ], [ -78.506956485753165, 46.790757457890436 ], [ -78.519582005904795, 46.780498983041696 ], [ -78.505322953591417, 46.754949410087249 ], [ -78.466545208594482, 46.770912906105764 ] ], [ [ -77.927853825593559, 47.463485136829661 ], [ -77.949878574136847, 47.471270575876417 ], [ -77.958166398760284, 47.463664333941892 ], [ -77.948721259078809, 47.45686506806851 ], [ -77.927853825593559, 47.463485136829661 ] ] ] ] } },
{ "type": "Feature", "properties": { "PRODUCT": "7-day QPF", "VALID_TIME": "12Z 03/24/25 - 12Z 03/31/25", "QPF": 1.0, "UNITS": "Inches", "ISSUE_TIME": "2025-03-24 09:42:07", "START_TIME": "2025-03-24 12:00:00", "END_TIME": "2025-03-31 12:00:00", "InPoly_FID": 5, "fill": "deepskyblue", "color": "deepskyblue" }, "geometry": { "type": "MultiPolygon", "coordinates": [ [ [ [ -70.978019502697862, 47.049209821975751 ], [ -71.138748023202652, 46.946834625417694 ], [ -71.402085395824315, 46.972610504671081 ], [ -71.55274337011042, 46.868010528363243 ], [ -71.814420104104499, 46.86261219489694 ], [ -72.036072675913204, 46.758249445355659 ], [ -72.133169383560187, 46.821007007467472 ], [ -72.111741075290354, 47.020820665741212 ], [ -72.2257421496804, 47.189669907840027 ], [ -72.509229035091835, 47.263889168450419 ], [ -71.705274281482843, 47.462444606833174 ], [ -71.463271037428399, 47.363591442291295 ], [ -71.195659277053949, 47.370188796875539 ], [ -71.102012668249984, 47.207086218154473 ], [ -70.901499716938361, 47.243110873967737 ], [ -70.978019502697862, 47.049209821975751 ] ], [ [ -71.192871328349099, 47.279502883951011 ], [ -71.18082996283249, 47.283789292042229 ], [ -71.188227138471632, 47.297768255900337 ], [ -71.203183567367716, 47.293177277109692 ], [ -71.192871328349099, 47.279502883951011 ] ], [ [ -71.316514380634146, 47.221182667646076 ], [ -71.28347959650614, 47.1999058501749 ], [ -71.2252358342663, 47.239770666882805 ], [ -71.276177662668943, 47.250366258895781 ], [ -71.316514380634146, 47.221182667646076 ] ] ], [ [ [ -74.375082498058816, 39.738633035885925 ], [ -74.066663218332849, 40.049767994797151 ], [ -73.898967514139429, 40.503322766632436 ], [ -73.62200000039968, 40.851082730983308 ], [ -73.543736764639959, 41.133832971814229 ], [ -73.113930221902194, 41.418530987714973 ], [ -72.42073468096072, 41.60732537436661 ], [ -72.285127486144518, 41.755918261518616 ], [ -72.363542671357152, 42.006332193775791 ], [ -71.976642885960359, 42.240567166841345 ], [ -71.996811917635853, 42.438289414824681 ], [ -72.165303457088839, 42.657873119648798 ], [ -72.508842655763885, 42.695131130897039 ], [ -72.749430170865651, 42.343424652725616 ], [ -72.856326074988317, 42.341962597895645 ], [ -72.826098898745158, 42.2179684943506 ], [ -72.922164603813371, 42.114692061989103 ], [ -73.124072377538141, 42.201941872219663 ], [ -73.119813541761516, 42.457771990385083 ], [ -73.365862037103284, 42.455157813182609 ], [ -73.516478177625743, 42.593691088972605 ], [ -73.491192549396601, 42.775348102433043 ], [ -73.232706015570102, 42.771140351745885 ], [ -73.182810426060257, 42.86606227385488 ], [ -73.330466870749433, 43.014076642423163 ], [ -73.404805520858076, 43.302527288203862 ], [ -73.106083104651532, 43.577390289430355 ], [ -73.006139013904317, 43.434618936914433 ], [ -72.931283426289042, 43.484937679030736 ], [ -73.076304590284565, 43.846084096104221 ], [ -73.108077556334138, 44.226011302779455 ], [ -72.839491335556659, 44.585248468142368 ], [ -72.724460335076344, 44.564916108791465 ], [ -72.794457686073315, 44.334082572252953 ], [ -72.702688742091709, 43.773658632240142 ], [ -72.498929579036826, 43.714711846574517 ], [ -72.545082577798667, 43.616176666120282 ], [ -72.375350151987902, 43.311900084621243 ], [ -72.209204989618513, 43.546978663134837 ], [ -72.240101534857899, 43.367632133016571 ], [ -72.184276934532875, 43.330284994456974 ], [ -71.950933801153951, 43.547053870739603 ], [ -71.968899216825378, 43.747852047434094 ], [ -71.854049398261054, 44.085820946979197 ], [ -71.298056505203533, 44.342327677280537 ], [ -70.9140248763469, 44.325362413844402 ], [ -70.97354931005259, 44.094435502496481 ], [ -70.685915027456531, 43.931907335155472 ], [ -70.608524051343863, 43.777378698568157 ], [ -70.06938806870437, 43.991829849268186 ], [ -69.454142853409905, 44.047072934468417 ], [ -69.060826398919119, 44.355008497644121 ], [ -68.42197461033993, 44.422043805577232 ], [ -67.382870358580135, 44.942486088961914 ], [ -66.991062740752852, 45.236807936237312 ], [ -66.138418345330308, 45.566000716160204 ], [ -65.868700590359936, 45.50619102199812 ], [ -65.284623618085448, 45.811143934145321 ], [ -65.691533003345398, 45.812204098140683 ], [ -65.737372816802008, 45.943074338010319 ], [ -66.209651586051791, 45.884639441057402 ], [ -66.509708505343212, 46.01479983074762 ], [ -66.316776498036916, 46.479793755977084 ], [ -66.495537272726892, 46.630176114136418 ], [ -66.470720695803436, 46.803937515304142 ], [ -66.55933099502937, 46.856395295806294 ], [ -66.488428722807271, 47.021052564024671 ], [ -66.844195740740815, 47.076123306745274 ], [ -66.810831007944614, 47.270354373955229 ], [ -66.882079511060567, 47.466505936200065 ], [ -66.736178956693436, 47.580807659346078 ], [ -66.483203789423328, 47.549500027704141 ], [ -66.455135495106958, 47.797035510680303 ], [ -65.765935127603996, 47.955763924565531 ], [ -65.517200039849911, 47.772754792999365 ], [ -65.623298849662149, 47.501062576476784 ], [ -64.933185631611593, 47.660649217887169 ], [ -64.535210225771266, 47.566791810693587 ], [ -64.348486324883936, 47.562060947754617 ], [ -63.924195605742568, 47.731124663772277 ], [ -63.191036294789114, 47.744518005301757 ], [ -62.736209920251554, 47.905644544160452 ], [ -62.184972208700458, 47.897033700145187 ], [ -61.845430208737127, 47.723262665439734 ], [ -62.479337939294396, 45.975418555222177 ], [ -62.747966910244656, 45.928279601822226 ], [ -63.216296290541322, 45.989381587590231 ], [ -63.634951114002661, 45.836312842963366 ], [ -63.50656938007279, 45.765597373420121 ], [ -62.80682564149015, 45.741684011707832 ], [ -62.592538620660775, 45.617153733258249 ], [ -64.142749833238156, 40.867055843452476 ], [ -65.544331105434892, 36.0 ], [ -66.864704579205295, 36.0 ], [ -66.851927448892638, 36.104414684590097 ], [ -66.966678748525396, 36.182735498544503 ], [ -67.243496310817775, 36.0 ], [ -70.291787775773386, 36.0 ], [ -69.885528587674116, 36.212851156155978 ], [ -69.768268391772835, 36.407074315627199 ], [ -69.529898674084507, 36.563662513913926 ], [ -69.573131585853957, 36.720182015687499 ], [ -70.633587404035438, 36.229434898401905 ], [ -71.539431277462654, 36.0 ], [ -72.033412747075943, 36.0 ], [ -70.529465751942837, 36.857609995005305 ], [ -70.107253857979117, 37.244009596365856 ], [ -70.143116680790172, 37.320997494538801 ], [ -70.618198340081278, 37.171151310384744 ], [ -70.960441348589313, 36.946040272440655 ], [ -71.136437059622551, 36.976824534624598 ], [ -71.508302057294088, 36.843120019273499 ], [ -71.467152466413154, 36.946677613880809 ], [ -70.960675576116898, 37.18402386620852 ], [ -71.305532627828484, 37.137570596405965 ], [ -72.918953879318053, 36.145306450632233 ], [ -73.182251670977791, 36.083108507851421 ], [ -72.737314628367358, 36.377140897534446 ], [ -72.717511080272118, 36.493161271875238 ], [ -73.636834780700553, 36.00977502189977 ], [ -73.071524762857507, 36.484035071361518 ], [ -72.638004422965707, 36.597665621471322 ], [ -72.362738103680499, 36.794639014778738 ], [ -72.409682248636841, 36.847912349075727 ], [ -72.664197473434626, 36.804155994103894 ], [ -73.214045208119842, 36.510006360705063 ], [ -72.752427169678072, 36.923539327478011 ], [ -72.62341543637325, 36.994747105694444 ], [ -72.483468536044086, 36.920402845614888 ], [ -70.976553310087127, 37.885833619126288 ], [ -71.304087721271287, 37.84747969313338 ], [ -71.871225471778075, 37.484910631320645 ], [ -72.048087810004404, 37.484010902780994 ], [ -72.839374883244204, 37.15202459116199 ], [ -72.092224771555948, 37.725836318491361 ], [ -72.051963600239901, 37.854628537177291 ], [ -72.211113225994552, 37.96012589299562 ], [ -71.913262417426608, 38.330586967114868 ], [ -72.031402197053694, 38.474459124888767 ], [ -71.060769197140701, 39.534283980521309 ], [ -70.799026588706056, 40.005514402867448 ], [ -70.549510893912611, 40.257525913290294 ], [ -70.744334622444853, 40.430750270808403 ], [ -70.782210238611583, 40.626301272985415 ], [ -70.900204703084569, 40.682989547129921 ], [ -70.347033720729598, 41.12036079841215 ], [ -70.348919502832757, 41.278904145310094 ], [ -70.459589331882114, 41.34078945856669 ], [ -70.970745056639032, 41.288972623987434 ], [ -71.779025072648949, 40.773992605974058 ], [ -72.134672550897449, 40.72971425211108 ], [ -73.341159073332506, 40.051430547182065 ], [ -73.609175509741931, 40.031085881508261 ], [ -73.892151916577632, 39.840947883438105 ], [ -74.375082498058816, 39.738633035885925 ] ], [ [ -66.633193892084421, 47.338528809956642 ], [ -66.570103713915216, 47.391181500525875 ], [ -66.803918794416802, 47.352691829964044 ], [ -66.750341424517103, 47.31426364245317 ], [ -66.633193892084421, 47.338528809956642 ] ], [ [ -66.261386542754678, 46.397656285808978 ], [ -66.25777031574745, 46.395024049320455 ], [ -66.252187963004076, 46.397542660065767 ], [ -66.256927394683487, 46.40222492454069 ], [ -66.261386542754678, 46.397656285808978 ] ], [ [ -65.108769508006333, 45.893041040711523 ], [ -65.12993962001741, 45.893697891144825 ], [ -65.137590380191853, 45.892615847543368 ], [ -65.116195899021477, 45.891382920185663 ], [ -65.108769508006333, 45.893041040711523 ] ], [ [ -66.231957170387091, 45.47386967724384 ], [ -66.243505729905451, 45.448300983803392 ], [ -66.228749287749395, 45.440077088387 ], [ -66.220545705319978, 45.445883271595733 ], [ -66.231957170387091, 45.47386967724384 ] ], [ [ -63.433982030146524, 45.341946390613487 ], [ -63.445996871058696, 45.391091925751823 ], [ -63.525476923720987, 45.363518058012005 ], [ -63.489279360653939, 45.33272446805978 ], [ -63.433982030146524, 45.341946390613487 ] ], [ [ -63.826758891409668, 45.172315763561699 ], [ -63.79154133216673, 45.192108179848674 ], [ -63.805266407518673, 45.215016109405951 ], [ -63.855075093740538, 45.191458765010054 ], [ -63.826758891409668, 45.172315763561699 ] ], [ [ -71.610505634427454, 43.462221218734328 ], [ -71.568620296489428, 43.392456431519179 ], [ -71.682723239785673, 43.028346366091967 ], [ -71.425036050373365, 42.877998172277898 ], [ -71.32474560282725, 42.96636003109063 ], [ -71.263304044745837, 43.317103325458163 ], [ -71.404267047686062, 43.498259669248398 ], [ -71.165291328132241, 43.485001232321054 ], [ -71.059351549034716, 43.730769095117694 ], [ -71.287760739966131, 43.69660788674463 ], [ -71.42312786705736, 43.816555496139301 ], [ -71.610505634427454, 43.462221218734328 ] ], [ [ -72.33173497079224, 42.893383708191607 ], [ -72.387433372851831, 42.831984322018911 ], [ -72.376126392818719, 42.75705023438087 ], [ -72.219463799015045, 42.859496632063951 ], [ -72.33173497079224, 42.893383708191607 ] ], [ [ -72.55236959368176, 42.902949038667259 ], [ -72.501788248628714, 42.897358405865816 ], [ -72.475420247646298, 42.952043640701504 ], [ -72.521210691919862, 42.957249436512313 ], [ -72.55236959368176, 42.902949038667259 ] ], [ [ -73.160252170001627, 43.031472157713949 ], [ -73.156704831962372, 43.023294021601885 ], [ -73.156842665656484, 43.068341459490796 ], [ -73.165020551757038, 43.058185236659369 ], [ -73.160252170001627, 43.031472157713949 ] ], [ [ -72.721581988318064, 43.05199032509347 ], [ -72.686759344767893, 43.059148066130376 ], [ -72.759744451345341, 43.071101218946126 ], [ -72.752998713120064, 43.056460007823148 ], [ -72.721581988318064, 43.05199032509347 ] ], [ [ -72.620272554934445, 43.188787337365795 ], [ -72.585348383321218, 43.146000821181019 ], [ -72.433132883076041, 43.048050815192994 ], [ -72.446148001229233, 43.242466667902477 ], [ -72.615565235347276, 43.297011561734223 ], [ -72.620272554934445, 43.188787337365795 ] ], [ [ -72.806468229125414, 43.113899853495468 ], [ -72.792853856720058, 43.223565964497709 ], [ -72.829089551041932, 43.25458866033847 ], [ -72.854901610021273, 43.181476841982715 ], [ -72.806468229125414, 43.113899853495468 ] ], [ [ -71.697130739591898, 43.579990863487637 ], [ -71.698208407991615, 43.596457284675978 ], [ -71.728605154104514, 43.591858774063212 ], [ -71.711301697914962, 43.579704337685087 ], [ -71.697130739591898, 43.579990863487637 ] ], [ [ -71.671910621577865, 43.702750827388797 ], [ -71.617470330591232, 43.793506885634315 ], [ -71.63957881950688, 43.888230110631127 ], [ -71.752562084372641, 43.772340745928716 ], [ -71.671910621577865, 43.702750827388797 ] ], [ [ -71.558019644890635, 43.718139348152476 ], [ -71.553132452800412, 43.730072833694351 ], [ -71.55878765062954, 43.737570611094895 ], [ -71.56561095628058, 43.729865395171885 ], [ -71.558019644890635, 43.718139348152476 ] ], [ [ -71.615456905012138, 42.751355877371907 ], [ -71.613873924641894, 42.749782348876352 ], [ -71.612891457574676, 42.751246698776185 ], [ -71.613860721694891, 42.752197748027697 ], [ -71.615456905012138, 42.751355877371907 ] ], [ [ -70.744885726095333, 40.689188474168816 ], [ -70.769301772858512, 40.680347412702986 ], [ -70.780055908153599, 40.668301920197507 ], [ -70.743340507358482, 40.66287870608744 ], [ -70.744885726095333, 40.689188474168816 ] ], [ [ -65.301371400269886, 39.231708957702267 ], [ -65.293673155891383, 39.244291187188594 ], [ -65.301964263040247, 39.249172399686529 ], [ -65.30911522228962, 39.242213182192643 ], [ -65.301371400269886, 39.231708957702267 ] ], [ [ -65.852129180517238, 37.923887683270038 ], [ -65.422515877805495, 38.126299952380975 ], [ -64.966625759071462, 38.47069693881275 ], [ -64.931233812290543, 38.809280276763388 ], [ -64.796501213560134, 39.092900101758346 ], [ -64.842354582497933, 39.196480227980203 ], [ -65.088984094740113, 39.127387492438856 ], [ -65.782622978067934, 38.632793161775055 ], [ -66.097436354803904, 37.984936734043117 ], [ -66.018696494547555, 37.906380510851932 ], [ -65.852129180517238, 37.923887683270038 ] ], [ [ -64.746827202613247, 39.164926501357002 ], [ -64.771172341430372, 39.161487233049399 ], [ -64.778298169125151, 39.15339055483031 ], [ -64.744627354768568, 39.146896091681356 ], [ -64.746827202613247, 39.164926501357002 ] ], [ [ -71.180545783361197, 38.166675206295793 ], [ -71.153984381374073, 38.214744075778526 ], [ -71.228089894832749, 38.226463624296855 ], [ -71.407712207452391, 38.116274169017743 ], [ -71.529393852744079, 37.920524912194992 ], [ -71.180545783361197, 38.166675206295793 ] ], [ [ -71.053238045899036, 38.277273228077092 ], [ -71.046049544450852, 38.291732045897277 ], [ -71.052947345443613, 38.300764179123632 ], [ -71.062480286835751, 38.290425912825697 ], [ -71.053238045899036, 38.277273228077092 ] ], [ [ -70.184862674173019, 38.347817448716341 ], [ -70.182710268264202, 38.346264140577659 ], [ -70.178420091114276, 38.34818029368563 ], [ -70.181997122069504, 38.350580289249024 ], [ -70.184862674173019, 38.347817448716341 ] ], [ [ -70.108186633006653, 38.37695723488855 ], [ -69.996235558724038, 38.395014731244885 ], [ -69.982401520613621, 38.412582491888543 ], [ -70.058811664626603, 38.444245011298278 ], [ -70.108186633006653, 38.37695723488855 ] ], [ [ -68.32119909546185, 38.469061670959377 ], [ -67.729181574470033, 38.750222209887113 ], [ -67.573241443837503, 38.877325778761758 ], [ -67.778824672120891, 38.861402659605119 ], [ -68.32119909546185, 38.469061670959377 ] ], [ [ -65.584196345085218, 38.88068418722554 ], [ -65.581200540572468, 38.880400988015253 ], [ -65.583390677537693, 38.885588386394943 ], [ -65.583833814878631, 38.884146961113402 ], [ -65.584196345085218, 38.88068418722554 ] ], [ [ -65.566567167041114, 38.99289548933541 ], [ -65.554058101899841, 38.959425390169656 ], [ -65.549354737531075, 39.026596600053097 ], [ -65.563512006373969, 39.020015719250068 ], [ -65.566567167041114, 38.99289548933541 ] ], [ [ -65.513170234418737, 39.048940007175645 ], [ -65.529634825486767, 39.057979371850593 ], [ -65.535851214661761, 39.04155154147054 ], [ -65.526365484079804, 39.039116189060906 ], [ -65.513170234418737, 39.048940007175645 ] ], [ [ -71.88456937217876, 37.698100433388333 ], [ -71.801634996557823, 37.754623514663535 ], [ -71.76261777828779, 37.80627520403749 ], [ -71.943788449177532, 37.696997595662538 ], [ -71.88456937217876, 37.698100433388333 ] ], [ [ -70.649587395441927, 37.802994527575436 ], [ -70.633899385148482, 37.843099974983886 ], [ -70.774506981412003, 37.746677069091504 ], [ -70.685381888663187, 37.774623258856366 ], [ -70.649587395441927, 37.802994527575436 ] ], [ [ -70.813963873733769, 37.730959107776641 ], [ -70.826062447823688, 37.73634713950895 ], [ -70.837839665368222, 37.729601771804369 ], [ -70.829838595874435, 37.725132398441474 ], [ -70.813963873733769, 37.730959107776641 ] ], [ [ -71.172268990721307, 37.368873764312809 ], [ -71.235010645624754, 37.376746689408265 ], [ -71.273919465011261, 37.365204161642794 ], [ -71.231487293403802, 37.356799582534734 ], [ -71.172268990721307, 37.368873764312809 ] ], [ [ -70.588506732599569, 37.265930108088071 ], [ -70.505913614621591, 37.361650724401443 ], [ -70.805027170267635, 37.246439572628219 ], [ -70.720479532304523, 37.221090189660572 ], [ -70.588506732599569, 37.265930108088071 ] ], [ [ -71.475932261564594, 37.087861912996914 ], [ -71.501320980878518, 37.094150103144784 ], [ -71.508180689287315, 37.082526224505727 ], [ -71.493963541784012, 37.070966334428817 ], [ -71.475932261564594, 37.087861912996914 ] ], [ [ -72.212565276766043, 36.916962482832389 ], [ -72.204892249377792, 36.910830149691719 ], [ -72.193487295402349, 36.917543332458877 ], [ -72.202737780424172, 36.924411427045754 ], [ -72.212565276766043, 36.916962482832389 ] ], [ [ -72.301543190066127, 36.847742546281552 ], [ -72.315162842391203, 36.831785498402098 ], [ -72.283963224722982, 36.82991552458185 ], [ -72.286713705872785, 36.861383699598093 ], [ -72.301543190066127, 36.847742546281552 ] ], [ [ -70.128304580491942, 36.636819205741801 ], [ -70.126759803322216, 36.636279297751457 ], [ -70.127116481640257, 36.638396236197423 ], [ -70.127488445735139, 36.638313303416282 ], [ -70.128304580491942, 36.636819205741801 ] ], [ [ -70.293742484528025, 36.565945488793318 ], [ -70.319542443129194, 36.541305928126121 ], [ -70.175633194616182, 36.617851246537839 ], [ -70.187807077034961, 36.621800382781487 ], [ -70.293742484528025, 36.565945488793318 ] ], [ [ -66.719951009631359, 36.350877895098847 ], [ -66.697513877863116, 36.464852887350901 ], [ -66.833416769768064, 36.409788342757849 ], [ -66.795659265162897, 36.341564404473729 ], [ -66.719951009631359, 36.350877895098847 ] ], [ [ -66.882366166365443, 36.370710493094805 ], [ -66.926425685496952, 36.383907991960314 ], [ -66.902842439726783, 36.319278358809242 ], [ -66.865572228275653, 36.329826151855457 ], [ -66.882366166365443, 36.370710493094805 ] ], [ [ -67.309045537921179, 36.234328222069848 ], [ -67.442403359227626, 36.179887452643868 ], [ -67.473259533000999, 36.084657765443581 ], [ -67.401885382904084, 36.054918400363931 ], [ -67.309045537921179, 36.234328222069848 ] ], [ [ -67.530882880840238, 36.017922409291828 ], [ -67.490594811701158, 36.039977922742992 ], [ -67.554742617777549, 36.119541478356609 ], [ -67.613102396158638, 36.050334575680154 ], [ -67.530882880840238, 36.017922409291828 ] ], [ [ -64.634458358166683, 47.603810329782959 ], [ -64.627148145170736, 47.601915877315946 ], [ -64.624566613358468, 47.608340627717837 ], [ -64.629633420745733, 47.608955524777684 ], [ -64.634458358166683, 47.603810329782959 ] ] ], [ [ [ -86.0, 36.0 ], [ -86.0, 47.778936152167731 ], [ -85.651277050395549, 47.887012187662378 ], [ -85.611688600202811, 48.0 ], [ -74.826715354512203, 48.0 ], [ -74.697327970209642, 47.869396417610631 ], [ -74.316421976492961, 47.76735217876012 ], [ -74.162392930389387, 47.552987972716835 ], [ -73.423453196407877, 47.27854220925559 ], [ -73.369053543086522, 47.150730024071379 ], [ -73.435429272942542, 47.088867568883245 ], [ -73.886613967860285, 47.145056846096622 ], [ -73.860581955392888, 46.947011654264486 ], [ -74.01290575559608, 46.609516531063093 ], [ -73.932362629631598, 46.522080686174775 ], [ -74.103440878293839, 46.31091355291818 ], [ -73.858858666394326, 46.274980074870598 ], [ -73.833188853183003, 46.149362507074102 ], [ -74.24315545765819, 46.058093313655547 ], [ -74.052353929889932, 45.873215659774928 ], [ -74.17087892871956, 45.708576794383589 ], [ -74.563395510894054, 45.714312998646051 ], [ -74.391967846838611, 45.9732678139585 ], [ -74.640228047586277, 46.140368147172296 ], [ -75.51749728177407, 46.263424759644977 ], [ -75.996839368641929, 46.160861305305048 ], [ -76.410745668277912, 45.87120639805687 ], [ -76.746761958897252, 45.821795038610219 ], [ -77.255656798822145, 45.553448114838659 ], [ -77.20288263322692, 45.279868064859386 ], [ -77.093249297117325, 45.136486995378561 ], [ -75.806035904633234, 44.738873411079112 ], [ -75.837777912420677, 44.662155358982659 ], [ -76.083508393997135, 44.600490319372796 ], [ -76.182667661683183, 44.396080875432119 ], [ -76.19388334703882, 44.317589263134039 ], [ -76.045225252743194, 44.219421516889554 ], [ -75.415916602968821, 44.358000960276172 ], [ -74.925337490732545, 44.628979044947016 ], [ -73.985068160766957, 44.850343464079629 ], [ -73.886902337273, 44.690238849143611 ], [ -74.180370222507747, 44.448964286172895 ], [ -74.183489431092312, 44.33746651786555 ], [ -73.80302122554906, 44.176133480275951 ], [ -73.653946415094936, 44.312208832471697 ], [ -73.636896894176289, 44.191472015820921 ], [ -73.4666321866261, 44.06213248952281 ], [ -73.559311402798983, 43.677005399179905 ], [ -73.706708146663573, 43.881877058679379 ], [ -73.985547954474498, 43.637934512967433 ], [ -73.800226433902765, 43.53400725293244 ], [ -73.795432132786686, 43.4128036827438 ], [ -73.990014854701769, 43.302730117700833 ], [ -73.805313558773662, 43.138685986569101 ], [ -74.076898525746344, 42.794713798503039 ], [ -74.477599887324914, 42.609312828224517 ], [ -75.328674789509876, 42.590440567678115 ], [ -75.500828297288024, 42.690189432696229 ], [ -75.645210863490547, 42.530286267697136 ], [ -75.887959585266628, 42.520144864793735 ], [ -76.297213977043384, 42.646194700724891 ], [ -76.54681550762956, 42.864595515570613 ], [ -76.664527148808816, 43.084756048253098 ], [ -77.763251818016954, 43.205283438879633 ], [ -78.362116927254363, 42.233779488732466 ], [ -78.633552843289067, 42.096281056525584 ], [ -78.778755431118213, 41.869345767193465 ], [ -78.95873644373188, 41.895538440846394 ], [ -78.952315334684897, 41.76341218982077 ], [ -79.336954311692068, 41.847644041639285 ], [ -79.905691590994081, 41.543188652434424 ], [ -80.248618761446664, 41.586557357336233 ], [ -80.458025647165869, 41.697109256487067 ], [ -80.908917315981284, 41.53632334754451 ], [ -81.098362642721725, 41.22089566460329 ], [ -81.439309475451864, 41.046596949089974 ], [ -81.594856483639774, 40.827301584000963 ], [ -81.594179118771251, 40.631432202034546 ], [ -81.397854550347176, 40.620843821685071 ], [ -81.340457210232046, 40.399202915881915 ], [ -81.775339239714128, 40.354475169893249 ], [ -81.846902570297345, 40.193666159165957 ], [ -82.17409603410465, 40.16409301937739 ], [ -82.328363048915548, 40.073740673093653 ], [ -82.444770620068027, 39.790927312445547 ], [ -82.284167887737794, 39.515499802274121 ], [ -82.379609741196589, 39.236536260340188 ], [ -82.625152043232163, 38.941288268738674 ], [ -82.661697565690076, 38.741914513843767 ], [ -82.563282388971061, 38.562043584543858 ], [ -82.671976906608904, 38.331432883820582 ], [ -83.002507845360753, 38.20910677895472 ], [ -83.081567496442744, 37.951523279575724 ], [ -83.258373329365611, 37.890045421259231 ], [ -83.588092187504401, 37.58901103692989 ], [ -83.866355389589501, 37.483116720360385 ], [ -84.361406665784955, 36.993505914466425 ], [ -84.517487804718371, 36.974663821678064 ], [ -84.67070130152382, 37.062848577899615 ], [ -85.002225028861972, 36.966551681415012 ], [ -85.220652765812474, 36.466695510989098 ], [ -85.238793842461803, 36.250222369566757 ], [ -84.996915255234796, 36.086331249087948 ], [ -84.641156716884211, 36.0 ], [ -86.0, 36.0 ] ], [ [ -85.153997458315985, 47.898316258388661 ], [ -85.030148947815633, 47.809322402806686 ], [ -84.956541810755937, 47.903583523760688 ], [ -85.096654754713143, 47.94239117481294 ], [ -85.153997458315985, 47.898316258388661 ] ], [ [ -83.324585641614021, 46.092479188863535 ], [ -83.36580233001348, 46.088168368675326 ], [ -83.261540183132922, 46.089010925513833 ], [ -83.274744862185628, 46.093449001570207 ], [ -83.324585641614021, 46.092479188863535 ] ], [ [ -83.121449733918041, 46.069109782990154 ], [ -83.141839267668047, 46.068738493386832 ], [ -83.149426226339244, 46.061711230488925 ], [ -83.106907536353674, 46.060435421657417 ], [ -83.121449733918041, 46.069109782990154 ] ], [ [ -77.351344326379547, 44.477989935786979 ], [ -77.361781032468627, 44.471472091164117 ], [ -77.388238875723516, 44.463086487751241 ], [ -77.336594087746903, 44.46512345488361 ], [ -77.335302653194844, 44.511985873948959 ], [ -77.351344326379547, 44.477989935786979 ] ], [ [ -77.528340183352725, 44.476127054020367 ], [ -77.513480097028832, 44.453767199196932 ], [ -77.49492082033953, 44.462819509612757 ], [ -77.502771654488242, 44.495776102185403 ], [ -77.528340183352725, 44.476127054020367 ] ], [ [ -78.190646066962358, 43.887217193418792 ], [ -78.003656745562296, 44.20899523843957 ], [ -77.785309522216664, 43.985450482254009 ], [ -77.449296372929211, 43.850010491191256 ], [ -77.245231140904366, 44.071785484112866 ], [ -77.547237498111997, 44.42620441110472 ], [ -77.684054572460525, 44.318895094932714 ], [ -77.719299944137049, 44.478138768189638 ], [ -77.994729071289555, 44.501106957719969 ], [ -78.533459564007615, 44.319677675084677 ], [ -78.561906217497892, 44.096627249248229 ], [ -79.50145893168434, 43.966637194750774 ], [ -79.074876894652903, 43.858792173120321 ], [ -78.190646066962358, 43.887217193418792 ] ], [ [ -77.621149585385012, 43.845449540763752 ], [ -77.616868930256885, 43.843932711825232 ], [ -77.613999039823796, 43.845340420623984 ], [ -77.617601399285093, 43.848034106888576 ], [ -77.621149585385012, 43.845449540763752 ] ], [ [ -74.212912632312111, 43.700604319234003 ], [ -74.157246003300372, 43.778590493656395 ], [ -74.194687585063946, 43.846739228832405 ], [ -74.305816525212435, 43.757704825517351 ], [ -74.212912632312111, 43.700604319234003 ] ], [ [ -82.814341386945387, 43.287109347018827 ], [ -82.761210349677867, 43.360110396777429 ], [ -82.912594168585997, 43.412884755726964 ], [ -82.926218496486399, 43.304046485956633 ], [ -82.814341386945387, 43.287109347018827 ] ], [ [ -74.12781678381748, 43.238140673453358 ], [ -74.187242680605209, 43.183443303165973 ], [ -74.171887759412527, 43.131541243433674 ], [ -74.063820362419733, 43.271851055282013 ], [ -74.12781678381748, 43.238140673453358 ] ], [ [ -83.015121299308475, 42.81460329930286 ], [ -82.647505660357922, 42.903398764441476 ], [ -82.629578607067003, 43.065571094330608 ], [ -82.744416727250098, 43.22955467770629 ], [ -82.961925901159361, 43.184614474078785 ], [ -83.151116804297033, 42.988582448821035 ], [ -83.279331742765692, 43.068657909335116 ], [ -83.419945493089983, 43.015983439883883 ], [ -83.183677984751171, 42.917624623677511 ], [ -83.395296087544352, 42.691528672510287 ], [ -83.015121299308475, 42.81460329930286 ] ], [ [ -82.566359274560853, 42.862033737367142 ], [ -82.528311815937514, 42.888755421025905 ], [ -82.553824243294173, 42.929889563352731 ], [ -82.579190028097287, 42.897558775716959 ], [ -82.566359274560853, 42.862033737367142 ] ], [ [ -83.170793184657725, 42.681517065160506 ], [ -83.18879563980687, 42.677832858399768 ], [ -83.199728983006139, 42.666781311908096 ], [ -83.170382814115555, 42.658125168142021 ], [ -83.170793184657725, 42.681517065160506 ] ], [ [ -83.995649657505624, 42.74982555320679 ], [ -84.132645160046081, 42.647217670559087 ], [ -84.108303398183239, 42.533824879614542 ], [ -83.947952341127575, 42.569502781128506 ], [ -83.775622676845046, 42.780876996776044 ], [ -83.939548856494469, 42.867078160628637 ], [ -83.995649657505624, 42.74982555320679 ] ], [ [ -78.968500365199645, 42.489683696645329 ], [ -79.102302300510701, 42.595946782917736 ], [ -79.179973624083459, 42.545180231482561 ], [ -79.150467154635464, 42.491108020418835 ], [ -78.968500365199645, 42.489683696645329 ] ], [ [ -79.409301226070681, 42.483823728582252 ], [ -79.419792380713773, 42.472442969967119 ], [ -79.409539049987131, 42.460326506563092 ], [ -79.393482610833757, 42.47085945719823 ], [ -79.409301226070681, 42.483823728582252 ] ], [ [ -84.275163607914124, 42.325359385327431 ], [ -84.262579837889177, 42.551789145053078 ], [ -84.443215118982494, 42.610465953341134 ], [ -84.520611591751504, 42.441533039218427 ], [ -84.36261796984337, 42.295415571971148 ], [ -84.275163607914124, 42.325359385327431 ] ], [ [ -84.10815461344464, 42.384984686993789 ], [ -84.079809119295362, 42.37766814546859 ], [ -84.091317646392213, 42.41184052432078 ], [ -84.103837592430921, 42.405447686361697 ], [ -84.10815461344464, 42.384984686993789 ] ], [ [ -79.057400402606447, 42.286326462196541 ], [ -79.074824963301353, 42.297959402404558 ], [ -79.075604848185151, 42.260157571115087 ], [ -79.049976124998125, 42.270075499684594 ], [ -79.057400402606447, 42.286326462196541 ] ], [ [ -83.690089708373307, 42.516154651116324 ], [ -83.730284930605023, 42.578216065119364 ], [ -83.780575715496809, 42.537813086904464 ], [ -83.746043526887206, 42.506385215005707 ], [ -83.690089708373307, 42.516154651116324 ] ], [ [ -79.298581896537257, 42.486128169379583 ], [ -79.290085002920534, 42.500529426991534 ], [ -79.297772256684254, 42.50960618277918 ], [ -79.307269593017281, 42.49757977388748 ], [ -79.298581896537257, 42.486128169379583 ] ], [ [ -84.04060552642386, 42.947479961730892 ], [ -84.038927872623162, 42.945368269030439 ], [ -84.034314671584809, 42.947596650565004 ], [ -84.038551592681813, 42.948105665044466 ], [ -84.04060552642386, 42.947479961730892 ] ], [ [ -83.788336052666637, 42.975640194639311 ], [ -83.788306868766938, 42.973925624567983 ], [ -83.786871889825818, 42.970754430672514 ], [ -83.785925650148613, 42.975481821329026 ], [ -83.788336052666637, 42.975640194639311 ] ], [ [ -79.104210424471489, 42.24637286351691 ], [ -79.1020360858966, 42.23647999725415 ], [ -79.094360052974025, 42.239243304534909 ], [ -79.09508873495713, 42.249216290499476 ], [ -79.104210424471489, 42.24637286351691 ] ], [ [ -79.048268414955373, 42.19061137041848 ], [ -79.045272906319553, 42.190581530013674 ], [ -79.046768374560827, 42.195439441976703 ], [ -79.048609537699974, 42.19290652931295 ], [ -79.048268414955373, 42.19061137041848 ] ], [ [ -84.7081528819499, 40.932194890381936 ], [ -84.318699816043647, 40.787657714531974 ], [ -83.722927553563693, 40.722136509692234 ], [ -83.329166061464548, 40.790050176474494 ], [ -83.195555458717422, 40.886552817158815 ], [ -82.553071131227682, 40.926389739594867 ], [ -82.316673274252139, 40.753339682380499 ], [ -81.954234402795407, 40.741562379400364 ], [ -81.843014406289797, 40.876692079176166 ], [ -82.069284006651571, 41.055799044290495 ], [ -82.006696928120675, 41.211032819509057 ], [ -82.061517813995863, 41.274255698941431 ], [ -82.360644586978083, 41.246958245027031 ], [ -83.52087567067565, 41.41706370692458 ], [ -83.938303952865112, 41.254236942181194 ], [ -84.502335170731499, 41.333746962952034 ], [ -85.03764942857822, 41.29767420599984 ], [ -85.243929839190685, 41.135478327362989 ], [ -85.086171343232877, 41.109182897173014 ], [ -84.971976818375424, 40.920172942127635 ], [ -84.7081528819499, 40.932194890381936 ] ], [ [ -81.645550320390953, 40.874930783029242 ], [ -81.676975822576139, 40.925762957094832 ], [ -81.73432607778625, 40.876509661591683 ], [ -81.70745480179761, 40.859412883997436 ], [ -81.645550320390953, 40.874930783029242 ] ], [ [ -85.728357901595871, 41.05466686708229 ], [ -85.826915193681202, 41.129898077234543 ], [ -85.973546124354129, 41.033822283571567 ], [ -85.734907178423498, 40.932323108524713 ], [ -85.663514078711728, 40.97816461810271 ], [ -85.728357901595871, 41.05466686708229 ] ], [ [ -85.919828747098961, 41.209357703595174 ], [ -85.914505267803804, 41.211329501355465 ], [ -85.9176278686312, 41.236124114136601 ], [ -85.920626425968749, 41.23060017595742 ], [ -85.919828747098961, 41.209357703595174 ] ], [ [ -85.791032355558741, 41.224940416766856 ], [ -85.725846767814062, 41.269553336417403 ], [ -85.721498498057201, 41.290536757265613 ], [ -85.813528695992488, 41.282374673152674 ], [ -85.791032355558741, 41.224940416766856 ] ], [ [ -83.03486681505143, 39.612903210215052 ], [ -82.932933596608166, 39.592199280672332 ], [ -82.941890200272496, 39.753816512122398 ], [ -83.193417221627442, 39.806141076949189 ], [ -83.172397007715688, 39.696534592797263 ], [ -83.03486681505143, 39.612903210215052 ] ], [ [ -82.72310964489418, 39.69416841354149 ], [ -82.720069341926546, 39.692913577799402 ], [ -82.716041622922546, 39.694518356836738 ], [ -82.719569616544504, 39.696872021126921 ], [ -82.72310964489418, 39.69416841354149 ] ], [ [ -74.283087640781957, 42.914775520174146 ], [ -74.215472266531833, 42.887065513962341 ], [ -74.115066527698048, 42.91790276959722 ], [ -74.233182966320783, 42.960963096969408 ], [ -74.283087640781957, 42.914775520174146 ] ] ] ] } },
{ "type": "Feature", "properties": { "PRODUCT": "7-day QPF", "VALID_TIME": "12Z 03/24/25 - 12Z 03/31/25", "QPF": 0.75, "UNITS": "Inches", "ISSUE_TIME": "2025-03-24 09:42:07", "START_TIME": "2025-03-24 12:00:00", "END_TIME": "2025-03-31 12:00:00", "InPoly_FID": 4, "fill": "dodgerblue", "color": "dodgerblue" }, "geometry": { "type": "MultiPolygon", "coordinates": [ [ [ [ -86.0, 36.0 ], [ -86.0, 48.0 ], [ -72.10822564392204, 48.0 ], [ -72.055069947561691, 47.907865348804663 ], [ -71.859015102953336, 47.992908412239821 ], [ -70.670245211789293, 48.0 ], [ -71.025280766715881, 47.582736285643065 ], [ -70.611813729478257, 47.408243352812555 ], [ -70.546083762121569, 47.260369551065388 ], [ -70.843962785077679, 47.014495822320583 ], [ -70.97108924055641, 46.771201183206827 ], [ -71.868417174142991, 46.391182984370857 ], [ -72.284641202671608, 46.390987882931178 ], [ -72.708179954446607, 46.179790918600531 ], [ -73.479563604296487, 46.042480078793922 ], [ -73.710516814176245, 45.747281119942116 ], [ -73.558059521737334, 45.598161767283926 ], [ -73.725791797514489, 45.601258671168338 ], [ -73.674259259980445, 45.308643952290531 ], [ -73.794859340016544, 45.308861091849593 ], [ -73.874723462252859, 45.462985210440081 ], [ -74.111125671056755, 45.368498028863215 ], [ -74.424721262074343, 45.399657021273711 ], [ -74.630584316052719, 45.134202993904267 ], [ -74.653568647195769, 44.98207850222898 ], [ -74.576660384824493, 44.87344994975075 ], [ -74.084180013681049, 44.992957952986515 ], [ -74.324032213236251, 44.998707781516757 ], [ -74.262725316040388, 45.074438190823635 ], [ -73.734797559099846, 45.120896969772787 ], [ -73.563852693143048, 45.221588293616918 ], [ -73.393717786840028, 45.182750231188997 ], [ -73.457712471127905, 44.993463820480684 ], [ -73.781855373757978, 45.080690337495511 ], [ -73.922261319520473, 45.016234204132438 ], [ -73.59693745368736, 44.832351364515645 ], [ -73.514850507021862, 44.686915851044738 ], [ -73.796375270455755, 44.572549376269762 ], [ -73.795330010853348, 44.306320744399088 ], [ -73.533735141607963, 44.423330140507183 ], [ -73.524830834316319, 44.311770163587347 ], [ -73.439474112491141, 44.31025012339164 ], [ -72.794417046292367, 44.65898278603666 ], [ -72.639821918230567, 45.031027946577751 ], [ -72.767059887478638, 45.07871463050224 ], [ -72.675022235309086, 45.335412664600206 ], [ -72.473455910366923, 45.425507486955574 ], [ -72.339513211256019, 45.238525757481234 ], [ -72.46562959578452, 45.04363647716643 ], [ -72.474733625909408, 44.85704558272969 ], [ -72.700710300549957, 44.640591137667371 ], [ -72.653771932307762, 44.497292367543878 ], [ -72.458639572115061, 44.418135963931469 ], [ -72.628771632804472, 44.242667717642483 ], [ -72.545449265796805, 44.199151524176798 ], [ -72.393858125874118, 44.426926998869533 ], [ -72.160269326765615, 44.533728788778959 ], [ -72.118837037622058, 43.895065584857356 ], [ -71.814407383061337, 44.332922611521909 ], [ -71.685618986699879, 44.228788527760742 ], [ -71.088514275043394, 44.386853908257976 ], [ -70.758848401797081, 44.809821041940538 ], [ -70.312260294810045, 45.053952682896877 ], [ -70.109338090832679, 45.0805164219692 ], [ -70.227151623350437, 44.854385498367492 ], [ -70.016095800628065, 44.764081780567352 ], [ -70.258931893287667, 44.501874153613088 ], [ -70.110374521038395, 44.425392251280918 ], [ -70.022626617651255, 44.63100787248073 ], [ -69.936010855145511, 44.637849038976178 ], [ -69.857384522900176, 44.279488602954416 ], [ -69.671580145298265, 44.3242426901367 ], [ -69.120003937663043, 44.71303407489404 ], [ -68.757803044381916, 44.661492387334633 ], [ -68.33542389728332, 44.811893740935759 ], [ -68.102302824348413, 45.453054880527915 ], [ -67.549845206564513, 45.863699685792469 ], [ -67.318762159237281, 45.943252434638708 ], [ -67.434796552259854, 46.039722516075535 ], [ -67.44833399323376, 46.171272482829878 ], [ -67.016949988692943, 46.889767476607481 ], [ -67.481785080382181, 47.278006621732949 ], [ -67.504893356667694, 47.455100961042035 ], [ -67.889320487165293, 47.489208276921971 ], [ -67.976556195911797, 47.731293516950927 ], [ -68.293462204749659, 47.787912114745168 ], [ -68.297384398822444, 48.0 ], [ -61.726336787113773, 48.0 ], [ -63.547219600932955, 42.747917861349265 ], [ -65.538673838221939, 36.0 ], [ -73.994710106104264, 36.0 ], [ -73.350202089241805, 36.58615472956884 ], [ -73.216142346900796, 36.766564189589474 ], [ -73.197701218439846, 36.959684380376018 ], [ -72.643309349293858, 37.439739685684025 ], [ -72.680059623249193, 37.750351210138454 ], [ -72.502765362775619, 38.027817124675714 ], [ -72.498650245233591, 38.265211928775571 ], [ -72.146782242186134, 38.804136585042016 ], [ -72.151446337802568, 38.95846203490332 ], [ -72.356151107060469, 39.075162057783203 ], [ -72.491504395838689, 39.298077914338293 ], [ -72.382365819226166, 39.54490989407622 ], [ -72.410753538189567, 39.684100801096442 ], [ -72.598795071391152, 39.694016164275773 ], [ -72.578231965952298, 39.84765317245553 ], [ -72.737778263839232, 39.917630898995817 ], [ -73.147871079936692, 39.756992073591611 ], [ -73.793152807771122, 39.277911275537136 ], [ -74.652997001308336, 38.861570135815789 ], [ -75.964755025689442, 37.884082639724639 ], [ -76.639926960628969, 37.579202075087402 ], [ -76.79264787044967, 37.581497375005725 ], [ -76.789356629250122, 37.693054688498592 ], [ -76.150454317180078, 38.425545082085414 ], [ -76.139963404615088, 38.651826084234301 ], [ -75.988466539585119, 38.866107060028426 ], [ -75.342441060876723, 39.380680233493017 ], [ -74.981211412286029, 39.807233783121518 ], [ -74.336497186652451, 40.257143003149068 ], [ -74.125303037943425, 40.730182254109486 ], [ -73.540314224354589, 41.392975905095447 ], [ -73.263234104194922, 41.51863928332525 ], [ -73.444150626363921, 41.721303674527583 ], [ -73.308093096234899, 41.993301572646651 ], [ -73.337038629515078, 42.174884799470462 ], [ -73.723972780104205, 42.429989317019903 ], [ -74.363289673301793, 42.415199393284183 ], [ -74.467822621808054, 42.486524057228905 ], [ -74.502428267471885, 42.368181216379327 ], [ -74.410023867843094, 42.247616060939478 ], [ -74.282491186714665, 42.229058421922353 ], [ -74.305532339577582, 42.352577383032433 ], [ -74.231762977168088, 42.376924766649459 ], [ -74.070830999657275, 42.284696607635972 ], [ -74.05138453599362, 42.128777037137858 ], [ -74.397039159387134, 41.830383768669897 ], [ -74.785280675416629, 41.804847552780814 ], [ -74.992933289265807, 41.887376716607548 ], [ -74.909552770100646, 42.09101282054835 ], [ -75.473014503158126, 42.169405526129928 ], [ -75.268518611400793, 42.353151275073976 ], [ -75.414163925715584, 42.371559230067817 ], [ -75.699677715349566, 42.210399601356336 ], [ -75.938610937374776, 42.314455390294789 ], [ -76.253686214292983, 42.285939592491559 ], [ -76.628296124714637, 42.560928668641985 ], [ -76.749916505914214, 42.763294505233127 ], [ -77.017972740946888, 42.833028259568344 ], [ -77.254824108062536, 42.732210237381295 ], [ -77.214187244972862, 42.502490119301406 ], [ -77.654910358764937, 42.32712374971868 ], [ -77.733304531424722, 42.114182156248475 ], [ -77.974210677162247, 42.1428458397261 ], [ -77.918268450686355, 41.932453158282108 ], [ -77.996528751690164, 41.799985767741212 ], [ -78.170674371619896, 41.711455377556319 ], [ -78.287138556116872, 41.774226821370789 ], [ -78.8444091425458, 41.270205986720391 ], [ -79.286111187489794, 41.169743000506173 ], [ -79.740621239087091, 41.17111413902461 ], [ -79.788675688239465, 41.085166760893948 ], [ -79.666067384812408, 40.946206176206161 ], [ -79.751573794188786, 40.823742879607323 ], [ -80.352505816643131, 40.80208438543324 ], [ -80.476090284580565, 40.57993824661088 ], [ -80.646707319096194, 40.548766744943826 ], [ -80.623235337045784, 40.409602623030196 ], [ -80.983683097758274, 40.109371425804 ], [ -81.086605336805476, 39.812616299247281 ], [ -81.359075738884016, 39.843056733069297 ], [ -81.422221511011657, 39.650215330898412 ], [ -81.066553027294759, 39.590110600636834 ], [ -80.973104065647391, 39.43261640538153 ], [ -80.775582410505493, 39.321329672981626 ], [ -80.866441921831992, 39.189079547962727 ], [ -80.250665699552769, 39.117760341665118 ], [ -80.104979872655719, 39.206961282798048 ], [ -79.98841889005017, 39.167250181723411 ], [ -80.063834900918678, 38.948579741332388 ], [ -80.253994363846758, 38.948505080096936 ], [ -80.039043760187269, 38.750652805753198 ], [ -80.220189936211781, 38.228435742380988 ], [ -80.579988185494813, 37.923066663993595 ], [ -80.903535756235669, 37.815913312667028 ], [ -81.261237327303093, 37.843150615453283 ], [ -81.515817846299868, 37.692795324954091 ], [ -81.851739212027283, 37.727983818169562 ], [ -82.730328233550296, 37.555687686345053 ], [ -83.225040234231983, 37.252955212128057 ], [ -83.271891398232114, 37.107504102899647 ], [ -83.477021155480415, 36.988333929261472 ], [ -83.356214071584816, 36.769668232486097 ], [ -83.428453072271225, 36.647441894222801 ], [ -83.898950621488837, 36.817210214881761 ], [ -84.211425831192614, 36.645208442742785 ], [ -84.158214588887787, 36.0 ], [ -86.0, 36.0 ] ], [ [ -73.693196086239567, 47.502405972594055 ], [ -73.234535451793008, 47.229955649880431 ], [ -73.230934796149768, 47.373351173771155 ], [ -73.049151527214335, 47.427912586976724 ], [ -72.889907493602578, 47.629256726165671 ], [ -72.864291014537415, 47.343774219851198 ], [ -73.121453512992659, 47.181603445052907 ], [ -72.914679390039353, 47.030286604565688 ], [ -72.696670969825206, 47.509512569182256 ], [ -72.472986865405701, 47.729787589395514 ], [ -72.659832109158756, 47.824965099207915 ], [ -73.021750623857443, 47.813664116973136 ], [ -73.119701668135832, 47.607939602847168 ], [ -73.188447476084875, 47.645039156079996 ], [ -73.177446209803179, 47.760500023389916 ], [ -73.291933263516356, 47.764974649951995 ], [ -73.529666666904504, 47.545550977139357 ], [ -73.711135803594956, 47.559205843368638 ], [ -73.693196086239567, 47.502405972594055 ] ], [ [ -74.997034084954379, 45.854449123417766 ], [ -75.041779887518658, 45.813918283511953 ], [ -74.783217450306751, 45.893316193324679 ], [ -74.932544204463539, 45.874094783825967 ], [ -74.997034084954379, 45.854449123417766 ] ], [ [ -76.565737507766187, 45.525455346201994 ], [ -76.658080458734844, 45.496596825907773 ], [ -76.726857614866745, 45.341506946647293 ], [ -76.226932707662186, 45.206658025159378 ], [ -75.207449376491425, 45.434862582961316 ], [ -74.797855060997193, 45.427142691971632 ], [ -74.704509601358183, 45.571939854799616 ], [ -74.847739968303372, 45.652034691081127 ], [ -75.322028806211847, 45.557077792624263 ], [ -75.896047534743957, 45.525488573407614 ], [ -76.221708473459529, 45.58998145682186 ], [ -76.565737507766187, 45.525455346201994 ] ], [ [ -73.791100383729813, 47.78465336887048 ], [ -73.724747803208089, 47.894873200621014 ], [ -73.823933752244315, 47.959982450630228 ], [ -73.801297436252156, 47.765086188795614 ], [ -73.791100383729813, 47.78465336887048 ] ], [ [ -70.703345486019089, 44.690476334570263 ], [ -70.761808438835388, 44.421459631772962 ], [ -70.364949084451894, 44.540767230901423 ], [ -70.425552192234946, 44.682804619526642 ], [ -70.547630492628798, 44.632491245631641 ], [ -70.703345486019089, 44.690476334570263 ] ], [ [ -72.501533654453951, 39.925057239547044 ], [ -72.543135937961651, 40.002119716624016 ], [ -72.607086814155892, 39.996073994172178 ], [ -72.541780958032462, 39.901076775889017 ], [ -72.501533654453951, 39.925057239547044 ] ], [ [ -71.878877054389548, 39.110488119595466 ], [ -71.851916929144664, 39.140262454936156 ], [ -71.948295692438933, 39.178998700584515 ], [ -71.96768449793062, 39.099597706185939 ], [ -71.878877054389548, 39.110488119595466 ] ], [ [ -73.289296905856617, 43.689416759317027 ], [ -73.356468657920615, 43.807755195829522 ], [ -73.387296855001964, 43.571368622110619 ], [ -73.300585562756268, 43.591933311014195 ], [ -73.289296905856617, 43.689416759317027 ] ], [ [ -77.713430567493958, 42.592476786345152 ], [ -77.835138471527102, 42.651726942111573 ], [ -77.981090123884101, 42.588927593142913 ], [ -77.825136610611338, 42.611111544771227 ], [ -77.682541482617566, 42.517627652987755 ], [ -77.713430567493958, 42.592476786345152 ] ], [ [ -72.243261125193712, 43.836706915134911 ], [ -72.274749944237442, 43.787999245613641 ], [ -72.28256758066189, 43.716462891803012 ], [ -72.162957361693302, 43.864327121418285 ], [ -72.243261125193712, 43.836706915134911 ] ], [ [ -77.35138957592136, 42.616479878733053 ], [ -77.316635402444902, 42.6700267764434 ], [ -77.329961538648803, 42.707027094100667 ], [ -77.383967109135568, 42.648310789293582 ], [ -77.35138957592136, 42.616479878733053 ] ], [ [ -80.626150881224063, 38.838092003136993 ], [ -80.602208331029416, 38.763267679304747 ], [ -80.532300759631894, 38.765329655332103 ], [ -80.543622969979566, 38.828770165699503 ], [ -80.626150881224063, 38.838092003136993 ] ], [ [ -73.451826295790866, 43.394858418129836 ], [ -73.43720695042002, 43.406179954572018 ], [ -73.436404750590668, 43.447798360236987 ], [ -73.467847869804487, 43.395598585207885 ], [ -73.451826295790866, 43.394858418129836 ] ], [ [ -81.60372115354329, 39.737896184206313 ], [ -81.565043257213759, 39.712952118336815 ], [ -81.512287294873204, 39.718618232866042 ], [ -81.555506901430476, 39.756864627441722 ], [ -81.60372115354329, 39.737896184206313 ] ], [ [ -74.964596834678829, 42.197134530317378 ], [ -74.965980405351473, 42.246313627101777 ], [ -75.058063543010107, 42.217079122486837 ], [ -75.012729106985532, 42.177124226382865 ], [ -74.964596834678829, 42.197134530317378 ] ], [ [ -73.745214368548559, 45.341592442353786 ], [ -73.729634960002713, 45.367158488073237 ], [ -73.777318892722846, 45.393666403436093 ], [ -73.777105935582071, 45.361508269475245 ], [ -73.745214368548559, 45.341592442353786 ] ], [ [ -73.578394276918218, 43.369643120141085 ], [ -73.622480605360408, 43.371323985548862 ], [ -73.633937792902486, 43.363012286891248 ], [ -73.614201537484433, 43.357818807307673 ], [ -73.578394276918218, 43.369643120141085 ] ], [ [ -74.639373425422278, 42.119739319675254 ], [ -74.632396212507771, 42.155945817875242 ], [ -74.676354044079275, 42.158205642554613 ], [ -74.684634537443443, 42.110767270466205 ], [ -74.639373425422278, 42.119739319675254 ] ], [ [ -73.153288866759738, 47.364192373174753 ], [ -73.184791466384823, 47.359237854145469 ], [ -73.193068757024108, 47.347886785485379 ], [ -73.152325687306501, 47.334645736790094 ], [ -73.153288866759738, 47.364192373174753 ] ], [ [ -74.867260891718018, 42.42897927878721 ], [ -74.87016095992783, 42.410928435909028 ], [ -74.837355459891299, 42.415827411316549 ], [ -74.852162425515431, 42.427074465056307 ], [ -74.867260891718018, 42.42897927878721 ] ], [ [ -73.787796305892599, 47.557724662176113 ], [ -73.808033683100831, 47.548705565581294 ], [ -73.757671035994107, 47.548555328745543 ], [ -73.766809957487837, 47.558690080391372 ], [ -73.787796305892599, 47.557724662176113 ] ], [ [ -72.373958802459015, 43.540087197505031 ], [ -72.395720046641586, 43.537145113094894 ], [ -72.398572285191619, 43.534440993075059 ], [ -72.374880981319507, 43.535922338734032 ], [ -72.370735443186504, 43.544080715667974 ], [ -72.373958802459015, 43.540087197505031 ] ], [ [ -74.227569749111154, 42.308684946706677 ], [ -74.24770050577969, 42.306189397440342 ], [ -74.257899355646757, 42.30227685367322 ], [ -74.227519931591914, 42.300138907008055 ], [ -74.227569749111154, 42.308684946706677 ] ], [ [ -73.670521767712827, 47.829455755589869 ], [ -73.652732146388573, 47.830260264926217 ], [ -73.661940823386857, 47.85949378319534 ], [ -73.672051148139232, 47.852011321374661 ], [ -73.670521767712827, 47.829455755589869 ] ], [ [ -72.348070970534636, 39.273145780506844 ], [ -72.337854298850758, 39.271432276564475 ], [ -72.33822186668452, 39.304853089872928 ], [ -72.346401754475792, 39.29840908330771 ], [ -72.348070970534636, 39.273145780506844 ] ], [ [ -70.421724266273642, 44.816732119131373 ], [ -70.347391198768804, 44.815651015714693 ], [ -70.326250663791726, 44.841168732166061 ], [ -70.390279248333073, 44.861139743613357 ], [ -70.421724266273642, 44.816732119131373 ] ], [ [ -77.406178116932935, 42.597246642699616 ], [ -77.404715820052274, 42.617925427018562 ], [ -77.430842794282015, 42.61196240852729 ], [ -77.423232023451646, 42.590376172335922 ], [ -77.406178116932935, 42.597246642699616 ] ], [ [ -78.033095291824864, 42.204453135559405 ], [ -78.036421730286008, 42.226877221075647 ], [ -78.05556008373047, 42.219589127457155 ], [ -78.03776404711445, 42.199845234103172 ], [ -78.033095291824864, 42.204453135559405 ] ], [ [ -74.712979688029591, 45.913302332221008 ], [ -74.720784179108676, 45.935186599853949 ], [ -74.745432911143354, 45.922211790570941 ], [ -74.734960927025412, 45.909054281968238 ], [ -74.712979688029591, 45.913302332221008 ] ], [ [ -78.121786131062208, 42.442874025780711 ], [ -78.119486748439414, 42.443299657598139 ], [ -78.120846930926689, 42.446184900957789 ], [ -78.121403495646746, 42.445334581438686 ], [ -78.121786131062208, 42.442874025780711 ] ], [ [ -72.317044132239062, 43.620856175581231 ], [ -72.315177359518572, 43.61847199789991 ], [ -72.314082180813585, 43.621741825903733 ], [ -72.315462023589561, 43.622453796575115 ], [ -72.317044132239062, 43.620856175581231 ] ], [ [ -76.440391768379328, 45.583874415024134 ], [ -76.436900655239967, 45.579201511801791 ], [ -76.42820962457121, 45.583987995443046 ], [ -76.436613236593672, 45.585698508132097 ], [ -76.440391768379328, 45.583874415024134 ] ], [ [ -72.572627053036186, 40.030018406678309 ], [ -72.576389300964919, 40.020231225530331 ], [ -72.556931445332353, 40.02163786107608 ], [ -72.558953421080034, 40.030875259938277 ], [ -72.572627053036186, 40.030018406678309 ] ], [ [ -72.516352855779374, 43.957382624336077 ], [ -72.512023892062274, 43.955801642134027 ], [ -72.509684389596856, 43.957364548663229 ], [ -72.511603283364565, 43.958200706162131 ], [ -72.516352855779374, 43.957382624336077 ] ], [ [ -78.324774901836548, 41.853774885174964 ], [ -78.318133703897857, 41.847718246920635 ], [ -78.310987632939188, 41.853074483429126 ], [ -78.317517222747355, 41.860225054741953 ], [ -78.324774901836548, 41.853774885174964 ] ], [ [ -74.731923568485868, 42.106222298333869 ], [ -74.727596131182807, 42.104884134548492 ], [ -74.722518939959826, 42.106295599859166 ], [ -74.726307496408864, 42.107367133356725 ], [ -74.731923568485868, 42.106222298333869 ] ], [ [ -77.822484072315646, 42.161635929898416 ], [ -77.819094592501045, 42.15468869488484 ], [ -77.811970538614233, 42.153172925820982 ], [ -77.810195245015862, 42.162084705391031 ], [ -77.822484072315646, 42.161635929898416 ] ], [ [ -74.643575297696358, 42.274426868206987 ], [ -74.642483271783959, 42.272637840622899 ], [ -74.638056643791302, 42.274487844231679 ], [ -74.642114419038379, 42.275172668380527 ], [ -74.643575297696358, 42.274426868206987 ] ], [ [ -75.152865627889099, 42.330538951627446 ], [ -75.149156125470299, 42.327916182750307 ], [ -75.144926903346573, 42.330573520602229 ], [ -75.149067493322207, 42.332438836481913 ], [ -75.152865627889099, 42.330538951627446 ] ], [ [ -71.08504751777545, 46.874341573723648 ], [ -71.083835943122168, 46.868545139400346 ], [ -71.080423090442679, 46.864673068009189 ], [ -71.075412873767988, 46.874723114451974 ], [ -71.08504751777545, 46.874341573723648 ] ], [ [ -80.093847795295915, 39.049125906352039 ], [ -80.083892564302033, 39.047226026568524 ], [ -80.075060625941944, 39.048982208896874 ], [ -80.085361539089305, 39.051351660555945 ], [ -80.093847795295915, 39.049125906352039 ] ], [ [ -70.130519825560128, 44.35027578654234 ], [ -70.126580689151709, 44.347218784877001 ], [ -70.124185275992915, 44.352814113461179 ], [ -70.127632161795844, 44.355038467477321 ], [ -70.130519825560128, 44.35027578654234 ] ], [ [ -80.563688325040644, 38.628385092585923 ], [ -80.559046850170731, 38.628165896960795 ], [ -80.561091681502688, 38.633176742804444 ], [ -80.563114499550622, 38.631175343563562 ], [ -80.563688325040644, 38.628385092585923 ] ], [ [ -72.318764927159947, 39.329467013923576 ], [ -72.315343864313022, 39.319844405433663 ], [ -72.305637450555423, 39.329468767252365 ], [ -72.31398897813277, 39.333950426292319 ], [ -72.318764927159947, 39.329467013923576 ] ], [ [ -73.100686488627957, 47.071263808652056 ], [ -73.093524916157492, 47.070459063190903 ], [ -73.090065146878842, 47.072238083394041 ], [ -73.094207782554079, 47.077435520101126 ], [ -73.100686488627957, 47.071263808652056 ] ], [ [ -74.737260488620691, 44.770792756166919 ], [ -74.728247247583113, 44.767937406959561 ], [ -74.726047921271558, 44.770296313693429 ], [ -74.729139500750208, 44.772057448176206 ], [ -74.737260488620691, 44.770792756166919 ] ], [ [ -72.296643052183398, 39.722443489241606 ], [ -72.285994591552736, 39.722144034526202 ], [ -72.286909038230263, 39.731641582359771 ], [ -72.288388050320435, 39.73111581274167 ], [ -72.296643052183398, 39.722443489241606 ] ] ], [ [ [ -79.682847002851403, 40.430223673228674 ], [ -79.799345574596899, 40.485118022475014 ], [ -79.16511458296911, 40.645670057719755 ], [ -79.026440334441219, 40.792499895462399 ], [ -78.90760676411972, 40.772061270463638 ], [ -79.029989692718104, 40.632495185198557 ], [ -78.893296648380499, 40.558669421519213 ], [ -78.904490509626697, 40.403479757046611 ], [ -79.463884979913672, 39.718999173503299 ], [ -79.782866654080053, 39.58252476029908 ], [ -79.687597261187477, 39.420986211944502 ], [ -79.543738188773446, 39.639021988522302 ], [ -79.45985288670775, 39.541490143089639 ], [ -79.533895813703623, 39.366820610272903 ], [ -79.82449296141435, 39.156970365219522 ], [ -79.971570154539293, 39.418893622821237 ], [ -79.524426000083764, 40.072661109926628 ], [ -79.37202889778797, 40.055858067007584 ], [ -79.296991906930046, 40.169255456904416 ], [ -79.652208197371635, 40.29597306880531 ], [ -79.682847002851403, 40.430223673228674 ] ], [ [ -79.116713644785762, 40.357762375678895 ], [ -78.997344202131956, 40.394581310599534 ], [ -78.942018862492276, 40.488522529996764 ], [ -79.139639176455276, 40.391738231990693 ], [ -79.116713644785762, 40.357762375678895 ] ], [ [ -79.814429110665685, 39.398635475059201 ], [ -79.813718316499546, 39.453753214501241 ], [ -79.885324852264759, 39.447650180255259 ], [ -79.860581383524732, 39.381536951744877 ], [ -79.814429110665685, 39.398635475059201 ] ], [ [ -79.287151203837013, 40.393496580762651 ], [ -79.257539986559451, 40.505077951198835 ], [ -79.505388363080797, 40.460900234178411 ], [ -79.438208567206814, 40.366458061056278 ], [ -79.287151203837013, 40.393496580762651 ] ], [ [ -79.502628487788215, 39.926747778440131 ], [ -79.518486223786965, 39.92368692143738 ], [ -79.522856447437874, 39.919103692785924 ], [ -79.485138248951458, 39.919845123192886 ], [ -79.502628487788215, 39.926747778440131 ] ] ] ] } },
{ "type": "Feature", "properties": { "PRODUCT": "7-day QPF", "VALID_TIME": "12Z 03/24/25 - 12Z 03/31/25", "QPF": 0.5, "UNITS": "Inches", "ISSUE_TIME": "2025-03-24 09:42:07", "START_TIME": "2025-03-24 12:00:00", "END_TIME": "2025-03-31 12:00:00", "InPoly_FID": 3, "fill": "royalblue", "color": "royalblue" }, "geometry": { "type": "MultiPolygon", "coordinates": [ [ [ [ -86.0, 36.0 ], [ -86.0, 48.0 ], [ -69.794673264051085, 48.0 ], [ -69.901414401326718, 47.771210972609325 ], [ -70.257119110710747, 47.696567466054617 ], [ -70.270409865056209, 47.185053305023295 ], [ -70.062137323007946, 47.066357790383663 ], [ -70.210213605036685, 46.844720984342523 ], [ -70.109371213627952, 46.552398484243604 ], [ -70.325657621666181, 46.326273843793949 ], [ -70.780940119527131, 46.207222185032478 ], [ -71.121579050640207, 45.874212192497112 ], [ -71.088706541576968, 45.784972421765886 ], [ -70.872332392652794, 45.783470961449694 ], [ -70.979098547857575, 45.620312051741649 ], [ -70.973459257707816, 45.398978738200071 ], [ -70.780044087683919, 45.303451657985015 ], [ -70.740406142272846, 45.160843583780924 ], [ -70.625201678778851, 45.106588926519592 ], [ -70.824128534511246, 45.036238881562937 ], [ -71.053711980917299, 44.798943240387793 ], [ -71.240573069444451, 44.519657963473236 ], [ -71.19727221451312, 44.458748182973764 ], [ -71.041901260112198, 44.680755106053184 ], [ -70.713622082501374, 44.91493143797895 ], [ -70.285112771449306, 45.15114790578604 ], [ -69.774602588661779, 45.255931380119257 ], [ -69.399256013497549, 45.705841268277098 ], [ -69.45380935047811, 45.832293366810433 ], [ -69.39402412650027, 46.001513503861943 ], [ -68.941994320722316, 46.124524136336873 ], [ -68.947826849089978, 46.197431627803518 ], [ -69.193338998266825, 46.346817340982831 ], [ -69.100459187955877, 46.811726064382448 ], [ -68.808120757614702, 47.201815701868895 ], [ -68.993999891976799, 47.325806469513822 ], [ -68.602285560713497, 47.56585004809704 ], [ -68.769384702937231, 47.800731141598256 ], [ -68.944537536562606, 47.817607847357316 ], [ -69.023419405462775, 48.0 ], [ -61.717620899468493, 48.0 ], [ -63.540657529898482, 42.747547805566562 ], [ -65.533115351106304, 36.0 ], [ -74.244559196372379, 36.0 ], [ -73.543557608063395, 36.685236075678695 ], [ -73.424693993083821, 36.934713597296025 ], [ -73.213108123275276, 37.139034685809847 ], [ -73.271240317910042, 37.532444915320291 ], [ -73.38727432794191, 37.646155668713014 ], [ -73.037428010295102, 38.123191056677491 ], [ -73.090233450712518, 38.461009833589173 ], [ -73.457053787621859, 38.472769180715296 ], [ -73.921389758040988, 38.370520239516686 ], [ -73.855637860344586, 38.575600367017543 ], [ -73.907066030752219, 38.641408804355635 ], [ -74.58124179176032, 38.348904516768656 ], [ -74.769592491836036, 38.100280649768997 ], [ -76.243032955961212, 37.187551245550367 ], [ -77.283432794338651, 36.878526440144803 ], [ -77.9866137924692, 36.451872403678202 ], [ -78.289856042581633, 36.390621828803077 ], [ -78.475918349846282, 36.456536618927778 ], [ -78.541931162403003, 36.549159276708089 ], [ -78.497775390318196, 36.78837225266075 ], [ -77.686045002501089, 37.319714408603033 ], [ -77.303006560298542, 37.668095226850511 ], [ -77.196646755411706, 37.949585555783599 ], [ -76.473255871757047, 38.715745032460738 ], [ -76.242709041533274, 39.225078333147707 ], [ -75.976325776766615, 39.345255051589099 ], [ -75.873106682739703, 39.551124937018599 ], [ -75.289951522403939, 40.059438505505263 ], [ -75.319004807228268, 40.460201416766182 ], [ -75.119359105667399, 40.556515941897949 ], [ -74.474627840829967, 41.203670440708848 ], [ -74.168164409185238, 41.338421366340654 ], [ -73.927776780889062, 41.552292871825436 ], [ -74.41491256472429, 41.54154699029862 ], [ -74.686364928080067, 41.448518263764846 ], [ -74.871108344011958, 41.630360725369229 ], [ -75.490381223259021, 41.615484531024549 ], [ -75.648741543007333, 41.725139518513785 ], [ -75.910800805416812, 41.716469459265383 ], [ -76.389113689700551, 42.023931125482179 ], [ -76.625099317152888, 42.023006096176822 ], [ -76.673959026247331, 41.916212902188938 ], [ -76.897408604175297, 41.886529559142467 ], [ -77.138883687135859, 42.048181185572147 ], [ -77.244027727770572, 41.860632432577184 ], [ -77.487938106694017, 41.866506880747657 ], [ -77.370509185768867, 41.805726209188066 ], [ -77.643688233825955, 41.462956259620647 ], [ -77.924968107417982, 41.389390034375154 ], [ -78.13656884866181, 41.18631559980345 ], [ -78.384022234541476, 41.132444385080902 ], [ -78.38157759358397, 40.948700518709423 ], [ -78.586655659131125, 40.642042447047452 ], [ -78.413839542162364, 40.621733348771841 ], [ -78.514438460193475, 40.276438303174295 ], [ -78.959826147146998, 39.684648444218467 ], [ -79.005484779069505, 39.811757427046707 ], [ -79.074466239489141, 39.797560109469536 ], [ -79.053323951916397, 39.688853353234357 ], [ -79.266811534781525, 39.472595320246384 ], [ -79.414146838593382, 39.036477594170485 ], [ -79.666019650851609, 38.860311153697225 ], [ -79.659325881587165, 38.728303697444282 ], [ -79.827810971279533, 38.590656803689932 ], [ -80.053816659562344, 38.086771756012944 ], [ -80.282764523575082, 37.838756852349988 ], [ -80.91673597146297, 37.633155978173541 ], [ -81.316188443613385, 37.400144956671177 ], [ -81.891526180036919, 37.4745087150161 ], [ -82.501663288978875, 37.284655609659993 ], [ -82.798694405126369, 36.931673104361472 ], [ -82.706780039311553, 36.803365024033411 ], [ -83.303625862921621, 36.287428341896721 ], [ -83.344666236388065, 36.0 ], [ -86.0, 36.0 ] ], [ [ -71.920203892067974, 45.005497734796222 ], [ -71.723023866194609, 45.031790744132856 ], [ -71.605482285873691, 44.926124049263187 ], [ -71.626722632450935, 44.857328483880345 ], [ -71.878272028908242, 44.802779769382596 ], [ -71.630720703934244, 44.620502506186632 ], [ -71.740611853434004, 44.394179155170498 ], [ -71.654307058302763, 44.30937962329341 ], [ -71.511303666250271, 44.34645627181618 ], [ -71.584651684604893, 44.756051334891474 ], [ -71.270951829940444, 45.068839369916503 ], [ -71.411787802395935, 45.372100356150824 ], [ -71.598468015100067, 45.494263899857842 ], [ -71.906996599430798, 45.453519666247203 ], [ -71.967853949419407, 45.362321488509551 ], [ -71.860022018161828, 45.141198784581981 ], [ -71.920203892067974, 45.005497734796222 ] ], [ [ -76.848810155183401, 42.064792313036932 ], [ -76.892280088815184, 41.999155368131781 ], [ -76.71548501288936, 42.051286396449946 ], [ -76.769732526246713, 42.080958073237163 ], [ -76.848810155183401, 42.064792313036932 ] ], [ [ -72.276415100555994, 44.987275493059428 ], [ -72.368522654574633, 44.924021060476051 ], [ -72.309537978680964, 44.74141391193394 ], [ -72.147010016006902, 44.733238003480281 ], [ -71.997316289907673, 44.854888988151856 ], [ -72.276415100555994, 44.987275493059428 ] ], [ [ -71.878553513130299, 45.599923095553805 ], [ -71.889091898615845, 45.648174925093066 ], [ -71.982321586088389, 45.610287781947775 ], [ -71.956132391230213, 45.571246171175503 ], [ -71.878553513130299, 45.599923095553805 ] ], [ [ -70.261839782097994, 47.066234602608553 ], [ -70.310979015893636, 47.106162580278664 ], [ -70.333127180657044, 47.048013600329362 ], [ -70.275616133983974, 47.038670631376547 ], [ -70.261839782097994, 47.066234602608553 ] ], [ [ -71.73181561652153, 45.729455216043448 ], [ -71.787753294529722, 45.734689132351342 ], [ -71.81543302906546, 45.702157206114045 ], [ -71.798590498960095, 45.696572626513706 ], [ -71.73181561652153, 45.729455216043448 ] ], [ [ -70.979202158450391, 45.202959777070959 ], [ -71.007682055047169, 45.105190762965172 ], [ -70.979295796724031, 45.08624336737897 ], [ -70.929589984886988, 45.187421382058062 ], [ -70.979202158450391, 45.202959777070959 ] ], [ [ -70.925330193473286, 46.467595997909328 ], [ -70.978800239693854, 46.547601614973829 ], [ -71.110456793910288, 46.4929823374706 ], [ -71.017228201726283, 46.436165443143082 ], [ -70.925330193473286, 46.467595997909328 ] ], [ [ -70.814159584300597, 46.578936619292541 ], [ -70.841079622733105, 46.593348202193837 ], [ -70.882372335188421, 46.564013868430358 ], [ -70.831599350120797, 46.552117134029487 ], [ -70.814159584300597, 46.578936619292541 ] ], [ [ -71.319059435169962, 46.401711892159625 ], [ -71.338615928233011, 46.393563473009898 ], [ -71.344449797953018, 46.369788092488605 ], [ -71.302502657006031, 46.397981844377817 ], [ -71.319059435169962, 46.401711892159625 ] ], [ [ -79.859881093652106, 38.866529895999086 ], [ -79.833453294260366, 38.86016149650915 ], [ -79.822712303853166, 38.887072017590349 ], [ -79.862607136336351, 38.886899872312149 ], [ -79.859881093652106, 38.866529895999086 ] ], [ [ -70.431697062079493, 46.998458765852533 ], [ -70.400736700466098, 47.02239375336621 ], [ -70.497851283654811, 46.983276440159301 ], [ -70.471908038935524, 46.976183622414837 ], [ -70.431697062079493, 46.998458765852533 ] ], [ [ -80.203972860217419, 38.074586765240035 ], [ -80.212466768828165, 38.100695254537932 ], [ -80.224673277828899, 38.108038010422483 ], [ -80.232183428347696, 38.058735417440928 ], [ -80.203972860217419, 38.074586765240035 ] ], [ [ -74.783319857630318, 38.108240342871071 ], [ -74.768138583264275, 38.12342161723722 ], [ -74.783319857630318, 38.138602891603213 ], [ -74.798501131996389, 38.12342161723722 ], [ -74.783319857630318, 38.108240342871071 ] ], [ [ -71.198143412144745, 46.430895966516935 ], [ -71.206184206312571, 46.427237127725903 ], [ -71.20788532123035, 46.425883046063838 ], [ -71.188635597003355, 46.426368972673579 ], [ -71.198143412144745, 46.430895966516935 ] ] ] ] } },
{ "type": "Feature", "properties": { "PRODUCT": "7-day QPF", "VALID_TIME": "12Z 03/24/25 - 12Z 03/31/25", "QPF": 1.5, "UNITS": "Inches", "ISSUE_TIME": "2025-03-24 09:42:07", "START_TIME": "2025-03-24 12:00:00", "END_TIME": "2025-03-31 12:00:00", "InPoly_FID": 7, "fill": "mediumpurple", "color": "mediumpurple" }, "geometry": { "type": "MultiPolygon", "coordinates": [ [ [ [ -68.406715484032304, 37.674089164283544 ], [ -68.191982162047111, 37.553983281403362 ], [ -67.618035370036239, 37.674234149386564 ], [ -67.896743717648405, 37.481302151073464 ], [ -68.670005958807906, 37.254377775913667 ], [ -68.916807286526989, 37.304927775996134 ], [ -69.230925083525733, 37.236718851893556 ], [ -68.872971672504661, 37.512003380651549 ], [ -68.406715484032304, 37.674089164283544 ] ], [ [ -68.504993406220706, 37.502772949611995 ], [ -68.384345264522324, 37.530790989812374 ], [ -68.366131695321428, 37.548502051128821 ], [ -68.411804751987688, 37.588327684375201 ], [ -68.504993406220706, 37.502772949611995 ] ], [ [ -68.814180834677757, 37.337713962329531 ], [ -68.811991977447747, 37.331011911370638 ], [ -68.805857866347424, 37.336292921081508 ], [ -68.808427419190025, 37.339950123899143 ], [ -68.814180834677757, 37.337713962329531 ] ] ], [ [ [ -67.784973705671916, 37.030787230746171 ], [ -68.364047649579334, 37.097914498855118 ], [ -67.293130628675556, 37.673573725047447 ], [ -66.8923304325034, 37.762781018529211 ], [ -66.416178816499155, 37.592774695196056 ], [ -66.489743358968781, 37.429533906864378 ], [ -66.837288021125232, 37.248906660314162 ], [ -67.34704121987636, 37.186360326467934 ], [ -67.784973705671916, 37.030787230746171 ] ] ], [ [ [ -86.0, 38.72971634699752 ], [ -86.0, 39.649729663959292 ], [ -85.81001611405236, 39.482958404207068 ], [ -85.852246539845908, 39.285254117483589 ], [ -85.954290506201858, 39.235016305358272 ], [ -85.857313642210784, 39.110073474611227 ], [ -85.502520111613819, 39.36464149141176 ], [ -84.629514248483758, 39.201886499762225 ], [ -84.529112648329999, 39.071123854782115 ], [ -84.598440461258235, 38.954522025571066 ], [ -85.473026505169059, 38.78635423935674 ], [ -85.717607221496053, 38.834602462433736 ], [ -85.841123471171215, 38.714871660698634 ], [ -85.848960987259716, 38.838395116641379 ], [ -85.939080649252503, 38.869403023131042 ], [ -86.0, 38.72971634699752 ] ] ], [ [ [ -66.015054037014181, 41.75223227050293 ], [ -65.926177372987354, 41.744827036038942 ], [ -65.866882955284098, 41.600610371371602 ], [ -66.091039629075567, 41.412198115650597 ], [ -66.075960953535116, 41.258523351171789 ], [ -66.284777142950759, 41.359556721465594 ], [ -66.497135546967854, 41.332225814569767 ], [ -67.961098374990002, 40.572949287579604 ], [ -67.779842388115696, 40.784183361872692 ], [ -66.89181357863373, 41.285856092684583 ], [ -66.367350743841712, 41.682700916713998 ], [ -66.015054037014181, 41.75223227050293 ] ] ], [ [ [ -75.891147722389462, 43.914724474454999 ], [ -75.643572797846332, 43.883872057149745 ], [ -75.313917716029721, 43.542564335475731 ], [ -75.304317153713612, 43.984142041522034 ], [ -75.117618884403953, 44.124354307505314 ], [ -74.834840716026179, 43.883427278546094 ], [ -74.825251701005186, 43.731162999972526 ], [ -74.509398870761231, 43.731459674624318 ], [ -74.457320466566216, 43.569322015398768 ], [ -74.559180413645151, 43.386487048338665 ], [ -74.731496742780394, 43.276983813552192 ], [ -75.59832219861056, 43.334649952033715 ], [ -75.878097314839181, 43.223291575046233 ], [ -76.126114190517455, 43.720434686911346 ], [ -76.076851589729017, 43.829124009165753 ], [ -75.891147722389462, 43.914724474454999 ] ] ], [ [ [ -68.659535869884451, 41.17482337549842 ], [ -68.027715566520158, 41.396901780792575 ], [ -67.839342830607109, 41.366719078722554 ], [ -67.871144729645493, 41.487020611811829 ], [ -67.618957309132497, 41.593601905203798 ], [ -67.621729433366625, 41.670866005861512 ], [ -67.752244896984394, 41.709459814319018 ], [ -67.741222336541568, 41.904247016886359 ], [ -68.108002454949315, 41.780631859772541 ], [ -68.050574360718144, 42.00789723806713 ], [ -68.28437454215134, 41.971085218607982 ], [ -68.245505085191496, 42.183060189476237 ], [ -68.061276064638605, 42.224415488583986 ], [ -67.374032431251635, 42.824172442903944 ], [ -66.712710284551974, 43.061000114663614 ], [ -66.713804101178312, 43.296360450774216 ], [ -66.326287869189798, 43.226934879740952 ], [ -66.382245801202714, 43.407692990239354 ], [ -66.181499027058408, 43.674251496109719 ], [ -66.096080450552336, 44.03547023576283 ], [ -65.870087217251239, 44.356592568891983 ], [ -65.439073648530041, 44.547610558980182 ], [ -64.877004394337291, 44.634555320971344 ], [ -64.789686793210876, 44.420699627585805 ], [ -64.448673984416814, 44.493599204140025 ], [ -64.300085820504194, 44.41316105513863 ], [ -64.361398640634718, 43.977801890345006 ], [ -64.53677110800021, 43.719697839084063 ], [ -65.427382551863218, 43.112630498198996 ], [ -65.527657460923024, 42.916441880288573 ], [ -65.704633504032927, 42.86602887483275 ], [ -65.625199206178365, 42.768668729678211 ], [ -66.041762418800545, 42.600458556617127 ], [ -66.618900947021075, 42.20304906086551 ], [ -66.588993069674359, 41.949214138122045 ], [ -66.463043625063221, 41.91774851897901 ], [ -66.394575898558855, 41.78591391179765 ], [ -67.242855411048367, 41.625338714010468 ], [ -67.879323361284037, 41.058278638848151 ], [ -67.599908172624055, 41.13271593109539 ], [ -67.619418671234655, 41.072972639275918 ], [ -68.08541848637401, 40.7192414202554 ], [ -69.265170120404719, 40.392038990207311 ], [ -69.351930876608606, 40.568505741846536 ], [ -69.175132571011318, 40.522563281570228 ], [ -69.0235013144341, 40.590170539438873 ], [ -68.967123604071048, 40.704389046517349 ], [ -69.140714806742892, 40.774812478313265 ], [ -68.659535869884451, 41.17482337549842 ] ], [ [ -66.206562766458489, 43.199928206321715 ], [ -66.228537425461752, 43.214838242790734 ], [ -66.243363338447296, 43.200059876961802 ], [ -66.226542808303918, 43.18747348271512 ], [ -66.206562766458489, 43.199928206321715 ] ], [ [ -65.535629721534406, 43.059418610980174 ], [ -65.554277088616686, 43.065580987772421 ], [ -65.56009879682199, 43.058733744866458 ], [ -65.552740696725721, 43.049919333910168 ], [ -65.535629721534406, 43.059418610980174 ] ], [ [ -65.696345799019355, 42.956736260869775 ], [ -65.741490743203201, 42.95850299161981 ], [ -65.757100647376944, 42.947905859068214 ], [ -65.72120433651088, 42.930546565771465 ], [ -65.696345799019355, 42.956736260869775 ] ], [ [ -65.795414057113021, 42.837756163716051 ], [ -65.81644885443103, 42.829175267124924 ], [ -65.806947193258338, 42.777766966672232 ], [ -65.797381743172878, 42.788626721046398 ], [ -65.795414057113021, 42.837756163716051 ] ], [ [ -67.306788243182837, 41.951089085193189 ], [ -67.325047740760567, 41.965986309920311 ], [ -67.326799267572085, 41.935694538971859 ], [ -67.316185377053444, 41.934533301071042 ], [ -67.306788243182837, 41.951089085193189 ] ], [ [ -66.655291117890727, 41.887799507541274 ], [ -66.62194210884121, 41.906252061683347 ], [ -66.621310251466866, 41.925779294878623 ], [ -66.694348690539584, 41.858838278164058 ], [ -66.655291117890727, 41.887799507541274 ] ], [ [ -67.728467540644431, 41.390350940943222 ], [ -67.709653658689376, 41.413016223519946 ], [ -67.760138020852935, 41.408746459181771 ], [ -67.754336014095713, 41.398212593036817 ], [ -67.728467540644431, 41.390350940943222 ] ], [ [ -67.946437108985378, 41.349482476335254 ], [ -67.96786903432843, 41.370798423308656 ], [ -67.989110696401497, 41.351410260375246 ], [ -67.967566829745351, 41.338083850889063 ], [ -67.946437108985378, 41.349482476335254 ] ], [ [ -67.922107488869472, 41.023511905250302 ], [ -67.944618181583792, 41.026998998604938 ], [ -67.942121174352678, 40.995018732528536 ], [ -67.922289222969198, 41.00746360046486 ], [ -67.922107488869472, 41.023511905250302 ] ] ], [ [ [ -86.0, 43.308413100093496 ], [ -85.892956442285936, 43.425006627653772 ], [ -85.913780750581111, 43.562114288243833 ], [ -86.0, 43.610272748493621 ], [ -86.0, 46.619546781518103 ], [ -85.878417779057202, 46.647921695030277 ], [ -86.0, 46.674967868350386 ], [ -86.0, 46.924528538622404 ], [ -85.356931027544874, 47.03639525263884 ], [ -84.652959364682886, 46.838725261561649 ], [ -84.217531513268682, 46.975090262905383 ], [ -83.998985840124362, 46.806340171062118 ], [ -83.745651802888347, 46.841763152547514 ], [ -83.842903028451985, 47.062613157671137 ], [ -84.092843691583084, 47.279673819890945 ], [ -84.36191448506537, 47.322160788989265 ], [ -84.295207143694711, 47.362680665580285 ], [ -83.721498157613837, 47.387159853744322 ], [ -83.397717332289005, 47.493249961716401 ], [ -83.03485969152149, 47.438836179146392 ], [ -82.455951069086552, 47.513585270843635 ], [ -82.200180210848032, 47.412356122636993 ], [ -82.286365830818397, 47.272886441256333 ], [ -82.243830390060396, 47.228078973965523 ], [ -82.092384473864342, 47.300672377228466 ], [ -81.578431761316722, 47.309007633895249 ], [ -81.516651944831324, 46.900845064048497 ], [ -81.387500720381922, 46.827346829492626 ], [ -80.448052392304021, 47.111519710566256 ], [ -80.51051238224062, 46.855143663449383 ], [ -80.821754526849872, 46.904571784460359 ], [ -80.868770159814972, 46.703871436018005 ], [ -81.074062050023542, 46.611331548212434 ], [ -81.004931192220681, 46.360597728902121 ], [ -80.757970305884896, 46.301351066998222 ], [ -80.417345993422828, 46.367432872329232 ], [ -79.930424337613033, 46.615669976688139 ], [ -79.018257916869345, 46.49836468248418 ], [ -78.858869038175555, 46.377816623638296 ], [ -78.93645663036915, 46.256998854513597 ], [ -78.887559208290781, 46.135222516905685 ], [ -78.709583152340542, 45.974409086010553 ], [ -78.316619491096617, 45.83554952628964 ], [ -78.2871245293735, 45.76187021863575 ], [ -78.385869358883781, 45.616734972940719 ], [ -77.750576486215834, 45.118711958989763 ], [ -79.597420007827054, 44.471755759820496 ], [ -80.12943264220263, 44.491441625330822 ], [ -80.236183152930153, 43.958830607246796 ], [ -80.544479280394455, 43.660146245852616 ], [ -80.478434731277787, 43.4827191153949 ], [ -80.928302250348509, 43.275244994161199 ], [ -81.408905940356817, 43.498431993741576 ], [ -81.560245062059948, 43.871931487648112 ], [ -81.561992516741213, 44.119474544714535 ], [ -81.664532047316072, 44.208871387404656 ], [ -82.271263755817643, 44.283115196808922 ], [ -82.851400611149245, 44.55066508292731 ], [ -83.068192240279643, 44.354997080750707 ], [ -83.098962904714256, 44.15883985547498 ], [ -83.50630570564374, 43.782769085624864 ], [ -83.841946544597306, 43.705063960133714 ], [ -83.893459626860249, 43.769324906319412 ], [ -83.837320683802488, 43.890192787467242 ], [ -83.309555880199696, 44.117937805685244 ], [ -83.340296107978986, 44.469774596520438 ], [ -83.465220702273541, 44.665186296410525 ], [ -83.589748923973616, 44.709263246201886 ], [ -84.453722518979021, 44.2633208523755 ], [ -84.583432075829592, 44.012082227412918 ], [ -85.069909014189591, 43.86405005046953 ], [ -85.429148790284387, 43.459512769198966 ], [ -85.667440901876091, 43.435972927408727 ], [ -85.622043825562059, 43.340831122858106 ], [ -85.688199479622256, 43.196721799471504 ], [ -86.0, 43.308413100093496 ] ], [ [ -83.84356454187008, 47.221057767102309 ], [ -83.880823629606766, 47.268977309555225 ], [ -83.928806633619217, 47.263057200229639 ], [ -83.896682315936118, 47.203881907624009 ], [ -83.84356454187008, 47.221057767102309 ] ], [ [ -85.697727553883453, 46.678149349712783 ], [ -85.693324731251323, 46.673483659743169 ], [ -85.682680498506159, 46.678073199618495 ], [ -85.694138463019613, 46.682596757134661 ], [ -85.697727553883453, 46.678149349712783 ] ], [ [ -81.05186136351108, 46.367111447435377 ], [ -81.059185636507891, 46.37435649735454 ], [ -81.074689823576477, 46.369499109696221 ], [ -81.064957361293125, 46.364808499512719 ], [ -81.05186136351108, 46.367111447435377 ] ], [ [ -82.964290462534791, 46.300373777327991 ], [ -82.855201618260025, 46.18204782364819 ], [ -82.633277306402533, 46.178127407254067 ], [ -82.730510130038454, 46.293237892514753 ], [ -82.964290462534791, 46.300373777327991 ] ], [ [ -83.039818904918491, 46.006214451935477 ], [ -82.844703488475147, 46.042857489681467 ], [ -82.941104501271695, 46.201770878823027 ], [ -83.432699673850834, 46.089915973543384 ], [ -83.039818904918491, 46.006214451935477 ] ], [ [ -82.371600194693201, 46.059531653363138 ], [ -82.384659082850362, 46.08228566844889 ], [ -82.40306127225989, 46.0632241896447 ], [ -82.388151269965078, 46.053205462362257 ], [ -82.371600194693201, 46.059531653363138 ] ], [ [ -82.982456155427201, 45.977753442567348 ], [ -82.999908557334038, 45.996108313248101 ], [ -83.011328781797829, 45.980541990220729 ], [ -83.003202560849445, 45.968069493312498 ], [ -82.982456155427201, 45.977753442567348 ] ], [ [ -82.43871751899826, 45.410061822095486 ], [ -82.635103147791995, 45.7281810203379 ], [ -82.935222617629677, 45.713756964912079 ], [ -82.587989003090001, 45.302689564172113 ], [ -82.424363962326936, 45.301766714961957 ], [ -82.43871751899826, 45.410061822095486 ] ], [ [ -82.498155130354917, 45.036797573749084 ], [ -82.459751358538313, 45.002518817689349 ], [ -82.420286771617157, 45.044265329081725 ], [ -82.472831785458482, 45.05907624677144 ], [ -82.498155130354917, 45.036797573749084 ] ], [ [ -82.287626213578847, 44.56541281245137 ], [ -81.979637614684123, 44.58111786040098 ], [ -82.276113364340233, 44.990380544826337 ], [ -82.433172302859475, 44.755535906956595 ], [ -82.287626213578847, 44.56541281245137 ] ], [ [ -79.245111825650213, 44.616574813776708 ], [ -79.239276945074892, 44.612192628786829 ], [ -79.223956624398681, 44.630632907182985 ], [ -79.243007770891893, 44.635241855327422 ], [ -79.245111825650213, 44.616574813776708 ] ], [ [ -85.708151845731038, 43.510336639824118 ], [ -85.736265983888018, 43.481272555883777 ], [ -85.696774791423422, 43.458997642027612 ], [ -85.683849841097242, 43.491193536752348 ], [ -85.708151845731038, 43.510336639824118 ] ], [ [ -82.00155083290457, 44.49064871556584 ], [ -81.993171061595206, 44.488236319250802 ], [ -81.987325628375004, 44.490579080160501 ], [ -81.993056766756354, 44.495370730075194 ], [ -82.00155083290457, 44.49064871556584 ] ], [ [ -81.055233931800501, 43.605408842244344 ], [ -80.963634308576445, 43.576551082566482 ], [ -80.8622142648764, 43.592945667708477 ], [ -80.975114948595944, 43.705324123209778 ], [ -81.131894671002215, 43.665275326794927 ], [ -81.055233931800501, 43.605408842244344 ] ] ] ] } },
{ "type": "Feature", "properties": { "PRODUCT": "7-day QPF", "VALID_TIME": "12Z 03/24/25 - 12Z 03/31/25", "QPF": 0.25, "UNITS": "Inches", "ISSUE_TIME": "2025-03-24 09:42:07", "START_TIME": "2025-03-24 12:00:00", "END_TIME": "2025-03-31 12:00:00", "InPoly_FID": 2, "fill": "darkgreen", "color": "darkgreen" }, "geometry": { "type": "MultiPolygon", "coordinates": [ [ [ [ -86.0, 36.0 ], [ -86.0, 48.0 ], [ -61.709700556675145, 48.0 ], [ -63.535829029313341, 42.741570318275947 ], [ -65.527859677304718, 36.0 ], [ -74.516903897668399, 36.0 ], [ -74.147569424572893, 36.431745843431038 ], [ -74.155741510553113, 36.852506445732125 ], [ -74.481849171159041, 36.831236240194571 ], [ -74.618132648108357, 36.953469400322646 ], [ -74.834346390693312, 36.916203468401662 ], [ -74.916434033293058, 37.041900806350085 ], [ -75.142605563709779, 36.961077056119819 ], [ -75.133149042377525, 37.05685618981046 ], [ -75.301762182809739, 37.17608010039099 ], [ -76.237126906539501, 36.85530050386928 ], [ -77.548474059307267, 36.201004196052729 ], [ -77.801872101897857, 36.222178240991006 ], [ -78.653634198425053, 36.0 ], [ -79.407425145408411, 36.0 ], [ -79.614876897742306, 36.067382964470333 ], [ -79.764840926821876, 36.163416806742042 ], [ -79.65007929766648, 36.322070144825886 ], [ -79.822573913364479, 36.398224243983975 ], [ -79.805491301640075, 36.51580525809662 ], [ -79.58840914722812, 36.662827717677828 ], [ -79.407261813138462, 36.949542302658038 ], [ -78.212338156450613, 37.648678211670941 ], [ -78.139895620570968, 37.743173193159372 ], [ -78.006501177135704, 38.116568518466352 ], [ -78.006407513198297, 38.212987354989302 ], [ -77.874676473582184, 38.217843001675341 ], [ -77.548480388899165, 38.471620386614838 ], [ -77.54416159923943, 38.619850569415583 ], [ -77.387378735624878, 38.802314702182926 ], [ -76.871850853043654, 39.172127080682564 ], [ -76.737326438346741, 39.620146201633546 ], [ -76.60513489029664, 39.616582816050943 ], [ -76.511580728359888, 39.741434432570195 ], [ -76.252015761520454, 39.841684075824844 ], [ -76.23564247688401, 40.049829096612939 ], [ -76.804793627550779, 40.294508427407457 ], [ -76.670758778343895, 40.360449658929227 ], [ -76.728077684152581, 40.511844179066529 ], [ -76.422508838290057, 40.692977676065198 ], [ -76.443091323252474, 40.809266102156116 ], [ -76.683140055384314, 40.742030731519996 ], [ -76.94511943679349, 40.841867733094524 ], [ -77.170273167947215, 40.63106401570252 ], [ -76.922842749712103, 40.539832264119084 ], [ -77.015702785944441, 40.397539067366388 ], [ -76.938190570574363, 40.301039697383203 ], [ -77.187285287187436, 40.142512812737444 ], [ -77.244072155567352, 39.899549269726002 ], [ -77.380505331861116, 39.8152275064581 ], [ -77.473693773701925, 39.548448390493434 ], [ -77.543353682044128, 39.612407128531778 ], [ -77.503577789875024, 39.754481938232068 ], [ -77.671470692699558, 39.862918340771053 ], [ -77.942763119196059, 39.667038819376742 ], [ -78.151646036245069, 39.718368787482966 ], [ -78.213309167057773, 39.641771578109974 ], [ -78.871762276058547, 39.565174709332005 ], [ -79.426294855604851, 38.831869335055053 ], [ -79.478628843226886, 38.394735665693325 ], [ -79.906166086222129, 37.691322518679804 ], [ -80.326699943917532, 37.400082061546783 ], [ -80.454034154491424, 37.206110534041926 ], [ -80.708448425196252, 37.257315004095666 ], [ -81.29143612757845, 36.971594956543235 ], [ -81.301940829839438, 36.723574676630108 ], [ -81.507480679301267, 36.531348635144631 ], [ -81.507149388115977, 36.386330474845352 ], [ -81.642849002037011, 36.163391552034952 ], [ -81.871118835465751, 36.0 ], [ -86.0, 36.0 ] ], [ [ -77.063436299559044, 40.883599237032747 ], [ -77.11649490058268, 40.932734469930601 ], [ -77.231200172928482, 40.869113200336926 ], [ -77.197401607061863, 40.853583223212141 ], [ -77.063436299559044, 40.883599237032747 ] ], [ [ -75.943836909017378, 41.225580529608138 ], [ -75.762180386613636, 41.298683702167985 ], [ -75.710070249349215, 41.370099414246809 ], [ -75.814896469859008, 41.328304717368148 ], [ -75.943836909017378, 41.225580529608138 ] ], [ [ -77.681881463651038, 40.52788975992555 ], [ -77.551428446385245, 40.536528890292566 ], [ -77.543366214368376, 40.446143468272815 ], [ -77.184991703346554, 40.497968208860485 ], [ -77.256144740446672, 40.670474818339081 ], [ -77.202442682490968, 40.753735872171731 ], [ -77.59573977283128, 40.712365721053978 ], [ -77.681881463651038, 40.52788975992555 ] ], [ [ -77.233856687302847, 41.193396090548362 ], [ -77.289512588253828, 41.209057458522118 ], [ -77.343615377183752, 41.180304091957957 ], [ -77.22380182700914, 41.128412333086693 ], [ -77.233856687302847, 41.193396090548362 ] ], [ [ -76.589710917467926, 40.436434075818383 ], [ -76.647347013990284, 40.329309569698232 ], [ -76.56677002362126, 40.299783289546781 ], [ -76.512750659286851, 40.362716915547907 ], [ -76.589710917467926, 40.436434075818383 ] ], [ [ -76.844765747325624, 39.105156480745961 ], [ -76.883335755084715, 39.127826341211538 ], [ -76.922577495153959, 39.112065651669013 ], [ -76.886767618812897, 39.072358143029248 ], [ -76.844765747325624, 39.105156480745961 ] ], [ [ -77.065025003370607, 40.506918097546261 ], [ -77.097424044447877, 40.52990268065804 ], [ -77.130833113072782, 40.50755761575757 ], [ -77.097250586661602, 40.484918775889732 ], [ -77.065025003370607, 40.506918097546261 ] ], [ [ -77.826605425380308, 40.605983358414562 ], [ -77.84311135886189, 40.642628613258495 ], [ -77.884905872366758, 40.623113260066653 ], [ -77.850765137526764, 40.599887589311081 ], [ -77.826605425380308, 40.605983358414562 ] ], [ [ -77.443144461048718, 41.082488470921369 ], [ -77.451780467709497, 41.088626215100184 ], [ -77.482120484351242, 41.066711623414555 ], [ -77.44604624918945, 41.064228264095306 ], [ -77.443144461048718, 41.082488470921369 ] ], [ [ -80.62723130913966, 37.308938094173421 ], [ -80.62772514250068, 37.29917762147236 ], [ -80.618000066613234, 37.289867155623895 ], [ -80.612923551095264, 37.308194240980093 ], [ -80.62723130913966, 37.308938094173421 ] ], [ [ -81.767348813360414, 36.757236444380624 ], [ -81.761125746899737, 36.774664900121955 ], [ -81.766329363059683, 36.781465932990727 ], [ -81.773455032174226, 36.775728514921489 ], [ -81.767348813360414, 36.757236444380624 ] ], [ [ -77.147665795918698, 41.216968302848741 ], [ -77.153822412271865, 41.206572010800244 ], [ -77.139925900796101, 41.197821845092221 ], [ -77.133239164214743, 41.21346271306961 ], [ -77.147665795918698, 41.216968302848741 ] ], [ [ -74.707596731207019, 37.14199581187443 ], [ -74.72126934173734, 37.149806985284968 ], [ -74.736526862283057, 37.140076329249105 ], [ -74.725954225157693, 37.132054652883404 ], [ -74.707596731207019, 37.14199581187443 ] ], [ [ -77.402631452482183, 41.152487858192615 ], [ -77.391929809825385, 41.146303810168043 ], [ -77.383080444599969, 41.153748684420748 ], [ -77.390684026923353, 41.158800201103375 ], [ -77.402631452482183, 41.152487858192615 ] ], [ [ -79.52526120740032, 38.628247934007419 ], [ -79.518703471886369, 38.627913246496227 ], [ -79.522414169274583, 38.634685497763293 ], [ -79.524124356702259, 38.633437347414024 ], [ -79.52526120740032, 38.628247934007419 ] ] ] ] } },
{ "type": "Feature", "properties": { "PRODUCT": "7-day QPF", "VALID_TIME": "12Z 03/24/25 - 12Z 03/31/25", "QPF": 0.1, "UNITS": "Inches", "ISSUE_TIME": "2025-03-24 09:42:07", "START_TIME": "2025-03-24 12:00:00", "END_TIME": "2025-03-31 12:00:00", "InPoly_FID": 1, "fill": "green", "color": "green" }, "geometry": { "type": "MultiPolygon", "coordinates": [ [ [ [ -86.0, 36.0 ], [ -86.0, 48.0 ], [ -61.705124990610194, 48.0 ], [ -63.725965411614077, 42.131115506392298 ], [ -65.524757290617671, 36.0 ], [ -74.77640933444826, 36.0 ], [ -74.556930942017573, 36.277010160321176 ], [ -74.73054181547505, 36.378426822719312 ], [ -74.769470354521118, 36.513887075573656 ], [ -75.836842143181897, 36.0 ], [ -76.336320790967804, 36.0 ], [ -76.057595394242654, 36.290083575716672 ], [ -76.257766742978319, 36.39833101777176 ], [ -76.40357052200406, 36.195532619009541 ], [ -76.682804402357377, 36.184725866557848 ], [ -77.086075795132402, 36.0 ], [ -86.0, 36.0 ] ], [ [ -81.173376930374928, 36.060892886210915 ], [ -81.289035221295748, 36.069113980151648 ], [ -81.305674386780382, 36.043536060770904 ], [ -81.242245471418173, 36.017217123798353 ], [ -81.173376930374928, 36.060892886210915 ] ], [ [ -81.08758679378181, 36.100027032496008 ], [ -80.965899866519635, 36.138183359519353 ], [ -80.977507811425028, 36.225742110287747 ], [ -81.013462667279384, 36.172584848074152 ], [ -81.08758679378181, 36.100027032496008 ] ], [ [ -81.264773744751466, 36.187947355135449 ], [ -81.262216541979925, 36.180346284556606 ], [ -81.254728989584251, 36.187459940729966 ], [ -81.260526911861632, 36.190614877483846 ], [ -81.264773744751466, 36.187947355135449 ] ] ] ] } },
{ "type": "Feature", "properties": { "PRODUCT": "7-day QPF", "VALID_TIME": "12Z 03/24/25 - 12Z 03/31/25", "QPF": 0.01, "UNITS": "Inches", "ISSUE_TIME": "2025-03-24 09:42:07", "START_TIME": "2025-03-24 12:00:00", "END_TIME": "2025-03-31 12:00:00", "InPoly_FID": 0, "fill": "lime", "color": "lime" }, "geometry": { "type": "Polygon", "coordinates": [ [ [ -86.0, 36.0 ], [ -86.0, 48.0 ], [ -61.702385290997647, 48.0 ], [ -63.723538696353728, 42.131583877793787 ], [ -65.522934949218964, 36.0 ], [ -86.0, 36.0 ] ] ] } },
{ "type": "Feature", "properties": { "PRODUCT": "7-day QPF", "VALID_TIME": "12Z 03/24/25 - 12Z 03/31/25", "QPF": 1.75, "UNITS": "Inches", "ISSUE_TIME": "2025-03-24 09:42:07", "START_TIME": "2025-03-24 12:00:00", "END_TIME": "2025-03-31 12:00:00", "InPoly_FID": 8, "fill": "darkorchid", "color": "darkorchid" }, "geometry": { "type": "MultiPolygon", "coordinates": [ [ [ [ -80.489924125301897, 44.606198243602257 ], [ -80.507259704504776, 44.498975318092491 ], [ -80.322143052339641, 44.400045614631566 ], [ -80.293054909025216, 44.252037430424217 ], [ -80.566476298288023, 44.077134094969146 ], [ -81.299555051614206, 44.342093369531739 ], [ -81.472766161258662, 44.3208560792486 ], [ -81.319886887335073, 44.514262142540801 ], [ -81.762837672333433, 44.72997232872013 ], [ -81.877835414783618, 44.91442458429141 ], [ -81.648151094684479, 45.369735526148027 ], [ -82.111624739489471, 45.670471027277109 ], [ -82.078789772793641, 45.967991101121243 ], [ -81.754049603225269, 45.867799360218278 ], [ -81.656440342048043, 45.922704654610826 ], [ -81.662441427113905, 46.070351448121578 ], [ -81.487399439022582, 46.162326361786413 ], [ -80.541688363262637, 46.163703836144997 ], [ -79.246172810687455, 46.014292451267863 ], [ -78.997986754294388, 45.867070529026947 ], [ -78.995405123991304, 45.666878810028464 ], [ -78.455590899560718, 45.317313170711316 ], [ -78.853364804129143, 44.972427864938282 ], [ -79.109786317799376, 44.878509113977138 ], [ -80.131318718933329, 44.936556192361294 ], [ -79.716509577273328, 44.683206562404457 ], [ -79.745175300308333, 44.637674095181737 ], [ -80.489924125301897, 44.606198243602257 ] ], [ [ -81.502104549433454, 45.829733819207433 ], [ -81.382012177654531, 45.861521163470691 ], [ -81.368953550100201, 45.904226620896857 ], [ -81.451032602131122, 45.911807976500839 ], [ -81.502104549433454, 45.829733819207433 ] ], [ [ -79.385621635794692, 45.721240657393757 ], [ -79.325674485972897, 45.665066118649037 ], [ -79.292260424490763, 45.735599832341521 ], [ -79.310364258712085, 45.751017523701286 ], [ -79.385621635794692, 45.721240657393757 ] ], [ [ -81.416133331685288, 44.376801595537287 ], [ -81.403785683975912, 44.364463939049081 ], [ -81.401810509993311, 44.364571162884275 ], [ -81.401834297772211, 44.378940361004965 ], [ -81.416133331685288, 44.376801595537287 ] ], [ [ -81.248133045258825, 45.86205881751539 ], [ -81.234629303266416, 45.864774238556308 ], [ -81.27540923291788, 45.864888701018742 ], [ -81.265911671928649, 45.862165453691738 ], [ -81.248133045258825, 45.86205881751539 ] ], [ [ -80.788673549443942, 45.612214210495885 ], [ -80.785683430749017, 45.60737704632907 ], [ -80.780831697848683, 45.612217129266291 ], [ -80.785162239018504, 45.615131021717396 ], [ -80.788673549443942, 45.612214210495885 ] ] ], [ [ [ -86.0, 43.927766820596787 ], [ -85.937529162084559, 44.29895176847355 ], [ -86.0, 44.405453562879188 ], [ -86.0, 46.125430818085484 ], [ -85.49947285391741, 46.17966192281002 ], [ -85.36850567967079, 46.350194431319345 ], [ -85.601864318801162, 46.455813516630663 ], [ -86.0, 46.4208631305195 ], [ -86.0, 46.537866714041023 ], [ -85.210834932756981, 46.750031918881604 ], [ -85.009256616605228, 46.575428881677212 ], [ -84.71696381353911, 46.510986606582051 ], [ -84.482560991513864, 46.612657154469019 ], [ -84.312194627287909, 46.596822081063827 ], [ -84.20035922924724, 46.479727586168345 ], [ -84.313775763464761, 46.304489941230067 ], [ -84.203829719407466, 46.228020354013736 ], [ -83.975316335293186, 46.432164567553478 ], [ -83.735535782197019, 46.359395479017039 ], [ -83.679777301965672, 46.239150938915984 ], [ -83.815226155921223, 46.148770968023818 ], [ -83.817570951233364, 45.961587337936479 ], [ -83.639415574952011, 46.021607184089817 ], [ -83.75937380574014, 45.906744177538165 ], [ -83.359575423469735, 45.634887785411465 ], [ -83.188729708765081, 45.199988120052659 ], [ -83.552225683001836, 45.121898965076809 ], [ -83.88177812579508, 45.149954883407744 ], [ -84.201703306565207, 45.019106181934632 ], [ -84.230887043303767, 44.929311638720165 ], [ -84.074205439524263, 44.707197256465548 ], [ -84.95865736786665, 44.358008862125047 ], [ -84.922360952353984, 44.161236916893984 ], [ -85.214628929328612, 44.079113870872227 ], [ -85.467753527017862, 43.704117064840261 ], [ -86.0, 43.927766820596787 ] ], [ [ -85.404106029793539, 44.51487493681573 ], [ -85.539543298136039, 44.712386890561483 ], [ -85.673752427139192, 44.696104642447523 ], [ -85.553287615982214, 44.499937494863147 ], [ -85.404106029793539, 44.51487493681573 ] ], [ [ -84.585432238542722, 46.489768876405108 ], [ -84.606947263300995, 46.493503128214392 ], [ -84.625466615362797, 46.451118236529801 ], [ -84.54622471702703, 46.453695065904348 ], [ -84.585432238542722, 46.489768876405108 ] ], [ [ -84.41802117641133, 46.563088010310913 ], [ -84.402952650723734, 46.566523845408874 ], [ -84.403610223950963, 46.578616464518433 ], [ -84.432526240034164, 46.567042135447807 ], [ -84.41802117641133, 46.563088010310913 ] ], [ [ -84.611661670665754, 46.313265736456067 ], [ -84.596675138381954, 46.308486567556564 ], [ -84.572133775377367, 46.313857781449798 ], [ -84.596958880112709, 46.32042950675573 ], [ -84.611661670665754, 46.313265736456067 ] ], [ [ -84.978908303121699, 46.513346198991989 ], [ -84.993106221214219, 46.510477154533405 ], [ -84.963660625825142, 46.51053838447519 ], [ -84.966176485973534, 46.512922645393516 ], [ -84.978908303121699, 46.513346198991989 ] ] ] ] } },
{ "type": "Feature", "properties": { "PRODUCT": "7-day QPF", "VALID_TIME": "12Z 03/24/25 - 12Z 03/31/25", "QPF": 2.0, "UNITS": "Inches", "ISSUE_TIME": "2025-03-24 09:42:07", "START_TIME": "2025-03-24 12:00:00", "END_TIME": "2025-03-31 12:00:00", "InPoly_FID": 9, "fill": "purple", "color": "purple" }, "geometry": { "type": "MultiPolygon", "coordinates": [ [ [ [ -80.378101914219044, 45.433402159549182 ], [ -80.610295886732217, 45.76264883776328 ], [ -80.636240003704799, 45.976289278607496 ], [ -80.173207550005387, 45.959917789345795 ], [ -79.353457041139606, 45.210200511849109 ], [ -79.973520001738351, 45.223603320319462 ], [ -80.378101914219044, 45.433402159549182 ] ], [ [ -80.569466230676099, 45.894758101380532 ], [ -80.550836282120144, 45.924599858721471 ], [ -80.559502324307672, 45.951808474722519 ], [ -80.571948955444682, 45.939735018712341 ], [ -80.569466230676099, 45.894758101380532 ] ], [ [ -80.311065863382098, 45.921079487398963 ], [ -80.305654272252056, 45.921537782288318 ], [ -80.308801839598814, 45.930883680937114 ], [ -80.31125754733435, 45.924757191465567 ], [ -80.311065863382098, 45.921079487398963 ] ], [ [ -80.199845184217409, 45.920852426509761 ], [ -80.197601656111658, 45.91665927622374 ], [ -80.19584865448509, 45.916296066761241 ], [ -80.195083436693395, 45.922498790985621 ], [ -80.199845184217409, 45.920852426509761 ] ] ], [ [ [ -86.0, 44.854958765339319 ], [ -86.0, 45.875261589630504 ], [ -85.941522492210822, 45.973916815849961 ], [ -85.834454147452902, 46.042977577936632 ], [ -85.269213310652447, 46.062340268283734 ], [ -84.983819095877749, 46.374290049440503 ], [ -84.856874656015819, 46.127539940553291 ], [ -84.682433764251471, 46.133739782941404 ], [ -84.444607537058673, 46.019087170049922 ], [ -84.947971494522875, 45.92880121203077 ], [ -84.945348411816298, 45.755704556094393 ], [ -84.794613106592323, 45.773071847436128 ], [ -84.631520593218482, 45.653444546477644 ], [ -84.617443958284298, 45.775551171322242 ], [ -84.524784384269111, 45.810741438258304 ], [ -84.031259812276886, 45.794486373614696 ], [ -83.572262265743703, 45.531665325899766 ], [ -84.097381900856121, 45.236305315767396 ], [ -84.51556910829143, 45.150317881911086 ], [ -84.79273529925905, 44.843533433052293 ], [ -84.995176186477281, 44.737482602794074 ], [ -85.385380102799431, 44.896080716962281 ], [ -86.0, 44.854958765339319 ] ], [ [ -85.199334105120627, 45.091391805208296 ], [ -85.137645654261959, 45.043920363677572 ], [ -85.075179363123496, 45.176325335211935 ], [ -85.201612839957647, 45.184002217533283 ], [ -85.199334105120627, 45.091391805208296 ] ], [ [ -84.506751219277817, 45.631017759294558 ], [ -84.517150526396108, 45.658898831882645 ], [ -84.547407423287922, 45.639759495872966 ], [ -84.52485547540654, 45.613067729304703 ], [ -84.506751219277817, 45.631017759294558 ] ], [ [ -85.872531954217294, 45.920266337784341 ], [ -85.902103558557783, 45.926124749169887 ], [ -85.908479847537123, 45.901863759248378 ], [ -85.890945040351653, 45.89413151057073 ], [ -85.872531954217294, 45.920266337784341 ] ], [ [ -84.993799002812182, 45.696719740672464 ], [ -84.987381041058001, 45.698378647457652 ], [ -84.992216060456272, 45.706569762576493 ], [ -84.993980492508356, 45.701959076635625 ], [ -84.993799002812182, 45.696719740672464 ] ] ] ] } }
]
}
