{
"type": "FeatureCollection",
"features": [
{ "type": "Feature", "properties": { "QPF": 0.01, "UNITS": "Inches", "VALID_TIME": "12Z 04/23/26 - 12Z 04/24/26", "PRODUCT": "24-hour QPF", "ISSUE_TIME": "2026-04-21 10:08:37", "START_TIME": "2026-04-23 12:00:00", "END_TIME": "2026-04-24 12:00:00", "fill": "lime", "color": "lime" }, "geometry": { "type": "Polygon", "coordinates": [ [ [ -90.971364313504523, 22.57389555789192 ], [ -91.461575077443584, 22.723499562252382 ], [ -91.676135182746691, 23.001744000299105 ], [ -91.849290495986324, 23.051945475603304 ], [ -91.920099468028454, 23.166876711782702 ], [ -91.864711115108506, 23.394061461982094 ], [ -91.56062430410411, 23.592841993663651 ], [ -91.193765408320274, 24.177797877406878 ], [ -91.285630601305755, 24.454278602413993 ], [ -91.181476154814646, 24.588729699683494 ], [ -91.329678009610348, 24.660994364967149 ], [ -91.322179630222053, 24.912133262819882 ], [ -91.523076824337494, 24.963001463642613 ], [ -91.5505047871236, 24.883673188084359 ], [ -91.852835455708416, 24.878924070454492 ], [ -92.270307884292023, 25.320802458579596 ], [ -92.207818036629916, 25.845039906149221 ], [ -92.658804310805209, 26.149635003418794 ], [ -92.75717786155775, 26.333824808546595 ], [ -92.749141553400833, 26.767552654536441 ], [ -92.950960016804473, 26.930220394374082 ], [ -93.149122023290346, 27.366441886635382 ], [ -93.352990819524834, 27.551701611757661 ], [ -93.60871685776381, 27.622328414243423 ], [ -93.759205415748738, 28.011434559501836 ], [ -94.04492049827023, 27.922971133858375 ], [ -94.534311474400397, 27.992933417050498 ], [ -94.482158686832037, 28.106800943343973 ], [ -94.58533907304475, 28.175528527140443 ], [ -94.533333455663595, 28.243789603937522 ], [ -94.584863789416147, 28.312342533585433 ], [ -94.376124210379942, 28.608006613895498 ], [ -94.530915357545808, 28.859249934996587 ], [ -94.529561110337127, 29.200981287380216 ], [ -94.737601060568622, 29.520286505986828 ], [ -94.946882546549674, 29.588797406016791 ], [ -94.946769479611234, 29.839169234277751 ], [ -95.156891913617258, 30.02112923898461 ], [ -95.104726348275932, 30.453281698824117 ], [ -94.827563714236902, 30.907729096069069 ], [ -94.7351689272747, 30.975018975873638 ], [ -94.364546110252093, 30.92853495797543 ], [ -94.098189613675146, 31.018821465047701 ], [ -93.937526743198205, 31.199489086862691 ], [ -93.881597472522373, 31.494173476729447 ], [ -93.667420227026255, 31.605965861691583 ], [ -93.611696814653797, 31.809620830257675 ], [ -93.208475806424246, 32.054259824848891 ], [ -93.022098734384386, 32.006730320755651 ], [ -92.886805868271466, 32.095663038439149 ], [ -92.512379245858313, 32.090280112524766 ], [ -92.381053546258897, 32.020908019045116 ], [ -92.382794913780486, 31.906852272384508 ], [ -92.195897494968406, 31.903679570352153 ], [ -91.723099030173472, 31.622465319544322 ], [ -91.491694892501229, 31.345153709802378 ], [ -91.353146108236558, 31.523639706924371 ], [ -91.169986002591301, 31.451960804079519 ], [ -91.254026124643019, 31.295761167080315 ], [ -91.441351793134601, 31.253205371921904 ], [ -90.464700979944737, 31.091964041537395 ], [ -90.232600752437278, 30.949516529179668 ], [ -90.203086321437127, 30.380118158184551 ], [ -90.311182296265457, 30.315125739074166 ], [ -90.316641005407121, 30.178753708992584 ], [ -90.062328317275885, 29.966074559833224 ], [ -90.018520340539482, 29.75974277889074 ], [ -90.404012083184497, 29.293186223930046 ], [ -90.617033523938645, 29.185400624378499 ], [ -90.6229288165664, 29.026023275612332 ], [ -90.78646949399733, 28.825390105142141 ], [ -90.605370002615317, 28.774020372330188 ], [ -90.382133958869034, 28.493838620443498 ], [ -89.791964046818308, 28.338139768215715 ], [ -89.722162484246908, 28.176756670028343 ], [ -89.880199928305984, 28.113638596057925 ], [ -89.884101734022082, 28.022478167982225 ], [ -89.655035356983149, 27.922637505437713 ], [ -89.336983623873436, 27.545891068846498 ], [ -89.233283606641749, 27.542743640432537 ], [ -88.984509153782753, 27.897797119939291 ], [ -88.909106127510057, 27.872717023217572 ], [ -88.914089562321237, 27.758376793432991 ], [ -88.829812953382429, 27.891648525840996 ], [ -88.546245295772209, 27.879970875733974 ], [ -88.301533426108705, 28.097829994666029 ], [ -87.349395576448742, 28.008008792397703 ], [ -86.985334209608624, 28.034745921882802 ], [ -86.954943509313395, 28.101695000070141 ], [ -86.587278814293327, 28.173379749682098 ], [ -86.514678099937811, 28.100837138337504 ], [ -85.866330144564429, 28.109330697560448 ], [ -85.497563051553669, 27.858291844461249 ], [ -85.236509574647215, 27.887603631714956 ], [ -85.218883895291484, 28.093017940194098 ], [ -84.871130331279204, 28.22979500909025 ], [ -84.800306024447082, 28.15723452137723 ], [ -84.813896749538785, 27.998042507751094 ], [ -84.613785438301505, 27.915982222936329 ], [ -84.670396183615438, 27.850449782070552 ], [ -84.338069387856081, 27.804771641713202 ], [ -84.076818392392752, 27.558181451216392 ], [ -84.016524266710206, 27.370707559348226 ], [ -84.069041928920242, 27.076831987015272 ], [ -83.850722214252414, 26.647948349235108 ], [ -83.498733119572663, 26.575777801821232 ], [ -83.312851577698922, 26.378189847721522 ], [ -83.279723186829912, 26.456200807674005 ], [ -83.160480533948459, 26.366681850977471 ], [ -83.075405643559606, 26.451301528062622 ], [ -82.923002013112338, 26.439190938153679 ], [ -82.808210664086289, 26.316072638479756 ], [ -82.784569858152494, 26.039029735842313 ], [ -82.85111789006389, 25.883920090257355 ], [ -82.758823014089245, 25.783975228035807 ], [ -82.515603333523714, 25.672208201805187 ], [ -82.132424283856849, 25.685701222173165 ], [ -82.015988689346898, 25.583893667618295 ], [ -81.713557216035326, 25.557746250990206 ], [ -81.678469654023473, 25.646058005060695 ], [ -81.507005533342507, 25.585184755230429 ], [ -81.360736128022296, 25.755202414810704 ], [ -81.284166979753891, 25.748955553488429 ], [ -81.261081392188245, 25.953434357447936 ], [ -81.141880363418309, 26.103176155605031 ], [ -81.150983681055351, 26.471265581052865 ], [ -81.29036312683499, 26.598731198348354 ], [ -81.269711718341327, 26.78043187336613 ], [ -81.023271251206666, 26.91778124669548 ], [ -80.75396354120744, 26.800877220178723 ], [ -80.717772731917037, 26.889284838737275 ], [ -80.595952194071089, 26.831832884347758 ], [ -80.431469496300252, 26.908662090717531 ], [ -80.608708191637959, 27.155880195993635 ], [ -80.819050169439322, 27.129041822964879 ], [ -80.966885541891202, 26.959935790110951 ], [ -81.417853905756431, 27.069828151846501 ], [ -81.742206405589059, 27.625148020235297 ], [ -81.9223650652999, 27.641432704788976 ], [ -82.037513496468108, 27.765117183048879 ], [ -82.022729417583321, 27.901358723741165 ], [ -81.804684401109853, 27.997286454179118 ], [ -81.625010628836876, 28.210860856004189 ], [ -81.751760660928895, 28.473865016207483 ], [ -81.654264815344774, 28.877683161972904 ], [ -81.460955454552533, 28.974607754494915 ], [ -81.227771284238599, 28.953988255702352 ], [ -81.076906181627834, 29.123679698886995 ], [ -80.973158425536539, 29.114303748810681 ], [ -80.837340488381514, 28.942303678873742 ], [ -80.83514260701088, 28.73515621122068 ], [ -80.602229738076701, 28.507989497291771 ], [ -80.59740122546458, 28.117725671828318 ], [ -80.422265169902388, 27.848802809882823 ], [ -80.449900082429266, 27.621986501826207 ], [ -80.534031278146287, 27.561889280666438 ], [ -80.866971223768687, 27.591663939402903 ], [ -80.638197945844993, 27.340806743548544 ], [ -80.536022106691121, 27.331120858599196 ], [ -80.335071355285592, 27.495493402835368 ], [ -80.039602826369702, 27.37490489339735 ], [ -79.842035064924886, 27.103450685711547 ], [ -79.822584860175937, 26.848841013277546 ], [ -79.50309625184083, 26.723802435529478 ], [ -79.370190088281561, 26.366094712648177 ], [ -79.48887770007363, 26.034328849584721 ], [ -79.811511732805883, 26.113246281920166 ], [ -79.898639060421942, 26.030111089213154 ], [ -80.069870173980675, 26.093170318094749 ], [ -80.334776073765099, 26.440788407988002 ], [ -80.405556824866238, 26.286158496834148 ], [ -80.55478436505588, 26.323505756373745 ], [ -80.643146300594751, 26.010465340975632 ], [ -80.566627452357423, 26.002400918867419 ], [ -80.55217398835596, 25.909146068817794 ], [ -79.814846931805505, 25.882313709267446 ], [ -79.510172643692371, 25.667268215484327 ], [ -79.252579122041681, 25.686752043827518 ], [ -78.94618983632634, 26.068542789731257 ], [ -78.93487999857885, 26.160054842897178 ], [ -79.092431020266119, 26.13082058076267 ], [ -79.17795571024412, 26.254064700238583 ], [ -79.079658765362197, 26.611545362050997 ], [ -78.926602625879241, 26.801502715194918 ], [ -78.799636952196593, 26.787948965028395 ], [ -78.59724540018567, 26.950080509523097 ], [ -78.400178431758761, 26.882593392462503 ], [ -78.196922134894038, 26.676104767460185 ], [ -77.519391839549243, 26.553076314382494 ], [ -77.406061160657799, 26.447787444208771 ], [ -77.013414178646912, 26.493517750817308 ], [ -75.851598247243004, 26.350123354979896 ], [ -75.657901532548991, 26.118435998384317 ], [ -75.529338793790728, 25.640312987889473 ], [ -75.60476832820946, 25.488609542673899 ], [ -75.644367694551988, 25.239942983219784 ], [ -75.697939060266393, 25.223825904870527 ], [ -75.755087232639966, 24.862083151989108 ], [ -75.406603287105625, 24.492620675678712 ], [ -74.61481875793352, 24.524154439780226 ], [ -74.345591551603277, 24.163314892861973 ], [ -73.806750490209765, 23.763166661301579 ], [ -73.289517415014615, 23.687609744440504 ], [ -72.788977900053794, 23.381269390250353 ], [ -72.564839205494607, 23.093230312241413 ], [ -72.597494484899102, 22.913116741479598 ], [ -72.650448097695843, 22.898102701479868 ], [ -72.780566421094278, 22.732919064666227 ], [ -72.812817463196822, 22.552800623951498 ], [ -72.780189050391471, 22.45530994250252 ], [ -72.576667884499827, 22.192015449017266 ], [ -72.487619218228332, 22.131964738974713 ], [ -72.050696237954014, 22.063446097046658 ], [ -71.961274394445894, 22.141827749958001 ], [ -71.888463247304131, 22.130236297407453 ], [ -71.855829235109809, 22.171324146529184 ], [ -71.467620797369008, 22.108804733519939 ], [ -71.291336713867636, 21.849188070321745 ], [ -71.274224994156839, 21.939020102594217 ], [ -71.443098238323074, 22.106301041189724 ], [ -71.875012984734013, 22.198274004167473 ], [ -71.83907800699069, 22.261247233021908 ], [ -71.402067441314614, 22.190784942922743 ], [ -71.178300890389551, 21.922513358890949 ], [ -70.428662780626453, 21.797005516225504 ], [ -70.422146805707456, 21.703536129189516 ], [ -70.389217952442394, 21.743919750978542 ], [ -70.123705896076459, 21.698395209131643 ], [ -69.816153789154413, 21.737822583318756 ], [ -69.417625691953646, 21.853396663021879 ], [ -68.925873730789107, 21.811814260718819 ], [ -68.92386501275368, 21.742498120515215 ], [ -69.005531165789534, 21.315999063752479 ], [ -69.21154712735067, 20.332384365122376 ], [ -68.995378117186164, 21.453483373171824 ], [ -69.178071256569453, 21.561297523026894 ], [ -69.498217878118936, 21.543440806996816 ], [ -69.941327958474474, 21.36421037756039 ], [ -70.944884574771081, 21.57974516627193 ], [ -71.094698005516207, 21.577781255371178 ], [ -71.587414802830423, 21.340113746537728 ], [ -71.833055687612514, 21.354823166212814 ], [ -72.485759292335061, 21.590402916856217 ], [ -72.697869642782123, 21.471694034205758 ], [ -73.153253512244532, 21.46831040932787 ], [ -73.859723860541123, 21.738644717821181 ], [ -73.885379719925282, 21.880891077499633 ], [ -73.761438082878939, 22.024406573285663 ], [ -73.820143318887645, 22.071783130872753 ], [ -74.472804365816756, 22.192294090907335 ], [ -74.694950012695003, 22.358244355928178 ], [ -75.002277018096336, 22.308535504321529 ], [ -75.109833108122501, 22.415532302060029 ], [ -75.517453687041083, 22.520426254832504 ], [ -75.615626564952677, 22.691210497724843 ], [ -76.140773440709538, 23.017185176193763 ], [ -76.393983142073481, 23.498980245562546 ], [ -76.84854239809016, 23.709267338564487 ], [ -76.639674955320629, 24.098185664595007 ], [ -76.414066907947216, 24.254371312519837 ], [ -76.56735245030896, 24.358395975933657 ], [ -76.754707271366726, 24.289438263947755 ], [ -76.840647695763309, 24.392195779504423 ], [ -76.773424828916973, 24.844865326021846 ], [ -76.9297870759234, 24.817884845131083 ], [ -77.091137444850162, 24.929591030389634 ], [ -77.348997241023113, 24.783526870563751 ], [ -77.320341447856833, 24.925698189176355 ], [ -76.906561745441934, 25.029828212375289 ], [ -76.991172948216047, 25.263146146434636 ], [ -77.295737407534745, 25.214859292273591 ], [ -77.31254811520472, 25.155122171072058 ], [ -77.080498625672817, 25.120003568023272 ], [ -77.478761641304459, 24.883650642448458 ], [ -77.477769004101248, 25.067785237662449 ], [ -77.722086431065662, 24.95818546036395 ], [ -77.84067837287904, 25.017961009674544 ], [ -78.090169083646614, 24.867280003768403 ], [ -78.89479002076375, 25.112681129352612 ], [ -79.414276672580058, 24.823031040242352 ], [ -80.134253528224946, 24.733108592548373 ], [ -80.336199321639569, 24.736621160580398 ], [ -80.425844362815113, 24.83364646798471 ], [ -80.681412203843124, 24.812517966125846 ], [ -80.722748828929383, 24.961637569421612 ], [ -80.658457585294514, 25.008747965034047 ], [ -80.51348208126366, 24.948785014287825 ], [ -80.564450022653801, 24.877474201180128 ], [ -80.499192710692441, 24.855512211163607 ], [ -80.25828949050873, 25.031266951604309 ], [ -80.318146751117723, 25.098746269167002 ], [ -80.554575041867452, 25.029954153683718 ], [ -80.699666425782652, 25.089877184286472 ], [ -80.760402043794585, 25.003824457436174 ], [ -80.804536219468474, 25.130208114811474 ], [ -80.900327729832043, 25.108979827494032 ], [ -80.942030514233565, 25.25803816785853 ], [ -80.881296480772818, 25.344163384633504 ], [ -80.969411213690506, 25.391036657156089 ], [ -81.188196379204257, 25.254369184328997 ], [ -81.570525477605059, 25.239646315748697 ], [ -81.96933200318486, 25.068449463705793 ], [ -82.055307561152517, 25.213595417689781 ], [ -82.553070291300173, 25.305424915701259 ], [ -83.17882193184073, 25.654213799106266 ], [ -83.324160321217292, 25.99536446855473 ], [ -83.849205400301756, 26.386493544376464 ], [ -84.227445725644586, 26.538543656628846 ], [ -84.536302616719055, 27.063938645147026 ], [ -85.01765284258704, 27.409365457032703 ], [ -85.574648379567563, 27.536304158312607 ], [ -85.990301966813931, 27.496454942277822 ], [ -86.163548952667753, 27.594385953217859 ], [ -86.556634062877976, 27.507188334177588 ], [ -86.898039618219954, 27.795075773451828 ], [ -87.489459275353951, 27.837718734458093 ], [ -87.671540750578657, 27.749978964993463 ], [ -87.582680631270421, 27.517205109827309 ], [ -87.827511047475681, 27.300390105826146 ], [ -87.865581152053778, 27.16139915199691 ], [ -88.078516584692039, 27.17488440894634 ], [ -88.414509513178984, 27.456643886844692 ], [ -88.594671749404043, 27.380241302868178 ], [ -88.615485261858396, 27.17549494884652 ], [ -88.462955839952741, 26.963364658938527 ], [ -88.510177436693027, 26.638117052871426 ], [ -88.6632562710424, 26.644594463128279 ], [ -88.760617265694833, 26.740047608522346 ], [ -89.63109193357954, 26.727651234493042 ], [ -89.833546236545402, 26.970429210828474 ], [ -89.724203901788201, 27.1265683827232 ], [ -89.714208088677793, 27.354613149286251 ], [ -90.06525681178627, 27.571869007876487 ], [ -90.158519357146588, 27.711827801299428 ], [ -90.14422706841367, 28.030926330702073 ], [ -90.394580130736799, 28.171901626427726 ], [ -90.718452313306813, 28.523431127428108 ], [ -91.109164029202631, 28.481783737318349 ], [ -91.377244841771585, 28.198193785360456 ], [ -91.584277896298801, 28.199281538769714 ], [ -91.761850430371922, 28.332218028999261 ], [ -91.782742327774855, 28.210859455911731 ], [ -91.947595023291242, 28.161301699049208 ], [ -92.019489096186021, 28.390784061886993 ], [ -92.408159730671912, 28.397811707294839 ], [ -92.535842169401178, 28.491112118052815 ], [ -92.546856167315141, 28.384575479427959 ], [ -92.401695777973927, 28.313783339136851 ], [ -92.506704535132428, 28.247103152603142 ], [ -92.510981327027508, 28.041895750288134 ], [ -92.648575199193417, 28.03676525183543 ], [ -92.720717085817597, 27.88546909409645 ], [ -92.603007712187392, 27.731268493240847 ], [ -92.398666663029772, 27.644419096049795 ], [ -92.244346758091353, 27.633959055546196 ], [ -92.051580750945917, 27.805614634006627 ], [ -92.054941845057883, 27.668768295772185 ], [ -92.213176725703818, 27.511986602187811 ], [ -92.224664572587017, 27.19264929614523 ], [ -92.128701004882842, 27.084034054387544 ], [ -91.438128764144039, 27.023777468784676 ], [ -91.256009032780668, 27.110737665986512 ], [ -91.035833121131233, 26.785462400619593 ], [ -90.540633341428176, 26.810095665456139 ], [ -90.594254118820714, 26.743139725465792 ], [ -90.559896341457858, 26.285267237562358 ], [ -90.409768866856808, 26.212241473513068 ], [ -90.615743995673114, 26.149820624263032 ], [ -90.633737100481738, 25.761926437995939 ], [ -90.840227514394215, 25.53928942894899 ], [ -90.902301384066661, 25.19825615420169 ], [ -90.32468116735437, 24.663035788759998 ], [ -90.385113196158855, 24.177726608893138 ], [ -89.791499212762034, 24.188264245837232 ], [ -89.670356238359574, 24.092549341607487 ], [ -89.445403680271738, 24.08430133027008 ], [ -88.95898911465801, 23.791000969872808 ], [ -88.866327995300963, 23.482745557985908 ], [ -88.583769032060815, 23.31806339167666 ], [ -88.230154982894931, 23.41289340231549 ], [ -88.032663149499086, 23.380842840470965 ], [ -87.904610973815011, 22.959621852328361 ], [ -88.011126282677338, 22.736183164857536 ], [ -87.878454804566246, 22.455599444704774 ], [ -88.700192102040745, 22.493581727209843 ], [ -89.329333764536258, 22.793707671995129 ], [ -89.589579111996414, 23.077632188542754 ], [ -89.840233369786304, 23.040208927484947 ], [ -89.85435183531095, 22.698101631222425 ], [ -90.032916764226414, 22.545132779282763 ], [ -90.971364313504523, 22.57389555789192 ] ], [ [ -90.038549957476093, 24.075147317066687 ], [ -89.972193621121377, 24.057375128969881 ], [ -89.952704689912977, 24.117957570560932 ], [ -90.019090561632524, 24.135739690971707 ], [ -90.038549957476093, 24.075147317066687 ] ], [ [ -89.888583404175776, 24.070058372218831 ], [ -89.872230744961797, 24.053954683051124 ], [ -89.854592139555209, 24.068883803510857 ], [ -89.870944324462073, 24.084990449192361 ], [ -89.888583404175776, 24.070058372218831 ] ], [ [ -90.777651432465163, 24.417889123709081 ], [ -90.641670362087339, 24.45966956912768 ], [ -90.705159203113496, 24.568453283362381 ], [ -90.823155241519032, 24.556268788763298 ], [ -90.777651432465163, 24.417889123709081 ] ], [ [ -80.406845871393642, 25.137774852505366 ], [ -80.356180356424389, 25.132809780501866 ], [ -80.40853025536677, 25.191695160031866 ], [ -80.429222813093986, 25.162933972791869 ], [ -80.406845871393642, 25.137774852505366 ] ], [ [ -80.608766490678178, 25.86938369675082 ], [ -80.608044949758934, 25.868579697161497 ], [ -80.607151369859139, 25.869228839806549 ], [ -80.607872846703955, 25.870032968788745 ], [ -80.608766490678178, 25.86938369675082 ] ], [ [ -80.699033408276065, 25.969866429066403 ], [ -80.698310677379439, 25.969062884431231 ], [ -80.697416841617596, 25.969712544108638 ], [ -80.698139508730634, 25.970516217777092 ], [ -80.699033408276065, 25.969866429066403 ] ], [ [ -92.180001259428721, 28.925434620953801 ], [ -91.90244730416012, 28.904633821441365 ], [ -91.83108004861262, 28.964269934819335 ], [ -92.0748542492627, 29.303540840949335 ], [ -92.224595438807313, 29.245235917943212 ], [ -92.180001259428721, 28.925434620953801 ] ], [ [ -91.405318601164851, 29.706755512220511 ], [ -91.02113351520336, 29.811279621045863 ], [ -90.977494004263832, 30.197100590008844 ], [ -91.051418374359869, 30.471961934168547 ], [ -91.462295226307162, 30.845482071655734 ], [ -92.029073805428709, 31.122511148206208 ], [ -92.18007710099721, 31.109827542455285 ], [ -92.245538778555186, 30.944702184370882 ], [ -92.854789942723585, 30.943846455572636 ], [ -93.352444601717465, 30.740183543142702 ], [ -93.459990239220915, 30.604907149652782 ], [ -93.672012177176327, 30.538644949384885 ], [ -93.655291247859793, 30.432106650361298 ], [ -93.523459244696369, 30.430923882757526 ], [ -93.471511992608839, 30.370399935484631 ], [ -93.681822033493333, 30.41778043652927 ], [ -93.759909717704517, 30.512992811924693 ], [ -93.928202941084407, 30.40419158469712 ], [ -93.815336245373899, 30.251477744426129 ], [ -93.7100318615107, 30.250647528406397 ], [ -93.682682778720647, 30.341386343623356 ], [ -93.209219646527671, 30.287580048895197 ], [ -92.97531068035876, 30.106403382317399 ], [ -92.843017054066593, 30.150137297931373 ], [ -92.369623761021018, 30.142908820638386 ], [ -92.050721959459565, 30.270088636186834 ], [ -91.405318601164851, 29.706755512220511 ] ], [ [ -92.679192551885905, 30.026759794573724 ], [ -92.661634776843755, 30.011025996563088 ], [ -92.643460798382677, 30.026226082247792 ], [ -92.661018334502842, 30.041962325422148 ], [ -92.679192551885905, 30.026759794573724 ] ], [ [ -92.678292608100492, 30.072252080951444 ], [ -92.660728146867797, 30.056519306789284 ], [ -92.642547004372304, 30.071718199948855 ], [ -92.66011122640505, 30.08745341517151 ], [ -92.678292608100492, 30.072252080951444 ] ], [ [ -92.625726546441996, 30.07146415296431 ], [ -92.608169252065764, 30.055725466674907 ], [ -92.589981426482893, 30.070918277238619 ], [ -92.607538476290344, 30.08665940459403 ], [ -92.625726546441996, 30.07146415296431 ] ], [ [ -92.62480552121589, 30.116952910403953 ], [ -92.607241541208353, 30.101215256170143 ], [ -92.589046540856813, 30.116406862431148 ], [ -92.606610276010841, 30.132146953626439 ], [ -92.62480552121589, 30.116952910403953 ] ], [ [ -94.096386599618398, 30.268812148369548 ], [ -94.078603181215712, 30.253244157536017 ], [ -94.060576445118315, 30.268601920210525 ], [ -94.078359768971765, 30.284172335565636 ], [ -94.096386599618398, 30.268812148369548 ] ], [ [ -94.043725543896926, 30.268500167962813 ], [ -93.973295461793001, 30.252590586159808 ], [ -93.954849048931493, 30.313416162461493 ], [ -94.025313198907384, 30.329333188388169 ], [ -94.043725543896926, 30.268500167962813 ] ], [ [ -99.384165066126386, 22.837702272842716 ], [ -99.065366050178895, 22.914632204505903 ], [ -98.927515966204624, 23.260920490351644 ], [ -99.032006965082815, 23.441552821952936 ], [ -98.761140411519492, 23.540058380849803 ], [ -98.543710053021229, 23.750266281247839 ], [ -98.498983422203011, 23.934068447073436 ], [ -98.935032072868196, 24.310793285454185 ], [ -99.209014991380272, 24.257959686025359 ], [ -99.212162994958021, 24.326781995477912 ], [ -99.415010050301035, 24.389448990801565 ], [ -99.524461318814829, 24.63752501564116 ], [ -99.733243129552093, 24.836720238527096 ], [ -99.741162600409325, 25.042148888011617 ], [ -99.957446468846754, 25.400807825472658 ], [ -100.299855651691885, 25.731205043713874 ], [ -100.705118571955623, 25.716378651338957 ], [ -100.764157653773722, 25.371974208315141 ], [ -100.229180455984562, 24.683038501710481 ], [ -100.005962648594391, 24.1422096637558 ], [ -99.925546509719709, 23.390880864262066 ], [ -99.714561614752171, 23.07797464913304 ], [ -99.384165066126386, 22.837702272842716 ] ], [ [ -99.543808820309962, 23.357434611318485 ], [ -99.387339893701238, 23.407852316455983 ], [ -99.391368324418153, 23.521948515473731 ], [ -99.510606967071496, 23.594659982404874 ], [ -99.622608172641364, 23.46920762782991 ], [ -99.543808820309962, 23.357434611318485 ] ], [ [ -99.782977954249731, 24.400927536803337 ], [ -99.723828759466016, 24.402816912209399 ], [ -99.745857545271292, 24.531918263171953 ], [ -99.812490457130977, 24.51423972587537 ], [ -99.782977954249731, 24.400927536803337 ] ], [ [ -100.265204693032757, 25.116044366558185 ], [ -100.12853736024438, 25.212212832539311 ], [ -100.259373948674337, 25.380469148159605 ], [ -100.37199100163329, 25.317963382908093 ], [ -100.265204693032757, 25.116044366558185 ] ], [ [ -100.506375207490706, 25.427375820553671 ], [ -100.422484638981672, 25.45328816214397 ], [ -100.443061809103455, 25.528886013718182 ], [ -100.564064803583435, 25.493821244176125 ], [ -100.506375207490706, 25.427375820553671 ] ], [ [ -70.292361206108978, 21.728856169573255 ], [ -70.147549111432056, 21.703988497457992 ], [ -70.110894631799454, 21.766504446921143 ], [ -70.274838486265068, 21.817123202732166 ], [ -70.292361206108978, 21.728856169573255 ] ], [ [ -72.463072479346835, 22.12963200001818 ], [ -72.281699045467874, 22.169989028291642 ], [ -72.398834847422322, 22.350229626645053 ], [ -72.252110929655501, 22.605023860204703 ], [ -71.909367533452652, 22.690676854989029 ], [ -71.909504126227489, 22.828899903998341 ], [ -71.644316814543203, 22.90244297667509 ], [ -71.678735615510732, 23.115722668686097 ], [ -71.861678776139129, 23.076085159513649 ], [ -71.892056326155043, 22.918029357998492 ], [ -72.185221724735669, 22.964196386025097 ], [ -72.184748490331074, 23.103040767855056 ], [ -72.26643997771194, 23.069479672139501 ], [ -72.316018818084004, 23.077932843916553 ], [ -72.246367652301174, 23.182855543633206 ], [ -72.306762582169796, 23.260964188249623 ], [ -72.462188319810352, 23.099827848267527 ], [ -72.511029801107725, 23.246230761994497 ], [ -72.587724663922742, 23.235603769720552 ], [ -72.559183962861255, 23.115504648516303 ], [ -72.600005819341703, 22.89036320382348 ], [ -72.783040831572364, 22.710165134978123 ], [ -72.807230747250799, 22.575076560124192 ], [ -72.463072479346835, 22.12963200001818 ] ], [ [ -71.786585499462021, 22.94833665902242 ], [ -71.737094374677412, 22.939706117134236 ], [ -71.727710222989785, 22.98528032630308 ], [ -71.777218678085902, 22.993914392845547 ], [ -71.786585499462021, 22.94833665902242 ] ], [ [ -72.123219019183978, 22.076395214665947 ], [ -72.047192905876756, 22.086772237778856 ], [ -72.058376796355887, 22.157226844529607 ], [ -72.134444732426743, 22.146843229064128 ], [ -72.123219019183978, 22.076395214665947 ] ], [ [ -70.042055810617967, 21.73216438033959 ], [ -69.966075312978106, 21.741455793288253 ], [ -69.976062677135161, 21.81203877929681 ], [ -70.052085141105309, 21.802741384598168 ], [ -70.042055810617967, 21.73216438033959 ] ], [ [ -71.961007844271236, 22.143266585402294 ], [ -71.88492791445087, 22.153559893652567 ], [ -71.8960266487274, 22.224030889222231 ], [ -71.972148476489508, 22.213731051305007 ], [ -71.961007844271236, 22.143266585402294 ] ], [ [ -68.973796975911711, 21.821956666452373 ], [ -68.925573260263079, 21.813246777734467 ], [ -68.907080497976253, 21.90135233567716 ], [ -68.983233755715418, 21.892610981073421 ], [ -68.973796975911711, 21.821956666452373 ] ], [ [ -99.094451995444047, 24.582136290075489 ], [ -98.843402209595837, 24.5888214202913 ], [ -98.724858654438279, 24.796728663422975 ], [ -98.801594376278885, 24.862608216703052 ], [ -99.103524123528075, 24.854618948355157 ], [ -99.174345677966244, 24.739137305461668 ], [ -99.094451995444047, 24.582136290075489 ] ], [ [ -72.16051700984741, 22.961811452802987 ], [ -71.916209749423359, 22.923338443585077 ], [ -71.871668263741526, 23.031343681486526 ], [ -72.078543070892039, 23.132718169723177 ], [ -72.163527072768915, 23.077309321031002 ], [ -72.16051700984741, 22.961811452802987 ] ], [ [ -99.412017067671329, 25.030098711418372 ], [ -99.210461089343255, 25.035908079513057 ], [ -99.13950223336434, 25.151407252031767 ], [ -99.268736747334998, 25.261300063884391 ], [ -99.420181298794375, 25.256909521234629 ], [ -99.492608595655753, 25.186931502958704 ], [ -99.412017067671329, 25.030098711418372 ] ], [ [ -73.683292762616887, 23.746783898941793 ], [ -73.486232046687647, 23.718049014041203 ], [ -73.450677865714766, 23.781471561567102 ], [ -73.667906898912307, 23.835550280363158 ], [ -73.683292762616887, 23.746783898941793 ] ], [ [ -80.736742792018163, 24.77189916576642 ], [ -80.727892882496462, 24.778398855746975 ], [ -80.735052111731264, 24.78643490258365 ], [ -80.743902633066227, 24.779933874350967 ], [ -80.736742792018163, 24.77189916576642 ] ], [ [ -80.58667223508904, 24.757433277130744 ], [ -80.577815449527719, 24.763924061506479 ], [ -80.593821437545841, 24.765475168621389 ], [ -80.58667223508904, 24.757433277130744 ] ], [ [ -80.776236981630774, 24.867542680791352 ], [ -80.767382277396933, 24.874044745927595 ], [ -80.774549654375932, 24.882078937399619 ], [ -80.779399224773314, 24.875193175765283 ], [ -80.776236981630774, 24.867542680791352 ] ], [ [ -80.459724375480477, 24.974788605887337 ], [ -80.450845239082241, 24.981271905003311 ], [ -80.457998139757791, 24.989321271802353 ], [ -80.466877927565889, 24.982836634830548 ], [ -80.459724375480477, 24.974788605887337 ] ], [ [ -80.40421096180944, 25.015304916212649 ], [ -80.395325968892337, 25.021784919584274 ], [ -80.40247758939978, 25.029836939741134 ], [ -80.411363236556127, 25.023355600331037 ], [ -80.40421096180944, 25.015304916212649 ] ], [ [ -90.2272494568779, 25.879377569791195 ], [ -90.176517314847175, 25.877761467300669 ], [ -90.018137624755425, 26.024340506969942 ], [ -90.117891230601586, 26.073303537778642 ], [ -90.2272494568779, 25.879377569791195 ] ], [ [ -80.979850165170575, 25.30016923597001 ], [ -80.970974986870104, 25.306683310247145 ], [ -80.978181028453093, 25.314707647325331 ], [ -80.987056825506784, 25.308192255523156 ], [ -80.979850165170575, 25.30016923597001 ] ], [ [ -75.593246701295215, 25.3955506292663 ], [ -75.515478645921945, 25.407742172080212 ], [ -75.528961114439781, 25.477994426947859 ], [ -75.606772541802485, 25.465795876487576 ], [ -75.593246701295215, 25.3955506292663 ] ], [ [ -101.054331515168556, 26.618475607733874 ], [ -100.82878581031855, 26.695139156115566 ], [ -100.914549348635745, 26.896736058717302 ], [ -101.06796951602162, 26.890685443415009 ], [ -101.189187167443436, 26.772268633166057 ], [ -101.054331515168556, 26.618475607733874 ] ], [ [ -91.403435061934033, 27.327981579238251 ], [ -91.139398507476741, 27.420149147342332 ], [ -91.179201782593012, 27.786344683042408 ], [ -91.283375345458126, 27.887488388616546 ], [ -91.438165139884518, 27.89116173371146 ], [ -91.45877838511143, 27.770241506857225 ], [ -91.606594317214757, 27.705126536102441 ], [ -91.353857968124046, 27.539550702288295 ], [ -91.403435061934033, 27.327981579238251 ] ], [ [ -101.809494109932118, 27.31776835231793 ], [ -101.655569086020819, 27.324565119496842 ], [ -101.534254489693339, 27.443310652608368 ], [ -101.678254376824015, 27.733314776611206 ], [ -101.902580079125457, 27.609871633543062 ], [ -101.88950144741618, 27.381991351067857 ], [ -101.809494109932118, 27.31776835231793 ] ], [ [ -101.783882319387089, 27.775813627911532 ], [ -101.61068197260586, 27.896850063234332 ], [ -101.623285757605217, 28.124654147032857 ], [ -101.733010186664387, 28.234044045437535 ], [ -101.738153541069053, 28.325138003490729 ], [ -101.63593765616379, 28.352407114340476 ], [ -101.694083500737236, 28.464021614861174 ], [ -101.146494487585159, 28.920310260700344 ], [ -101.151217290152047, 29.011352847470366 ], [ -101.341034269529359, 29.162609252882607 ], [ -101.658799216913721, 29.240514333001194 ], [ -101.940748086987867, 29.16047147113952 ], [ -101.980765287841507, 28.953369991401342 ], [ -102.12993904084658, 28.832482081130269 ], [ -102.119016671798633, 28.650412348318508 ], [ -101.902252678113101, 28.500489912283875 ], [ -102.133445896992242, 28.443574782778537 ], [ -102.203449522379202, 28.32689058164469 ], [ -102.192461339255573, 28.144726648950638 ], [ -101.873332672846161, 27.999488054465171 ], [ -101.783882319387089, 27.775813627911532 ] ], [ [ -89.29821972135565, 27.819923008247759 ], [ -89.063781879740375, 27.878785764184943 ], [ -89.07637495834328, 28.12966685813053 ], [ -89.412467535436065, 28.120162630333198 ], [ -89.42310114717435, 27.892279293894973 ], [ -89.29821972135565, 27.819923008247759 ] ], [ [ -91.899425004592075, 28.023467033524675 ], [ -91.888598544539292, 28.121796344581142 ], [ -91.896681133040943, 28.129259458957947 ], [ -91.905142607927289, 28.122130374732727 ], [ -91.899425004592075, 28.023467033524675 ] ], [ [ -85.479343363116683, 28.087270521157713 ], [ -85.371583586548837, 28.148402395689605 ], [ -85.431799379654606, 28.357168012934899 ], [ -85.510262441879476, 28.339904408880102 ], [ -85.479343363116683, 28.087270521157713 ] ], [ [ -79.595948076585216, 27.607654253215138 ], [ -79.334257098928092, 27.626899560925498 ], [ -79.231544306575628, 27.822284253061607 ], [ -79.503866782664247, 27.918320140415862 ], [ -79.645781474764306, 27.818595818067863 ], [ -79.595948076585216, 27.607654253215138 ] ], [ [ -99.845817078287993, 28.351425817724042 ], [ -99.431517438908585, 28.363904990912662 ], [ -99.2275675373008, 28.460876065648854 ], [ -99.053911543424604, 28.670054135912999 ], [ -99.067939512035707, 29.080027930762654 ], [ -99.178583426839026, 29.259398681688531 ], [ -99.632864085665119, 29.541985970399757 ], [ -99.997050720062092, 29.485161251067044 ], [ -100.875734636611554, 28.748352835277721 ], [ -100.845029921365452, 28.636183967361951 ], [ -100.190301330421647, 28.522716832890445 ], [ -99.845817078287993, 28.351425817724042 ] ], [ [ -84.775575241477299, 28.133451180770962 ], [ -84.466187777136895, 28.112520825617416 ], [ -84.379631042784766, 28.220192336408182 ], [ -84.446209215911637, 28.338405168329501 ], [ -84.756178930738955, 28.359370409740166 ], [ -84.838620000699848, 28.29697784758077 ], [ -84.775575241477299, 28.133451180770962 ] ], [ [ -87.04139709021743, 28.358925482445645 ], [ -86.856571370889597, 28.417045256691637 ], [ -86.870794608847049, 28.576928394841808 ], [ -87.104641286123623, 28.566975829649603 ], [ -87.04139709021743, 28.358925482445645 ] ], [ [ -79.138723855628285, 27.928236618169038 ], [ -79.110983341515009, 27.947585110674972 ], [ -79.132887713228172, 27.972092638398333 ], [ -79.16063043519091, 27.952740501503072 ], [ -79.138723855628285, 27.928236618169038 ] ], [ [ -82.053792936019391, 28.340004979857571 ], [ -81.871707706123331, 28.346719366838872 ], [ -81.817513381797866, 28.593302238469303 ], [ -82.051659684268941, 28.591009411482705 ], [ -82.053792936019391, 28.340004979857571 ] ], [ [ -92.525802127894281, 30.22188682505892 ], [ -92.525571568370196, 30.232801271085762 ], [ -92.534069891784469, 30.229295318465329 ], [ -92.525802127894281, 30.22188682505892 ] ], [ [ -70.881742195642047, 30.543419465577898 ], [ -70.187765353391342, 30.526793127433898 ], [ -69.674421701847535, 30.790262307043903 ], [ -69.727209400539451, 30.913677651877617 ], [ -70.293216295346795, 30.911786320505733 ], [ -70.336395534755169, 30.965537392017936 ], [ -70.150167777953627, 31.075376618888772 ], [ -70.09134066882946, 30.973624473636445 ], [ -69.928036718868654, 31.108509967282259 ], [ -70.209406878029512, 31.175658324584923 ], [ -70.306927396236929, 31.098704395486457 ], [ -70.383209111791359, 31.249956293182684 ], [ -70.111446707595292, 31.253969090211854 ], [ -70.00039957489544, 31.143919539698185 ], [ -69.739695010873476, 31.102070617013716 ], [ -69.680158415534436, 31.253454315112975 ], [ -70.112524662641363, 31.621950666143348 ], [ -70.426961186307082, 31.67132767894282 ], [ -70.648605731536136, 31.521288549151201 ], [ -71.041631457752473, 31.581601160526155 ], [ -71.195006469983085, 31.490383021469469 ], [ -71.222863676465408, 31.356313860078277 ], [ -71.027996588671613, 31.257521609261218 ], [ -71.155394797021188, 31.16163509314606 ], [ -71.013673240485787, 31.070073943910572 ], [ -71.579158169892338, 31.20168908056365 ], [ -71.623039387995789, 31.255056829643646 ], [ -71.561584823760938, 31.291982354450042 ], [ -71.7004469979166, 31.404781810479172 ], [ -71.677689136204648, 31.516567122932098 ], [ -71.837963276338641, 31.654585635477929 ], [ -72.050264487686633, 31.674476151208005 ], [ -72.227062180513855, 31.596925989228847 ], [ -72.118851687499316, 31.466915277934255 ], [ -72.005054382814777, 31.496007588579918 ], [ -71.944317141288053, 31.39539544961837 ], [ -71.812626983486211, 31.375297290222452 ], [ -71.997015376978041, 31.401637000201994 ], [ -72.014673545590881, 31.313585796914921 ], [ -71.935424925252832, 31.301237611110523 ], [ -72.105945889477184, 31.257088805023784 ], [ -72.246163622662337, 31.093237670660763 ], [ -72.263869016483838, 31.003672862748999 ], [ -72.156169481793881, 30.873536254602172 ], [ -71.861150608087357, 30.737943462417181 ], [ -71.19190901182337, 30.729609255546119 ], [ -70.881742195642047, 30.543419465577898 ] ], [ [ -72.347356573668307, 30.993468459286902 ], [ -72.2655410142291, 31.00391547251688 ], [ -72.27771190729851, 31.07404346890107 ], [ -72.35957587830184, 31.063591433382552 ], [ -72.347356573668307, 30.993468459286902 ] ], [ [ -67.177728583260418, 30.294504098861321 ], [ -67.023059498680382, 30.266622663188581 ], [ -66.958516884806414, 30.532234143970584 ], [ -67.268566170277225, 30.472604197255329 ], [ -67.177728583260418, 30.294504098861321 ] ], [ [ -67.765575823981308, 30.53815428898649 ], [ -67.352055185358608, 30.46503575315808 ], [ -67.207830414363897, 30.508170784035588 ], [ -67.175567089450396, 30.641689792590764 ], [ -67.493817993379025, 30.99911973252344 ], [ -67.85736056011298, 31.062769000147547 ], [ -68.1121770241501, 31.014184574950587 ], [ -68.097168818626272, 31.081834160592074 ], [ -68.377670935201564, 31.383732409579679 ], [ -68.637108800557641, 31.312642986286289 ], [ -68.657628315174165, 31.223551322549291 ], [ -68.428729648032558, 30.930911305126351 ], [ -68.184639903691206, 30.935471489892699 ], [ -67.765575823981308, 30.53815428898649 ] ], [ [ -72.319503191587799, 31.679997878765516 ], [ -72.23175953386, 31.713371714707403 ], [ -72.074078058268427, 31.690547293118492 ], [ -72.013521120640604, 31.727021472773561 ], [ -72.28422845377726, 31.857447142125139 ], [ -72.375515518849582, 31.802289644573118 ], [ -72.319503191587799, 31.679997878765516 ] ], [ [ -72.16184993901129, 31.657258705726029 ], [ -72.132090846372876, 31.675220130629064 ], [ -72.153197138895337, 31.70054821529758 ], [ -72.182959585490011, 31.68258370521691 ], [ -72.16184993901129, 31.657258705726029 ] ], [ [ -94.864822615067723, 33.378060493535294 ], [ -94.268815737071691, 33.511986823173963 ], [ -93.778397899599312, 33.779934222258589 ], [ -93.530547705683659, 34.048583015715295 ], [ -93.175344560524607, 34.135195495083792 ], [ -92.926100631633005, 34.357603064071682 ], [ -92.790567291626076, 34.310771696794689 ], [ -92.182671177624812, 34.616813691430693 ], [ -91.986681200517012, 34.815198370615548 ], [ -91.867614063085398, 35.150326433811578 ], [ -91.728011887439934, 35.193301950707948 ], [ -91.585047130447364, 35.370170996115284 ], [ -91.280735451417158, 35.408564798933305 ], [ -90.859306298739781, 35.623153089779898 ], [ -90.778262475868686, 35.576223558829156 ], [ -90.408576832693029, 35.857471261096109 ], [ -90.228120857642395, 36.188695341561058 ], [ -89.597247391297302, 36.595042815430084 ], [ -89.299123833620328, 36.965385448465824 ], [ -88.718881540058916, 37.324571993668386 ], [ -88.358151673327143, 37.712353530268551 ], [ -88.278242756925394, 38.087796657811694 ], [ -88.154044296528028, 38.260847308946431 ], [ -87.920722947214287, 38.362590381964317 ], [ -87.713098966669051, 38.909001005886651 ], [ -87.458920857538004, 39.274855729416799 ], [ -87.495403868831758, 39.564016904447534 ], [ -87.3762262961109, 39.62520104741418 ], [ -87.29950295820484, 39.88691820618763 ], [ -87.40616916550762, 40.001871417758046 ], [ -87.340636428346656, 40.10931979948522 ], [ -87.390037941335251, 40.221660177616194 ], [ -87.263464510324553, 40.370387115630777 ], [ -87.251926963265205, 40.523966198180055 ], [ -87.005811105530327, 40.711046666572969 ], [ -86.741141049733301, 41.11630378062469 ], [ -86.554416173987121, 41.261150417912518 ], [ -86.527147325583442, 41.588419941674822 ], [ -86.263888758712909, 41.576605630675665 ], [ -85.926852591674944, 41.756247773340768 ], [ -86.002860284959851, 42.218643140482186 ], [ -85.942261276677613, 42.237459460251991 ], [ -85.912734231085651, 42.562801718020999 ], [ -85.785052142434637, 42.66524893733196 ], [ -85.760933595073894, 42.924884059864219 ], [ -85.853099706288788, 43.211554810361953 ], [ -85.791865193715083, 43.230208521597163 ], [ -85.718764831644577, 44.005089645363135 ], [ -85.931587983711609, 44.295576324966525 ], [ -85.805727381292527, 44.354072775137652 ], [ -85.851471936715782, 44.506844987110291 ], [ -85.78329000029278, 44.589514149775724 ], [ -85.536776528497086, 44.641855352064084 ], [ -85.638253761759586, 44.840055990620201 ], [ -85.408569866316611, 45.321249182962305 ], [ -85.374142645674993, 45.66119852927514 ], [ -85.610754623346679, 45.736768501301228 ], [ -85.701004733143833, 46.060415538817125 ], [ -85.820019884442232, 46.086629556719508 ], [ -85.934792845417377, 46.177661633277189 ], [ -85.663155013101758, 46.123058486671354 ], [ -85.623113716145838, 46.226680520918343 ], [ -85.85308506124494, 46.386101459973666 ], [ -85.454253667653091, 46.367780886971289 ], [ -85.230138787325984, 46.462118483068075 ], [ -85.221289189361414, 46.54645921069951 ], [ -85.428430980267905, 46.61950253148953 ], [ -85.835596440311278, 46.5541601568288 ], [ -85.688572923408614, 46.801883526293366 ], [ -85.424243403404958, 46.958991689420529 ], [ -84.870273897223441, 46.931120074399324 ], [ -84.381109279040757, 46.609551101520914 ], [ -83.395503103533244, 46.596316305919238 ], [ -82.889105682267541, 46.693021463957592 ], [ -82.57954321913158, 46.927581588775482 ], [ -82.093936841736436, 46.854494493679084 ], [ -82.020819804099645, 46.934061673464399 ], [ -81.357474298696602, 47.016807110801693 ], [ -81.244486872952422, 47.156394592232544 ], [ -81.268501450533094, 47.41148513598452 ], [ -81.537160573575889, 47.703645702387576 ], [ -81.49693920283795, 47.974211655302952 ], [ -81.605771145116975, 48.086385076705113 ], [ -81.634129920394585, 48.318756325746101 ], [ -82.505104165274219, 49.061481011321526 ], [ -82.834191074116305, 49.205742540944819 ], [ -83.059415476823844, 49.426822702208597 ], [ -83.110991772149745, 49.512585441289239 ], [ -83.035946285844815, 50.06564680265361 ], [ -83.270762886933824, 50.22284080025468 ], [ -83.368666798953285, 50.454101302379428 ], [ -83.631371290431829, 50.652036411036121 ], [ -83.973557647036543, 50.752126600295831 ], [ -84.209904585502827, 50.927557682773866 ], [ -84.257352868591767, 51.072995580640615 ], [ -84.496991915639384, 51.227310689870627 ], [ -84.425535963744252, 51.284836915252136 ], [ -84.486956599161189, 51.308158265787789 ], [ -84.4649979476753, 51.489858191824396 ], [ -85.011605233391407, 51.819353580452209 ], [ -85.242044035187334, 52.09212054140059 ], [ -85.941717090988803, 52.583487919164661 ], [ -86.16780527229642, 52.633276345622157 ], [ -86.276503234051134, 52.857614647905706 ], [ -86.468030877747367, 52.924899320214976 ], [ -86.482123528465777, 53.423205125027124 ], [ -87.293658051434107, 53.986308049614912 ], [ -87.45588428956215, 54.40482318360197 ], [ -87.915701389195505, 54.908344724795896 ], [ -88.052462452512941, 55.282164953822665 ], [ -88.439143192186506, 55.545101249692948 ], [ -88.56104734703159, 55.722367992821205 ], [ -89.148782212234835, 56.103239788850111 ], [ -89.339292192505241, 56.318766884825166 ], [ -89.938209114874326, 56.656779480873311 ], [ -90.265329873349259, 56.967730471743529 ], [ -90.260462358446958, 57.043559359985402 ], [ -92.152119528882068, 57.072351713930189 ], [ -91.012888794967012, 56.428315026037168 ], [ -90.614535154221642, 55.941909922104912 ], [ -89.99615465168479, 55.772685852340999 ], [ -89.300894464548648, 55.334736443225481 ], [ -89.15560718402628, 55.175887729770551 ], [ -89.300800883124623, 54.978629305356172 ], [ -89.005330421402348, 54.547834993087093 ], [ -88.785887978509294, 54.385275153458821 ], [ -88.758341078673084, 54.188098714451598 ], [ -88.628792072617927, 54.060178580291655 ], [ -88.447813914413373, 53.943150741949083 ], [ -87.775264858730509, 53.849575773244858 ], [ -87.149911641033199, 53.506763814840532 ], [ -87.29326228389472, 53.313146399526161 ], [ -87.031500290127667, 53.105099943377084 ], [ -87.062658869749839, 52.946694414323382 ], [ -86.714704762254172, 52.767906470250139 ], [ -86.281627428329301, 52.276535448177285 ], [ -86.14522903595568, 52.224455946032251 ], [ -86.01953511675498, 51.660828948986691 ], [ -85.953558716985313, 51.57063617981624 ], [ -85.87992785582604, 51.648562354230762 ], [ -85.791346767578801, 51.563837484361798 ], [ -85.734038561366631, 51.243215034925811 ], [ -85.528846762411064, 51.091918965251864 ], [ -85.516930423601821, 50.908006911622351 ], [ -85.740891632184997, 50.631918198925746 ], [ -85.721267723000452, 50.467356467493445 ], [ -85.843342575463623, 50.226629776044831 ], [ -85.663454115245713, 50.157163367813382 ], [ -85.549193464881995, 50.028754154966421 ], [ -85.560303157842753, 49.926370794688083 ], [ -85.439763476762977, 49.859140876005988 ], [ -85.394225332028569, 49.692127739291735 ], [ -85.518318186071383, 49.677155934544537 ], [ -84.722686800544878, 49.346764501469501 ], [ -84.501913431621489, 49.332407751668725 ], [ -84.202253196572144, 49.095563633638335 ], [ -84.106134022084007, 48.757874154931692 ], [ -84.306772881663505, 48.62262024557927 ], [ -84.078887322997744, 48.42280555905225 ], [ -84.099003687228844, 48.298530069118812 ], [ -84.226374749414759, 48.284415177646395 ], [ -83.916303390887606, 47.995589404395041 ], [ -83.895408459294444, 47.910575800987111 ], [ -83.960110693890783, 47.893151108436385 ], [ -83.73503414645954, 47.775754792106333 ], [ -84.258729104943015, 47.664092450893264 ], [ -84.657136497717403, 47.726994981925095 ], [ -84.821652256196955, 47.65138395792934 ], [ -85.091699926624784, 47.748863264746639 ], [ -85.1295416379822, 47.687745212776875 ], [ -85.282463735957748, 47.716187429591933 ], [ -85.321628114025714, 47.641226135138211 ], [ -85.531161110990951, 47.724688166111775 ], [ -86.464951506288457, 47.745469839431649 ], [ -86.792326988152197, 47.573576195609895 ], [ -86.918243045981484, 47.613957771389444 ], [ -86.881612750380839, 47.381342104563686 ], [ -87.141816943333424, 47.244450215213959 ], [ -87.212907502808335, 47.078709063054717 ], [ -87.17040870536249, 46.908280040949052 ], [ -87.529768866188618, 46.605199840021349 ], [ -87.578973555700458, 46.374144073882576 ], [ -87.204543923989533, 45.764740450162847 ], [ -86.909381670186733, 45.532692660451346 ], [ -86.675766643085069, 45.529599487936942 ], [ -86.751235111706166, 45.362062203036828 ], [ -86.639441407673104, 45.250395857015995 ], [ -86.657884874060642, 44.501009453250788 ], [ -86.832466338632855, 44.336605228646313 ], [ -86.8251744456024, 44.142556239405685 ], [ -87.071324054140661, 43.70012347024597 ], [ -87.099119534269164, 43.355315451964017 ], [ -87.429053327192037, 42.935569871845935 ], [ -87.800968023127965, 42.646382270734165 ], [ -87.877019593765482, 42.475362720598426 ], [ -88.076079837601199, 42.44642139166637 ], [ -88.165303265615478, 42.573312716602267 ], [ -88.175689334716708, 42.421426712051868 ], [ -88.297685303626295, 42.360625997400618 ], [ -88.310746954981965, 42.165062153943126 ], [ -88.37084927986055, 42.145456536324161 ], [ -88.313642639093047, 42.121572864663733 ], [ -88.328083566129465, 41.903960616457482 ], [ -88.521827031161649, 41.626998370418839 ], [ -88.534360791893974, 41.430591792349169 ], [ -88.834896149072051, 41.287861529208563 ], [ -88.8365978832243, 41.105623147671139 ], [ -88.290825154192689, 40.998348719545127 ], [ -88.167819243398213, 40.803170318603051 ], [ -88.179476818250208, 40.627834184083952 ], [ -88.362746047293356, 40.480817375116594 ], [ -88.306468726676869, 40.456710949213921 ], [ -88.385287479607229, 40.129369197858416 ], [ -88.336266471661688, 39.995257951051997 ], [ -88.049253324115952, 39.844761592915106 ], [ -87.897950002925199, 39.669136363612438 ], [ -87.909935802519314, 39.492806235056378 ], [ -88.187075721503362, 38.906025340694782 ], [ -88.832511939987896, 38.41975209691924 ], [ -89.255081388367302, 37.945177223555184 ], [ -89.263430841330106, 37.789609352327105 ], [ -89.37946150011733, 37.726632843143427 ], [ -89.270568234218587, 37.656184149724311 ], [ -89.275316643197044, 37.567192722384419 ], [ -89.35369039120701, 37.510052460375348 ], [ -89.604005977185778, 37.562726666132875 ], [ -90.1488941045545, 36.902450445261763 ], [ -90.456967151857924, 36.672256359783773 ], [ -91.909177419112964, 35.914350637352186 ], [ -92.13519837849995, 35.738973385890695 ], [ -92.317444783391608, 35.450251020984396 ], [ -92.580045816708505, 35.214390587543861 ], [ -92.754871626541458, 35.164714373437526 ], [ -92.887211710184886, 34.971326670891926 ], [ -93.3292427017509, 34.773944353042843 ], [ -94.178361811703951, 34.775556099144666 ], [ -94.315836081850179, 34.69097688305726 ], [ -95.109695456118047, 34.827356617202682 ], [ -95.384348695818133, 35.006852866556912 ], [ -96.044765014419141, 35.183810917271515 ], [ -96.825131184733038, 35.82443309432422 ], [ -97.663841325567503, 36.197729754193702 ], [ -98.158539435069429, 37.14335804030776 ], [ -98.164514397646656, 37.500049028508812 ], [ -97.981104144401485, 37.652153208027642 ], [ -97.930296547820831, 38.016185250088249 ], [ -97.604772909638072, 38.554405958466525 ], [ -97.604049197685299, 38.709633692805077 ], [ -97.280130549181749, 39.179148819506047 ], [ -97.18953228821502, 39.73249552927318 ], [ -97.064204511758106, 39.844265793939151 ], [ -97.008663177757683, 40.021191700390766 ], [ -97.062448062215253, 40.064620475215875 ], [ -96.899280144757398, 40.33051659876454 ], [ -96.903329537781502, 40.550259569219151 ], [ -97.256113588634065, 41.028814021157423 ], [ -97.148290484670824, 41.205337655265438 ], [ -97.203703244372349, 41.292207313513231 ], [ -97.153803788513059, 41.686206362606583 ], [ -96.959810351484563, 41.993765317998886 ], [ -96.853771564529879, 42.603959282078335 ], [ -96.5649444364754, 42.997005490514773 ], [ -96.397033019754502, 43.689979930889344 ], [ -95.958193521105358, 44.073531057090236 ], [ -95.924754220437833, 44.209586654609339 ], [ -95.830011818986648, 44.21002595602328 ], [ -95.698344468987486, 44.468230618709654 ], [ -95.781453923314515, 45.621784990841505 ], [ -95.904782499707679, 45.791388507357894 ], [ -95.90641281331618, 45.9613079784896 ], [ -96.059327696738521, 45.981763457582439 ], [ -96.15433346828317, 46.256860405577271 ], [ -96.531810932645783, 46.261052557866506 ], [ -96.657332503543415, 46.429371586210621 ], [ -97.028699138692772, 46.570513048105362 ], [ -97.303794048890211, 46.507459404193341 ], [ -98.195606821641917, 46.533912969913175 ], [ -98.343494308563237, 46.372796435780664 ], [ -98.499565385268767, 46.444148386146296 ], [ -98.774130059188195, 46.400133357179868 ], [ -99.001466726326839, 46.691636422466871 ], [ -99.215310283129895, 46.654519660767861 ], [ -99.332615422540556, 46.741245427826541 ], [ -99.316902549603029, 46.85385590701658 ], [ -99.625014895609127, 46.846904222095432 ], [ -99.712083435778368, 46.739323767483469 ], [ -99.895598171138403, 46.713747414825974 ], [ -99.933079454249565, 46.83947328042656 ], [ -100.172789853531569, 46.889898577869197 ], [ -100.121635010128017, 47.080910208257464 ], [ -100.350511511302926, 47.123742950153279 ], [ -100.376031083417317, 47.200512962075038 ], [ -100.512521131280096, 47.24559720284185 ], [ -100.474087712824172, 47.120384320355555 ], [ -100.690324044449341, 47.114322079114473 ], [ -100.805933571194032, 46.984564284226344 ], [ -100.872968915792242, 47.066890402674012 ], [ -101.069692305974144, 46.765666680230055 ], [ -101.223529403384134, 46.760885691063372 ], [ -101.279355996686434, 46.674608681544846 ], [ -101.414576825115063, 46.705766585647801 ], [ -101.41411473082853, 46.395208138717891 ], [ -101.835851622430667, 46.282213175004529 ], [ -102.05907144293613, 46.394271098091025 ], [ -102.178361780581582, 46.34756345233815 ], [ -102.111935820758092, 46.152304271236986 ], [ -102.171428902257134, 46.128902729528932 ], [ -101.944166119415371, 46.0878535564731 ], [ -101.798323832811533, 45.908555637481996 ], [ -101.897270385665834, 45.865944925006886 ], [ -102.024120123022783, 45.928605984206285 ], [ -102.133210600860991, 45.754435380871271 ], [ -102.373027682466869, 45.699474992611336 ], [ -102.511831021129353, 45.527040817438397 ], [ -102.898950321954956, 45.422832737477279 ], [ -103.193093136513937, 45.193461944612437 ], [ -103.203871364460937, 45.078759496970861 ], [ -103.363283869464496, 45.057744621849032 ], [ -103.479086189415696, 44.365933189463213 ], [ -103.86306258118141, 44.010579280358499 ], [ -104.034221550969377, 43.91614246772599 ], [ -104.165202094531381, 44.034643546150519 ], [ -104.779935221455617, 44.180818745213216 ], [ -104.777547614688359, 44.109375279317405 ], [ -104.996989786846186, 43.953734324070027 ], [ -105.294906263383609, 43.844344944916351 ], [ -105.217343255682977, 43.675656446729079 ], [ -105.29725948626691, 43.628009478495528 ], [ -105.258528127378725, 43.543574652481006 ], [ -105.37274233711122, 43.493958181010939 ], [ -105.286548491019119, 43.195288194102254 ], [ -104.967368173562278, 43.075566101158152 ], [ -104.762573484796292, 43.108171846019943 ], [ -104.730388543810307, 42.986558675284925 ], [ -104.892471802279402, 42.825851659018575 ], [ -104.885343657252179, 42.45623631059928 ], [ -105.125514850736153, 42.203236168135746 ], [ -105.180491180552934, 41.96692664573176 ], [ -105.405297562856248, 41.866751017697631 ], [ -105.6703192908913, 41.873252032913115 ], [ -105.78397822437195, 41.925156900494265 ], [ -105.80029923995798, 42.07719782860157 ], [ -105.945958209618908, 42.246725930148209 ], [ -106.187565740863278, 42.29758185720717 ], [ -106.410027141599372, 42.178142699618355 ], [ -106.370522038211419, 42.089716628998403 ], [ -106.6903151765149, 42.053739650373942 ], [ -106.796239464587615, 42.146589938673955 ], [ -106.712368665841211, 42.283053489199439 ], [ -106.862634483212517, 42.265937265715309 ], [ -106.936474358992427, 42.334060696638517 ], [ -106.770160119471441, 42.483166283608213 ], [ -106.468561819135161, 42.473054324609635 ], [ -106.515506832103071, 42.582602049494383 ], [ -106.98812816229524, 42.574156276237552 ], [ -107.197013833918518, 42.34569317142126 ], [ -107.647796913452481, 42.638926597000044 ], [ -108.063571604111431, 42.645015962829881 ], [ -108.189972558455665, 42.44452278628183 ], [ -108.33213306995323, 42.436557493940676 ], [ -108.379755738889756, 42.350361478224706 ], [ -108.826154456555486, 42.370767184147674 ], [ -109.356274308334633, 42.559170830186758 ], [ -109.804568820268997, 42.845213665075157 ], [ -109.94894689382113, 42.753255023532517 ], [ -109.987424690880189, 42.874045760797799 ], [ -110.369915599782331, 42.975717706772407 ], [ -110.446693133016893, 42.879736230463713 ], [ -110.418832625932822, 42.685609228500006 ], [ -110.683672652076666, 42.134226467674928 ], [ -110.995340952308865, 42.264246581961487 ], [ -111.099138479724502, 42.386526606581647 ], [ -111.211899533858116, 42.292446189267622 ], [ -111.346070303136301, 42.388246301768298 ], [ -111.448691125852591, 42.291402967060364 ], [ -111.376585669363834, 41.020628645862487 ], [ -111.518237599766366, 40.897194149504401 ], [ -111.588966961167728, 40.632449647683046 ], [ -111.538916691734343, 40.563666495416534 ], [ -111.681652998041955, 40.485679317909941 ], [ -112.059613780294242, 40.713564323198334 ], [ -112.157091416658972, 40.991569999924366 ], [ -112.041043342526564, 41.420057181539633 ], [ -111.686110499061186, 41.583659580799008 ], [ -111.614061467229732, 41.503442379180029 ], [ -111.568433002248995, 41.598028884733139 ], [ -111.77570731935117, 41.591632953995642 ], [ -111.833280304417258, 41.661526945814444 ], [ -111.942098740887388, 41.937171285689487 ], [ -111.792596225951385, 42.23637024508249 ], [ -112.061963657674312, 42.430551824721135 ], [ -112.078904220483324, 42.5384734092844 ], [ -111.947781375528649, 42.61281521716954 ], [ -111.760373134649285, 42.383112386948497 ], [ -111.712555367911392, 42.62828807271903 ], [ -111.557399331201651, 42.608244553616487 ], [ -111.586198681242635, 42.780547469609701 ], [ -111.686026623690651, 42.647327304848361 ], [ -111.79627219626687, 42.652136323823441 ], [ -111.963672661900361, 42.879542608641628 ], [ -112.002902262450917, 42.742453403802486 ], [ -111.883535730690014, 42.644122497744448 ], [ -112.191335833073097, 42.659278625662942 ], [ -112.249568069582807, 42.809244202404393 ], [ -112.390405751103856, 42.837364849760348 ], [ -112.134364781803612, 43.079769155780752 ], [ -112.159660840638509, 43.339086051425149 ], [ -112.53206558600921, 43.587377573231173 ], [ -112.174582734712018, 43.747654580017361 ], [ -111.985754785559038, 43.699741340564863 ], [ -111.855823883132331, 43.84532083572357 ], [ -112.017958410080468, 43.939175220020481 ], [ -112.054309327168127, 44.091173335889565 ], [ -112.236331656347971, 44.096232908209487 ], [ -112.755534123813717, 43.963256369953442 ], [ -112.882680600164491, 43.9984047790104 ], [ -112.920795014139799, 43.877998693726802 ], [ -113.257012630509209, 44.062703846056117 ], [ -113.257702097413201, 43.745580987374296 ], [ -113.412283364087187, 43.925870854655713 ], [ -113.657068929729746, 43.943405765643661 ], [ -113.669315186380331, 43.825059587634101 ], [ -113.780133437714312, 43.799368263231415 ], [ -114.068832392997592, 43.936957826027552 ], [ -114.022166731534782, 44.006924887888744 ], [ -114.18982033427946, 43.989815158323637 ], [ -114.310090050469512, 44.189811709033208 ], [ -114.669929836542579, 44.023259480460425 ], [ -114.728756760023785, 44.172926050508487 ], [ -114.814864852512926, 44.163853757707656 ], [ -114.738558208457135, 44.258775710624164 ], [ -114.879309502621481, 44.306130666298856 ], [ -115.085640411950976, 44.265438703999401 ], [ -114.974888246809144, 44.125146436027748 ], [ -114.97186500572181, 43.873960066497744 ], [ -115.23786595773268, 43.990473469010105 ], [ -115.34723499202957, 43.93506183179354 ], [ -115.449381146281212, 44.052206470371196 ], [ -115.238669489601349, 44.162083715871169 ], [ -115.50152047227435, 44.155278416601931 ], [ -115.620575337501919, 44.381303118237064 ], [ -116.003415722245663, 44.599515077354624 ], [ -115.971601652631222, 44.689796046503631 ], [ -116.10236254826367, 44.898874230611831 ], [ -116.179605300345344, 44.536425760495661 ], [ -116.078756649202731, 44.39571356183945 ], [ -116.207622992105712, 44.316024430898167 ], [ -116.229527803055063, 44.530813929251856 ], [ -116.303072762601545, 44.587646698582759 ], [ -116.257712793295809, 44.657849935855694 ], [ -116.35698628819668, 44.755098866720886 ], [ -116.236621528976116, 44.963578456917205 ], [ -116.319972498583439, 45.062448931471529 ], [ -116.287774216647875, 45.18108338792247 ], [ -116.349267365664957, 45.167293393849398 ], [ -116.341141231161473, 45.009445049064496 ], [ -116.547704802758432, 44.97532068470278 ], [ -116.660517797726556, 45.088911088349718 ], [ -116.681697267504973, 45.302716399304117 ], [ -116.764498636870428, 45.253537639643852 ], [ -116.818700203455421, 45.355394264988519 ], [ -116.968028272342636, 45.291618492212208 ], [ -116.714857761750352, 45.705419532865953 ], [ -116.516760727283071, 45.752638161177984 ], [ -116.801700607785349, 45.813625332808826 ], [ -116.874606490321781, 45.728982630540791 ], [ -116.922063490295173, 45.79997711110471 ], [ -117.096805601574943, 45.755030986747016 ], [ -117.175989841147157, 45.914762986888043 ], [ -116.928108588262006, 45.957684352099122 ], [ -116.855584719984279, 45.82216507574762 ], [ -116.754617918667748, 45.898135083636646 ], [ -116.884988934945198, 45.947944813995399 ], [ -116.857352624245181, 46.184011583472525 ], [ -116.282173328159956, 46.244440583221987 ], [ -116.314014554600774, 46.383283551924556 ], [ -116.438430670228755, 46.427054001673355 ], [ -116.157763019453796, 46.515050253006748 ], [ -115.734178634550801, 46.866235303651031 ], [ -115.956574647538886, 47.013263749709061 ], [ -116.142789256308873, 47.014703301570073 ], [ -116.023505250461028, 47.197814962353398 ], [ -115.865408662874728, 47.147296876157469 ], [ -115.849664533590669, 47.237471299264477 ], [ -116.295584790588109, 47.40271606774612 ], [ -116.109976332602116, 47.549923258598731 ], [ -116.658936092644936, 47.872797218194236 ], [ -116.47010571908335, 47.956610343294962 ], [ -116.463457625005191, 48.105351186955794 ], [ -116.566222518973092, 47.992013219433758 ], [ -116.848561429381689, 48.112963861440434 ], [ -116.860644309540191, 48.032551609137528 ], [ -116.996512407790362, 48.026612296307462 ], [ -116.988902512291475, 48.168717671478177 ], [ -116.892968000737511, 48.185924521324104 ], [ -117.096607209543834, 48.21991559649048 ], [ -117.223416281617588, 48.361010653438527 ], [ -117.252301097800597, 48.610865076767645 ], [ -117.389947564916866, 48.764173769802142 ], [ -117.348480875668997, 48.894874377305356 ], [ -117.467106248884392, 48.80995676393389 ], [ -117.559255293653223, 48.850681224984982 ], [ -117.44021195427851, 49.0528366276912 ], [ -117.454251484044789, 49.365665550763175 ], [ -117.30722007280886, 49.566406404186871 ], [ -117.209002488209251, 49.580299322807001 ], [ -117.187574189559314, 49.812036916715257 ], [ -116.971398175380926, 49.894084773220072 ], [ -116.888220745027823, 49.820660959640193 ], [ -116.644300077430614, 50.136065967155908 ], [ -116.296085117488587, 50.168378296284189 ], [ -115.940659556813259, 50.024031235189291 ], [ -115.807655932448469, 49.888553344160748 ], [ -115.428946354093597, 50.060865884875312 ], [ -115.230926710368294, 50.043150189599359 ], [ -115.124718433432307, 49.958759850998845 ], [ -114.998097539362703, 49.991652424156932 ], [ -114.821258521509804, 49.805558353708356 ], [ -114.716362754165672, 49.956134793837556 ], [ -114.781261938755264, 50.115898168098667 ], [ -114.717334706664502, 50.198125442081746 ], [ -114.645631206515702, 49.962787226233814 ], [ -114.486308713017408, 49.853166025279002 ], [ -114.466441361213967, 49.647185192285477 ], [ -114.133191907226816, 49.490831186327583 ], [ -114.005398998684029, 49.311702462648924 ], [ -113.753965734685124, 49.233728494064302 ], [ -113.721523918121363, 49.132304297111219 ], [ -113.486590454638531, 49.125969541004082 ], [ -113.291702769257881, 48.955360945576302 ], [ -113.111234437495824, 48.957150640273788 ], [ -113.292683634463899, 48.626971397589863 ], [ -113.255467223520128, 48.420455234070367 ], [ -112.726822534826255, 48.173111649213467 ], [ -112.506616627330345, 48.150231774102139 ], [ -112.442561986012649, 48.008436813554944 ], [ -112.561059128432532, 47.808410110449223 ], [ -112.191321468175914, 47.54146854720063 ], [ -111.69069448879155, 47.54278207788547 ], [ -111.470189363183692, 47.70769742869394 ], [ -110.984513569624227, 47.797285263387636 ], [ -110.627589987471211, 47.967908362156152 ], [ -109.870385962625576, 48.647078869074164 ], [ -109.394006779213385, 48.830607682877144 ], [ -109.28907077078722, 48.987162967238248 ], [ -109.313439064609653, 49.117025522256313 ], [ -109.458531844070833, 49.226699820888101 ], [ -110.034113897780685, 49.241649877629932 ], [ -110.434110481789105, 49.161119008955879 ], [ -110.623323883125806, 49.33078416751966 ], [ -110.923859386775305, 49.200529686201044 ], [ -110.474306031572013, 49.088980112574887 ], [ -110.820330977541886, 49.006838381536305 ], [ -110.805642723362126, 48.924538971213146 ], [ -111.099237816603278, 48.792296390108092 ], [ -111.417966893466982, 48.82801303638297 ], [ -111.714590229389017, 49.054595068425002 ], [ -111.546268191207574, 49.148235928102125 ], [ -111.533500989417433, 49.250064031535501 ], [ -111.262013346789246, 49.334008031307164 ], [ -111.235666206001142, 49.591989744661554 ], [ -111.070261387462665, 49.681130470116841 ], [ -110.972379078027231, 49.90232094793118 ], [ -111.043210035660024, 49.958950364671239 ], [ -110.819461415590439, 50.120514523420809 ], [ -110.722253382578572, 50.251543092547301 ], [ -110.68057048501899, 50.419401635550528 ], [ -110.568600033233665, 50.468802187812116 ], [ -110.635291926043081, 50.525583937458059 ], [ -110.079372538085664, 50.996204040309074 ], [ -110.091155795750865, 51.077158704019183 ], [ -110.236250823711742, 51.131495295427207 ], [ -110.250819951347751, 51.031535312178114 ], [ -110.407216730500608, 51.054723084111188 ], [ -110.459173951459974, 51.132752880990651 ], [ -110.406771278144831, 51.381385844268507 ], [ -110.779688228844861, 51.802125887558212 ], [ -110.965061734575272, 51.88552517634993 ], [ -111.51582302220983, 51.844587821735104 ], [ -111.72568014378615, 51.907525854052984 ], [ -112.081846531770339, 52.110001072783795 ], [ -112.123919239861934, 52.268679534220084 ], [ -111.843116252407853, 52.324273547867747 ], [ -111.614677871864799, 52.50306640406825 ], [ -111.578121412961792, 52.6500852017314 ], [ -111.435370503071837, 52.600269571142888 ], [ -111.417961981393972, 52.678874079524718 ], [ -111.310613520022287, 52.693206308066202 ], [ -111.391951529358721, 52.7676926664913 ], [ -111.276750117789859, 52.856506881653189 ], [ -111.510725647636633, 53.10017879646076 ], [ -111.526207014478686, 53.239190379406359 ], [ -111.228478027716079, 53.420639967293276 ], [ -111.061978612707691, 53.751218241558469 ], [ -111.224713613029138, 53.898672171064277 ], [ -111.247396051512879, 54.035929791836821 ], [ -111.000688479056592, 54.264594967395695 ], [ -110.528836879266919, 54.500351913191658 ], [ -110.707814738599325, 54.567122869558844 ], [ -110.693912055456025, 54.646784750951568 ], [ -110.882763289161176, 54.712675228402858 ], [ -111.190152445386047, 55.044878683771323 ], [ -112.03196459833552, 55.474383258991118 ], [ -112.002660689764383, 55.651771316197937 ], [ -112.087743759424967, 55.723500424977701 ], [ -112.406084158467081, 55.859126952569042 ], [ -112.584153624362088, 55.648613488377713 ], [ -112.646317260566065, 55.916138488094177 ], [ -112.528873357159668, 56.137822825315176 ], [ -112.40550731592711, 56.204731594325544 ], [ -112.330290705355935, 56.480197787272068 ], [ -113.984178283325733, 56.356940429258096 ], [ -114.523943123328579, 55.751230396654414 ], [ -114.3975157106306, 55.527465974195437 ], [ -113.853466173829091, 55.277983415143076 ], [ -113.915621602765881, 55.25343336958062 ], [ -113.826112600418284, 54.887623359543227 ], [ -113.994749086792609, 54.873373322175645 ], [ -114.065946713822669, 54.750032592953865 ], [ -113.847490965280087, 54.689559068757802 ], [ -113.665223765011419, 54.783042117087398 ], [ -113.475326548177989, 54.560918459126967 ], [ -113.754784618420032, 54.023371521022582 ], [ -114.286026664020767, 53.419838703177142 ], [ -114.719423243767793, 53.542566709865106 ], [ -114.805925728452962, 53.615644676189035 ], [ -114.878981642145988, 53.908602852911848 ], [ -114.950078423711759, 53.922329020258573 ], [ -114.981631249351707, 54.317108353182853 ], [ -114.841393296647908, 54.566780036880218 ], [ -114.910508042436135, 54.83723053460978 ], [ -114.820926259660084, 55.021994851866722 ], [ -114.860552137817578, 55.175809439921132 ], [ -115.21070069553754, 55.204305713182876 ], [ -115.298961156373977, 55.275838261339139 ], [ -115.242296527176265, 55.319910421226894 ], [ -115.463313546244521, 55.887046090145788 ], [ -115.41604902807606, 55.96889601321476 ], [ -115.488457606915802, 56.234555738658003 ], [ -116.915933764683174, 56.109252192083197 ], [ -116.862301169632588, 55.685214959571056 ], [ -117.025663300469887, 55.533165314798843 ], [ -116.956714080722108, 54.811626755260185 ], [ -117.018035120099285, 54.786078876629283 ], [ -116.991610109237953, 54.689048539065205 ], [ -117.196249085498991, 54.690025816823145 ], [ -117.16963594031472, 54.59290479739898 ], [ -118.004937208015363, 54.98665614744165 ], [ -118.272292764195768, 54.960209121859215 ], [ -118.471045173028401, 54.821646397271117 ], [ -118.920746869959771, 55.052860878247124 ], [ -119.597430544358062, 54.903505746569941 ], [ -119.888670435700689, 54.951834548981509 ], [ -120.060624444283775, 55.052844740515695 ], [ -120.154561696950523, 55.339040110727254 ], [ -120.575348623433385, 55.352905534298351 ], [ -120.693645349832906, 55.497726263613067 ], [ -120.632993418722009, 55.523994641194761 ], [ -120.636523085059764, 55.739851719501189 ], [ -120.970617303322996, 55.70359938443702 ], [ -120.83206624104082, 55.50233942532185 ], [ -120.873209030265571, 55.419012752712717 ], [ -120.782943656452161, 55.152459165485965 ], [ -120.630241159101146, 55.109869162495698 ], [ -120.591992460375891, 54.995271901535396 ], [ -120.652244795054571, 54.968843785325291 ], [ -120.503182677047718, 54.727238148780316 ], [ -120.616948369507867, 54.655045473717493 ], [ -120.572617558984476, 54.520600517031454 ], [ -120.632512072012844, 54.494027530089006 ], [ -120.522667962514717, 54.366619118727257 ], [ -120.537839312406476, 54.205120331129798 ], [ -120.262740935114792, 53.7748377914141 ], [ -120.010590850588954, 53.621934051637538 ], [ -119.925265170814882, 53.349378247172375 ], [ -119.693101887263524, 53.253969981971778 ], [ -119.498687691917539, 52.891106142603284 ], [ -119.036773087918831, 52.637408424283933 ], [ -119.102371297919916, 52.406594595596154 ], [ -118.94418298720683, 52.322068552031027 ], [ -118.979914636296044, 52.216245207790003 ], [ -118.738126934904258, 52.182063602837836 ], [ -118.4590063973951, 52.252904247078753 ], [ -118.165966175614727, 52.039422848565323 ], [ -117.562375457156563, 51.897898735430161 ], [ -117.54076522240473, 51.818403710457055 ], [ -117.401874312407401, 51.791884307909726 ], [ -117.363883355475139, 51.652598224893097 ], [ -117.155304524122528, 51.612626679250205 ], [ -117.050641501667371, 51.336970299147353 ], [ -116.789359522994957, 51.465467280613233 ], [ -116.813322440924182, 51.565482037370899 ], [ -116.474394314363394, 51.271469101903108 ], [ -116.441429034268353, 50.883982265045063 ], [ -116.258126150157452, 50.799956299434825 ], [ -115.980333531526639, 50.868068794232734 ], [ -115.886905664232913, 50.753600964672991 ], [ -115.999283061155708, 50.680636084096427 ], [ -115.872046087537527, 50.424627763274827 ], [ -115.935798880629932, 50.417652628169471 ], [ -116.397839164689557, 50.702751213496683 ], [ -116.56575077431043, 50.850820141131699 ], [ -116.63234898080168, 51.111766739685294 ], [ -116.806321586956727, 51.155157712206886 ], [ -116.939075865256797, 51.039376319802898 ], [ -116.883417453946194, 50.570524784764558 ], [ -117.047683112916687, 50.44997776687655 ], [ -117.012215557750707, 50.307968569706603 ], [ -117.807044086391656, 50.369183442870657 ], [ -117.706400786827487, 50.23478653575463 ], [ -117.921148286685451, 50.065901391638334 ], [ -117.895133577268041, 49.96400834593463 ], [ -118.077608499790941, 49.923740197432068 ], [ -118.032622044408086, 49.511195262062778 ], [ -117.95398218369867, 49.457184262688727 ], [ -118.057588120285629, 49.361896495412452 ], [ -117.96111212391807, 48.86896695035292 ], [ -118.113881552753483, 48.598946156265747 ], [ -118.076619262207359, 48.455488918889671 ], [ -117.938221984775552, 48.408553825603278 ], [ -117.910693582676672, 48.305367846635775 ], [ -117.803477573659606, 48.254773241718361 ], [ -117.720167342919368, 48.305765758755349 ], [ -117.662839582083805, 48.079574100329239 ], [ -117.596526510795599, 48.065870039452854 ], [ -117.693221755708052, 47.949054742273091 ], [ -117.641359387156399, 47.742822101405118 ], [ -117.340025528624039, 47.543157474096979 ], [ -117.854225415936995, 47.335688180827219 ], [ -117.913865820181059, 47.072852527075746 ], [ -117.857634795751054, 46.843647486410887 ], [ -117.966315165900056, 47.024035902650134 ], [ -118.193992805139942, 47.060762014641504 ], [ -118.264221473170991, 46.966999555273162 ], [ -118.891565138015238, 46.84890927592707 ], [ -118.785081928825804, 46.562439983864685 ], [ -118.874688614342205, 46.42230283123282 ], [ -119.217687538078323, 46.422557809919482 ], [ -119.286403055550892, 46.327968919978566 ], [ -119.467349512660547, 46.305252386502495 ], [ -119.640224997590494, 46.36947259683744 ], [ -119.7623803681536, 46.246974143738953 ], [ -119.668159587533466, 45.892382104648412 ], [ -119.74941022799787, 45.730685352313245 ], [ -119.607008709950534, 45.42436277979499 ], [ -119.645557684086782, 45.331998651809485 ], [ -119.799437682848861, 45.334428768968365 ], [ -119.731561732790652, 45.191380189317414 ], [ -119.941606683079883, 45.055322097683089 ], [ -119.967843185481954, 44.921402744099225 ], [ -119.421948695124456, 44.470143067468676 ], [ -119.229528193356217, 44.430335986295781 ], [ -119.132508367137021, 44.530006485571626 ], [ -118.904095127846759, 44.472014025584429 ], [ -118.529521819785359, 44.562777578440446 ], [ -118.318874631362647, 44.697013193109825 ], [ -118.333572133609692, 44.761103383645974 ], [ -118.0558956501783, 44.751713951148062 ], [ -118.017606474959479, 44.973105695533178 ], [ -117.461229541894653, 44.953368650430797 ], [ -117.053877845901198, 44.783638887323541 ], [ -117.14332282118724, 44.708088853327375 ], [ -117.1234428437877, 44.558391294194223 ], [ -116.719454770071351, 44.388049047816402 ], [ -116.80871280160585, 44.247176025382494 ], [ -116.711229652821103, 44.084277966856597 ], [ -116.369596937170542, 43.906392812051536 ], [ -116.404040630741449, 43.792677193579813 ], [ -116.168443020311642, 43.678100379570061 ], [ -115.896380957765416, 43.676130667935695 ], [ -115.524903441831611, 43.488303078173772 ], [ -114.331901047475526, 43.692938192242281 ], [ -114.121193710584436, 43.540367669746303 ], [ -113.867675589359749, 43.478386379514831 ], [ -113.981393934725403, 43.444980625383643 ], [ -113.932305691433456, 43.341605327708464 ], [ -113.473452352972586, 43.29996160469814 ], [ -113.623559070722294, 43.219426728155057 ], [ -113.500794040976899, 43.121861455838769 ], [ -113.711275271480986, 42.969466006534795 ], [ -114.552433867485121, 42.83815502708314 ], [ -114.626610955654002, 42.765195068438075 ], [ -114.513040234895385, 42.492166401129737 ], [ -114.659613437988725, 42.475738099701928 ], [ -114.832773736566423, 42.303875847428031 ], [ -114.815640912294882, 42.217780097412351 ], [ -114.686586522014096, 42.165815504031038 ], [ -114.665360977488518, 42.058084557749133 ], [ -114.478549055191849, 42.01221410400634 ], [ -114.359150246491765, 41.849541580088939 ], [ -114.005772908674672, 42.018388705464766 ], [ -114.035119573398347, 41.86121382707757 ], [ -113.846559637566813, 41.639313968990535 ], [ -113.730809571790743, 41.651378630434657 ], [ -113.560088860637904, 41.845237532740988 ], [ -113.357036384825037, 41.865957239014698 ], [ -113.34857902880124, 41.976112825009871 ], [ -113.410634664964348, 41.991813798912609 ], [ -113.359649015297364, 42.041664180277664 ], [ -112.704547006832897, 42.01885139025508 ], [ -112.68442208520122, 41.910208695738142 ], [ -112.410728472314389, 41.694785886224558 ], [ -112.351495239947525, 41.348030754957286 ], [ -112.455375922003313, 41.271790859601161 ], [ -112.379025644465159, 41.168874173776381 ], [ -112.475693637818466, 41.04905585750992 ], [ -112.420323220062997, 40.722857147318713 ], [ -112.663998155790281, 40.609556209593741 ], [ -112.78009767683136, 40.443573775004204 ], [ -112.37191821861245, 40.263112749174446 ], [ -111.946497238954336, 40.326572500088226 ], [ -111.710661809734759, 40.127326527212361 ], [ -111.475076003794598, 40.105129521100906 ], [ -111.310541450375936, 40.164759702004467 ], [ -111.195837511188941, 40.351844221566154 ], [ -110.717870783900594, 40.461988648816927 ], [ -110.27220381732522, 40.788111143671429 ], [ -110.103482267297395, 40.823844556482619 ], [ -110.450761225166673, 41.191096001566798 ], [ -110.756538011755154, 41.274659590096896 ], [ -110.715541237823672, 41.388348988188469 ], [ -110.876252379448459, 41.483585063428634 ], [ -111.009964520130538, 41.406417625023096 ], [ -110.921330447763481, 41.216052607888841 ], [ -111.03874403092864, 41.205592765068019 ], [ -111.172680491322296, 41.677907081581949 ], [ -111.120755812061674, 41.727214020780281 ], [ -111.003565213337126, 41.736920844033904 ], [ -110.979492859697316, 41.585161623895402 ], [ -110.818524207104204, 41.49007129870288 ], [ -110.629091533722487, 41.594565380764912 ], [ -109.751833604144863, 41.624415738250121 ], [ -109.486211011511941, 41.206191934177674 ], [ -109.13900703132353, 41.233865902711003 ], [ -108.848115855035914, 41.453670843653647 ], [ -108.865980511849301, 41.584081055593053 ], [ -109.242005684984733, 41.752394831700684 ], [ -109.300857895945711, 41.966345159104698 ], [ -109.598566671509786, 41.986499634920719 ], [ -109.731567314828837, 41.888054376073448 ], [ -110.197232959264724, 41.849622208220957 ], [ -110.444277676657833, 41.917226151905957 ], [ -110.464284474184836, 42.047126765166482 ], [ -110.274889417295071, 42.260306343088814 ], [ -110.185788677307315, 42.552806695517205 ], [ -110.068013140575516, 42.56182750489922 ], [ -109.831180472992443, 42.362892685864438 ], [ -109.19815077459522, 42.281953263270815 ], [ -109.108136634930375, 42.069731239048409 ], [ -109.151213471963445, 41.956851051321578 ], [ -109.055692693684989, 41.899221555559834 ], [ -108.834518001420491, 42.003845783562632 ], [ -108.817233658014047, 42.092396844225682 ], [ -108.227359385479261, 42.09242876726686 ], [ -107.329292199155901, 41.980778958647292 ], [ -107.138380914357143, 41.86230278030375 ], [ -106.904024537209992, 41.877117224027103 ], [ -106.865628262710544, 41.792755850216743 ], [ -106.783258739531348, 41.841914454713837 ], [ -106.86902899694185, 41.572002203761336 ], [ -107.469306948364405, 41.685437203286924 ], [ -107.740223331932199, 41.513360359202728 ], [ -107.640173165739242, 40.706641203526225 ], [ -107.380036557822976, 40.482341258280513 ], [ -107.609385440783271, 40.223306205554103 ], [ -107.609097883201727, 39.980115121938994 ], [ -107.750664668660306, 39.726394520413905 ], [ -107.584970393685026, 39.539598908245978 ], [ -107.254870169871708, 39.429245517625503 ], [ -107.5119644417845, 39.410343998565679 ], [ -107.633015370726113, 39.224075209590858 ], [ -108.407689458484938, 39.011325595624214 ], [ -108.396450064082799, 38.92321445995811 ], [ -108.241954846064928, 38.824517864660756 ], [ -107.420883304910561, 38.885215702695668 ], [ -107.47132259529414, 38.836407434523217 ], [ -107.299805885376927, 38.582323018785686 ], [ -107.073770160252735, 38.598247421704052 ], [ -107.055548856099421, 38.68818810365979 ], [ -106.602092458242296, 38.452428531564159 ], [ -106.319757727236947, 38.471162103914182 ], [ -106.242908712316421, 38.542243289021791 ], [ -106.230971590460896, 38.965459187264571 ], [ -105.764453788790107, 39.439248510572789 ], [ -105.600929279017848, 39.514960059604704 ], [ -105.66428101227973, 39.577550827360447 ], [ -105.625119897453743, 39.756965679249099 ], [ -105.44967103170913, 40.010610164183134 ], [ -105.524559881416025, 40.469545276416603 ], [ -105.461193779884141, 40.97948984373761 ], [ -105.992722733182532, 41.056879550533559 ], [ -106.04111971813785, 41.230349581040315 ], [ -105.969349506043244, 41.38128436416909 ], [ -105.744649958405191, 41.468026042622874 ], [ -105.623811565015345, 41.431678357289066 ], [ -105.581104654314814, 41.302582521156339 ], [ -105.464974579546691, 41.309367333102472 ], [ -105.162953912840351, 41.501693957668159 ], [ -104.925934452632987, 41.471397097903527 ], [ -104.7149396187734, 41.701130111481696 ], [ -104.426469609767381, 41.760457930530315 ], [ -104.185109922944406, 41.6856907070826 ], [ -104.023734579317008, 41.518701200550041 ], [ -103.94404565617117, 41.609874017526572 ], [ -103.353838405733782, 41.550883048685328 ], [ -103.182536073923828, 41.602473301722476 ], [ -103.22745069716747, 41.446516148965287 ], [ -103.012613468956175, 41.303543348985258 ], [ -102.818384094081097, 41.420890714414973 ], [ -102.891856178926716, 41.614672993368281 ], [ -102.841979187917715, 41.726173535258667 ], [ -102.937117699406954, 41.830611104986964 ], [ -103.084204403937889, 41.824826576189501 ], [ -102.91553368494651, 42.290442789577469 ], [ -103.015758222104395, 42.438549291813636 ], [ -102.682066030508906, 42.71450727013633 ], [ -102.301908281274962, 42.773404095549672 ], [ -102.166197979478056, 42.929992283394178 ], [ -102.178728478576616, 43.103005561011507 ], [ -102.489468781510482, 43.285720477103666 ], [ -102.57365300438012, 43.606800007805177 ], [ -102.975115292422771, 43.783841402573323 ], [ -103.369816840159416, 43.852997170256863 ], [ -103.378209604520123, 43.93962139522079 ], [ -103.324937265632826, 44.028587878264396 ], [ -102.943595526537621, 44.131582810629219 ], [ -102.803570940384304, 44.244384483257456 ], [ -102.702526387481811, 44.485063128971923 ], [ -102.321044115092946, 44.629668909428673 ], [ -102.240479371045126, 44.761455280603293 ], [ -102.059800882435496, 44.768227169049659 ], [ -101.836815918920166, 44.604760311459572 ], [ -101.45110608634009, 44.681895006604414 ], [ -101.464029946168949, 44.874349856640045 ], [ -101.35047292632261, 44.985199633710025 ], [ -101.363235611622557, 45.177253793281686 ], [ -101.251997300939166, 45.33041841605683 ], [ -101.325331080024284, 45.52003027480913 ], [ -101.268822559152767, 45.585811008840594 ], [ -101.331006390347468, 45.605094898086215 ], [ -101.2280800645879, 45.907053345029517 ], [ -101.105109780867068, 45.910267668359616 ], [ -101.00385051780836, 45.743946702918137 ], [ -100.35974606348276, 45.677666860044553 ], [ -100.293138322808417, 45.593638359342286 ], [ -100.408646333360338, 45.483895414151945 ], [ -100.367757201873019, 44.758344363563296 ], [ -100.306317560784564, 44.738633829985716 ], [ -100.303959331265858, 44.695832255423923 ], [ -100.425602083541108, 44.713845096040671 ], [ -100.313816845496973, 44.309872258294448 ], [ -99.941231239015977, 44.641265026637392 ], [ -99.834801495334176, 44.922469400427531 ], [ -99.186466735321957, 45.323009972736692 ], [ -99.004558664263087, 45.326874763902481 ], [ -98.602316559944228, 45.121328737308275 ], [ -98.329993374121656, 45.126242313551494 ], [ -98.052191930642067, 44.959867216825742 ], [ -97.779063754183795, 44.921247761659117 ], [ -97.774369357867087, 44.792225300332269 ], [ -98.008257047902688, 44.552962672675839 ], [ -98.005589054772017, 44.467193261721803 ], [ -97.883449667217889, 44.404697192987506 ], [ -97.816512183297675, 44.169372366781396 ], [ -97.69367875261652, 44.063619861110361 ], [ -97.676539826978683, 43.438616226008222 ], [ -97.432730882482872, 43.204144298361413 ], [ -97.482293669768708, 42.813580354149671 ], [ -97.540848662308321, 42.791095117058418 ], [ -97.415809895314766, 42.510557995144048 ], [ -97.408480750108396, 42.206196655744414 ], [ -97.578585686570406, 41.96427054937088 ], [ -97.576357860351024, 41.877089234227583 ], [ -97.458707322323349, 41.856906609216267 ], [ -97.509054008540261, 41.50689548439955 ], [ -97.793690137986786, 41.262152672876738 ], [ -97.788900251317386, 41.087064037189727 ], [ -97.671438919929685, 41.023119777952957 ], [ -97.718561022019898, 40.627557054078018 ], [ -97.77494288605854, 40.538127879679898 ], [ -97.979754016106497, 40.622687599699411 ], [ -98.121446190642658, 40.555073731167909 ], [ -98.117458243388015, 40.423283211073439 ], [ -98.029876941881383, 40.359536306404635 ], [ -97.772616513744524, 40.451671015610742 ], [ -97.709312088379789, 40.276025412100353 ], [ -98.039024088056919, 39.719895738954193 ], [ -97.946621459598589, 39.478643860608422 ], [ -98.011138026548394, 39.234439457517226 ], [ -97.844747750274351, 38.90527387439721 ], [ -97.897384521457539, 38.727155597813635 ], [ -98.115479240715558, 38.43503040098944 ], [ -98.056922584200734, 38.369480344013745 ], [ -98.108335652131402, 38.19088100694227 ], [ -98.32812458002428, 37.986711318076743 ], [ -98.595152015615255, 37.536099024805701 ], [ -98.520029996225645, 36.9576508418739 ], [ -98.401995692843286, 36.758982529436096 ], [ -98.391531665586157, 36.423722681421019 ], [ -98.221901154678122, 36.315140374410767 ], [ -98.268287959800887, 36.023056490762812 ], [ -98.15686709020946, 36.00278104258993 ], [ -98.013170098491443, 35.781942080507086 ], [ -97.763328414704418, 35.741401479886228 ], [ -97.453442012915346, 35.476957097349207 ], [ -97.31792105054744, 35.545523679873064 ], [ -97.374623913963291, 35.657647901155393 ], [ -97.094252523677312, 35.481144941284448 ], [ -97.033340205672246, 35.16744693354471 ], [ -97.13893928287176, 34.941306456574139 ], [ -96.75511079435563, 34.901565604311678 ], [ -96.64321517997557, 34.812019164509849 ], [ -96.692878041227317, 34.473876546087965 ], [ -96.637918914680043, 34.451911432607517 ], [ -96.603824921736575, 33.978944512797874 ], [ -96.303372991881872, 33.868832126073421 ], [ -96.11184048868634, 33.645299697798329 ], [ -95.704826906527884, 33.602419887932193 ], [ -95.623013108119849, 33.512437264267085 ], [ -95.379561004234361, 33.603142147407688 ], [ -95.189519094684144, 33.42318303240004 ], [ -95.054228108583757, 33.468455894965878 ], [ -94.864822615067723, 33.378060493535294 ] ], [ [ -95.371852843513167, 33.89616867941087 ], [ -94.954425195969108, 33.896585614274812 ], [ -94.899892053021063, 34.099520373747197 ], [ -94.949966849047541, 34.144629359508137 ], [ -94.735850239953663, 34.392289514631145 ], [ -94.790189964428862, 34.527489696851944 ], [ -95.082065937645964, 34.520398494595902 ], [ -95.163884484779118, 34.407737292900279 ], [ -95.246082861892717, 34.542750358515157 ], [ -95.465076067371911, 34.620844150263359 ], [ -95.838546747575862, 34.525486921858217 ], [ -95.869021536706214, 34.367677444438876 ], [ -95.973618995086554, 34.344562587491723 ], [ -95.917020183833685, 34.09698278637137 ], [ -95.371852843513167, 33.89616867941087 ] ], [ [ -95.209974360330378, 34.527489487259459 ], [ -95.191363653624279, 34.512201223281771 ], [ -95.172805397469844, 34.527532716305579 ], [ -95.191416125330989, 34.542823013738236 ], [ -95.209974360330378, 34.527489487259459 ] ], [ [ -94.061006674329505, 34.66001458870857 ], [ -93.933101960902519, 34.643931085094515 ], [ -93.858936949534041, 34.72625448294842 ], [ -94.170118182970128, 34.705610642955236 ], [ -94.061006674329505, 34.66001458870857 ] ], [ [ -94.27975537220442, 34.68362157120778 ], [ -94.233907598194236, 34.664510257041279 ], [ -94.187636222928433, 34.705697868320215 ], [ -94.26089450019866, 34.721345101289685 ], [ -94.27975537220442, 34.68362157120778 ] ], [ [ -106.753316084903076, 39.086446058255305 ], [ -106.528382767009276, 39.168068731990644 ], [ -106.517590717398562, 39.301910425910251 ], [ -106.628200134299931, 39.464885957165286 ], [ -106.870899108716898, 39.367001008480472 ], [ -106.654122025360437, 39.381576314200302 ], [ -106.652310219215693, 39.248607237530962 ], [ -106.852945808529881, 39.27948405518255 ], [ -106.753316084903076, 39.086446058255305 ] ], [ [ -106.997125418980048, 39.668704144388784 ], [ -106.881925921187687, 39.675824634163931 ], [ -106.997831469725725, 39.690803469082368 ], [ -106.925587041974509, 39.805706523398712 ], [ -106.829436011796247, 39.724360462465405 ], [ -106.781797819736099, 39.816096701449688 ], [ -106.849003991261696, 39.900091005054669 ], [ -106.960227261765496, 39.848326446233465 ], [ -107.00726591611236, 39.756587880958435 ], [ -106.997125418980048, 39.668704144388784 ] ], [ [ -106.418285568241515, 39.729401391275076 ], [ -106.398034418843054, 39.723189619809339 ], [ -106.348667150563003, 39.75603898096665 ], [ -106.402081429175126, 39.760109981256612 ], [ -106.418285568241515, 39.729401391275076 ] ], [ [ -107.293277927351809, 39.82538937150774 ], [ -107.22123581545388, 39.830405321661217 ], [ -107.257795367952653, 39.934969905451112 ], [ -107.291354861240819, 39.891920580783086 ], [ -107.293277927351809, 39.82538937150774 ] ], [ [ -106.340390009060243, 39.977751053171296 ], [ -106.224422372671029, 39.985163171809774 ], [ -106.416182679926948, 40.150350900620069 ], [ -106.459819940386922, 40.014248180999807 ], [ -106.340390009060243, 39.977751053171296 ] ], [ [ -106.001225671368388, 40.043403656819194 ], [ -106.000270981467679, 40.04310965816061 ], [ -105.999390846080431, 40.043517880741156 ], [ -106.000382892126495, 40.044163135079685 ], [ -106.001225671368388, 40.043403656819194 ] ], [ [ -105.730132729617395, 40.126324244982214 ], [ -105.689706762365375, 40.172926721157644 ], [ -105.731028496973209, 40.229582464948507 ], [ -105.749041587521646, 40.169334511944854 ], [ -105.730132729617395, 40.126324244982214 ] ], [ [ -106.775727758503209, 40.302758029041499 ], [ -106.627875267120174, 40.422843158813293 ], [ -106.624789614476725, 41.061696770283866 ], [ -107.224061795818827, 41.356494367792365 ], [ -107.276886340382532, 41.106204911287442 ], [ -107.196019579495697, 41.067739600709075 ], [ -107.180379704073076, 40.936803141341116 ], [ -107.422967988960181, 40.829703926982013 ], [ -107.442338769186634, 40.749638597703417 ], [ -107.290570944768461, 40.696697205185075 ], [ -107.13084264980759, 40.742002799135768 ], [ -107.130204212355551, 40.815171210327378 ], [ -106.954034988058126, 40.801502447488105 ], [ -106.775727758503209, 40.302758029041499 ] ], [ [ -105.991636810678813, 40.353067791613171 ], [ -105.869926917674164, 40.450531465553823 ], [ -105.754960543886568, 40.459286574212044 ], [ -105.732675877461162, 40.501188403570872 ], [ -106.01693852198035, 40.74111452173517 ], [ -105.991636810678813, 40.353067791613171 ] ], [ [ -105.843821612901252, 40.384212853497381 ], [ -105.746179194570757, 40.375151785367194 ], [ -105.733903890700503, 40.412939388299129 ], [ -105.840218462152833, 40.443527125640863 ], [ -105.843821612901252, 40.384212853497381 ] ], [ [ -111.176543444532001, 40.66337138165153 ], [ -111.079994475993431, 40.672124703739541 ], [ -111.090274506265189, 40.737500093160008 ], [ -111.215633476781463, 40.726128180202039 ], [ -111.176543444532001, 40.66337138165153 ] ], [ [ -106.367149328663373, 41.100184878051103 ], [ -106.190700443995027, 41.462502567602058 ], [ -106.601988661059323, 41.655786864445446 ], [ -106.68764213877084, 41.452938076306424 ], [ -106.635423290130788, 41.302685397304955 ], [ -106.367149328663373, 41.100184878051103 ] ], [ [ -111.184005645893876, 40.773201797949014 ], [ -111.056834015671512, 40.769683691387158 ], [ -111.043018451487711, 40.808040588863726 ], [ -111.153129987824457, 40.825194536491829 ], [ -111.184005645893876, 40.773201797949014 ] ], [ [ -109.045568937480724, 42.030770912865535 ], [ -109.044538454158243, 42.030149660436606 ], [ -109.043701987561406, 42.030915087579729 ], [ -109.044732554415319, 42.03153640136766 ], [ -109.045568937480724, 42.030770912865535 ] ], [ [ -108.579057752190693, 42.328672935410403 ], [ -108.552827326428954, 42.318379789168695 ], [ -108.538079530107666, 42.331712506743827 ], [ -108.587684853187682, 42.357317964209052 ], [ -108.579057752190693, 42.328672935410403 ] ], [ [ -112.124355563492259, 42.139649642182462 ], [ -112.065514867930844, 42.145180327290916 ], [ -112.100882759190682, 42.29307052479178 ], [ -112.172978304788145, 42.222834226457039 ], [ -112.124355563492259, 42.139649642182462 ] ], [ [ -113.799481581509013, 42.105866217860978 ], [ -113.554199971967677, 42.132849075551384 ], [ -113.475757793996067, 42.336748727047478 ], [ -113.752789911102639, 42.374313923901802 ], [ -113.799481581509013, 42.105866217860978 ] ], [ [ -113.034249169323914, 42.315129100890559 ], [ -112.907085902610291, 42.393468503035763 ], [ -112.978408474127605, 42.554813543032431 ], [ -113.091996786730874, 42.525206402131232 ], [ -113.147736945394882, 42.413561872505696 ], [ -113.034249169323914, 42.315129100890559 ] ], [ [ -114.246764961722164, 42.212931436109947 ], [ -114.220006538465583, 42.203451326880568 ], [ -114.206041143054506, 42.217237394678506 ], [ -114.225819872570071, 42.233612087261662 ], [ -114.246764961722164, 42.212931436109947 ] ], [ [ -112.789423475729166, 42.383046662218518 ], [ -112.698704832412844, 42.413791135633559 ], [ -112.657355827735188, 42.571175342503821 ], [ -112.821895635885767, 42.676985240596665 ], [ -112.911846796952972, 42.568351373012881 ], [ -112.789423475729166, 42.383046662218518 ] ], [ [ -112.440169148940825, 42.59199136235204 ], [ -112.30168320292492, 42.59593129033761 ], [ -112.297449504952837, 42.714935700427027 ], [ -112.570354022296698, 42.769516187536212 ], [ -112.440169148940825, 42.59199136235204 ] ], [ [ -103.994905554610625, 43.478891933361552 ], [ -103.99348031432983, 43.478960680905992 ], [ -103.997965886635768, 43.522714189793724 ], [ -103.998853256313581, 43.521979073961639 ], [ -103.994905554610625, 43.478891933361552 ] ], [ [ -104.062241895339, 43.562180540789036 ], [ -104.061227332075845, 43.56153761790921 ], [ -104.06034001799209, 43.562272789370304 ], [ -104.061354637066145, 43.562915767789399 ], [ -104.062241895339, 43.562180540789036 ] ], [ [ -113.802387283848446, 43.441399292873989 ], [ -113.801312995521016, 43.440810347855404 ], [ -113.800973160778668, 43.441542644244251 ], [ -113.801576170010023, 43.442179377268289 ], [ -113.802387283848446, 43.441399292873989 ] ], [ [ -113.145958868894667, 43.724414331044031 ], [ -113.116982333499863, 43.727231647576673 ], [ -113.140227414520496, 43.761515455043771 ], [ -113.144223514097021, 43.746336304760305 ], [ -113.145958868894667, 43.724414331044031 ] ], [ [ -114.039536823391529, 43.787660357168463 ], [ -113.988930339730729, 43.787884859969267 ], [ -113.966840034702898, 43.816826104734155 ], [ -114.018325277605982, 43.833346874933518 ], [ -114.039536823391529, 43.787660357168463 ] ], [ [ -112.386664736417316, 44.035517180910162 ], [ -112.375271997335219, 44.029196991018836 ], [ -112.356386651264273, 44.038321608161546 ], [ -112.379174407734581, 44.050963097786116 ], [ -112.386664736417316, 44.035517180910162 ] ], [ [ -115.779834591159471, 44.211641590626826 ], [ -115.766649102799221, 44.198313587607245 ], [ -115.733677897742666, 44.281964131425362 ], [ -115.795948422546118, 44.275081723879723 ], [ -115.779834591159471, 44.211641590626826 ] ], [ [ -85.725680197746584, 45.187087508255104 ], [ -85.723746366358228, 45.18699411564085 ], [ -85.712206896267034, 45.315444652173007 ], [ -85.713241563044846, 45.314810492218449 ], [ -85.725680197746584, 45.187087508255104 ] ], [ [ -115.892083964540632, 44.438239348624919 ], [ -115.877675303052399, 44.430716479981569 ], [ -115.854663993093993, 44.442385898736489 ], [ -115.883484698435822, 44.457432937440799 ], [ -115.892083964540632, 44.438239348624919 ] ], [ [ -117.138332778822218, 45.055570444532705 ], [ -116.85825448691007, 45.239366531415207 ], [ -117.36580559910054, 45.32847447235735 ], [ -117.386752223568408, 45.242976452230806 ], [ -117.254693007017011, 45.193527644752585 ], [ -117.253810603826906, 45.1139852072547 ], [ -117.139442285231482, 45.163674395525121 ], [ -117.138332778822218, 45.055570444532705 ] ], [ [ -117.237732220386235, 45.087285392459023 ], [ -117.214077388625753, 45.075324276132932 ], [ -117.197133060743226, 45.092025118527545 ], [ -117.220790884801914, 45.103987248132263 ], [ -117.237732220386235, 45.087285392459023 ] ], [ [ -116.839036393546394, 45.219946082205865 ], [ -116.815398704536989, 45.207947178453466 ], [ -116.798361311937128, 45.224597109495186 ], [ -116.822001914302362, 45.236596998952081 ], [ -116.839036393546394, 45.219946082205865 ] ], [ [ -119.418630919375516, 44.927785385621171 ], [ -119.438391148138649, 45.012164331934599 ], [ -119.510646706378537, 45.046291458539102 ], [ -119.488913535350306, 44.962186010011955 ], [ -119.418630919375516, 44.927785385621171 ] ], [ [ -117.735716308772766, 45.244980935845113 ], [ -117.681273215637177, 45.2332840293994 ], [ -117.605412099207129, 45.260464893051989 ], [ -117.694804530095212, 45.289664722328787 ], [ -117.735716308772766, 45.244980935845113 ] ], [ [ -86.576431853612974, 46.545577785990695 ], [ -86.514178166069641, 46.542226532936176 ], [ -86.513135414445429, 46.542859144391237 ], [ -86.54472186544848, 46.544895968764799 ], [ -86.576431853612974, 46.545577785990695 ] ], [ [ -117.845997114417798, 45.426486924508552 ], [ -117.816579304103769, 45.411839056155713 ], [ -117.804086755203372, 45.431485817608063 ], [ -117.823701140027183, 45.441251853750529 ], [ -117.845997114417798, 45.426486924508552 ] ], [ [ -118.175513354485105, 45.408469503523882 ], [ -117.99703217139988, 45.689208683188873 ], [ -118.114571024467324, 45.872681619823652 ], [ -117.924689941363241, 45.855694743248534 ], [ -117.79530346938094, 46.086311610770139 ], [ -117.522909535840625, 45.985681763040937 ], [ -117.38109089729501, 46.12772643565976 ], [ -117.585715166981899, 46.244964063929999 ], [ -117.631463867891071, 46.177757561494644 ], [ -117.752054075944642, 46.289989426939471 ], [ -117.860032462552454, 46.243801456540446 ], [ -117.80932204624213, 46.163798716684539 ], [ -117.913399071143132, 46.062042241474721 ], [ -118.064133949468157, 46.169776905007552 ], [ -118.102139390466164, 46.086085334719492 ], [ -118.018420599972046, 45.984993769697567 ], [ -118.154392197317463, 46.033347566484402 ], [ -118.232316775044609, 45.848180310673555 ], [ -118.596925913943593, 45.594824340967399 ], [ -118.466356859738653, 45.423184420505649 ], [ -118.175513354485105, 45.408469503523882 ] ], [ [ -116.966114686098337, 45.766532661301099 ], [ -116.942324576270693, 45.754596604466258 ], [ -116.925211125541807, 45.771192064341236 ], [ -116.949004198986557, 45.783129059296002 ], [ -116.966114686098337, 45.766532661301099 ] ], [ [ -117.35322086823453, 45.894325561845925 ], [ -117.345263400942969, 45.890366941012054 ], [ -117.325928179529896, 45.897484018385697 ], [ -117.349803629346624, 45.909360818321495 ], [ -117.35322086823453, 45.894325561845925 ] ], [ [ -117.311479250965107, 45.899154726452991 ], [ -117.223884076805376, 45.900216925177602 ], [ -117.209030937043948, 45.954005644314194 ], [ -117.299533348343303, 45.958000302288667 ], [ -117.311479250965107, 45.899154726452991 ] ], [ [ -100.431674119898261, 47.093749845854511 ], [ -100.409833873053273, 47.080023189992438 ], [ -100.389670113182305, 47.094891707848333 ], [ -100.4115111242116, 47.108619231401498 ], [ -100.431674119898261, 47.093749845854511 ] ], [ [ -100.369904208395184, 47.095425957210807 ], [ -100.348072751498648, 47.081692710211911 ], [ -100.327898681988358, 47.096554775025297 ], [ -100.34973089439049, 47.110288889629686 ], [ -100.369904208395184, 47.095425957210807 ] ], [ [ -116.499036784714875, 46.420382543542644 ], [ -116.475140215091315, 46.408448008463893 ], [ -116.457824933142376, 46.424921273877416 ], [ -116.48172444608403, 46.436856693226872 ], [ -116.499036784714875, 46.420382543542644 ] ], [ [ -117.130217198975984, 46.414049252261371 ], [ -117.129168677471881, 46.413825339201523 ], [ -117.128279602654402, 46.41426925777597 ], [ -117.129408025673186, 46.414827204252482 ], [ -117.130217198975984, 46.414049252261371 ] ], [ [ -117.584372143888956, 46.490613779699792 ], [ -117.592621755620058, 46.532530511328133 ], [ -117.655150233663207, 46.525284322961021 ], [ -117.589465284713896, 46.51146169238509 ], [ -117.584372143888956, 46.490613779699792 ] ], [ [ -116.413192962480423, 47.390071359303988 ], [ -116.35765674727493, 47.378195940119234 ], [ -116.310287002, 47.401139206856456 ], [ -116.369921667067899, 47.430437247359379 ], [ -116.413192962480423, 47.390071359303988 ] ], [ [ -117.028208132384066, 47.853717570057995 ], [ -116.955616653366448, 47.861688571872293 ], [ -116.922874440096336, 47.971167985866117 ], [ -117.100297904790295, 47.977682156175341 ], [ -117.17299481643127, 47.901316696751159 ], [ -117.028208132384066, 47.853717570057995 ] ], [ [ -112.780142010832719, 49.153095646881908 ], [ -112.458710212932971, 49.249761313391062 ], [ -112.427516982589012, 49.308218941925716 ], [ -112.51056951261063, 49.34992779355656 ], [ -112.71976016206645, 49.277874509885024 ], [ -112.780142010832719, 49.153095646881908 ] ], [ [ -113.680946564282678, 49.885215604920724 ], [ -113.443499514665632, 49.989184581335316 ], [ -113.541567599994465, 50.146156528312261 ], [ -113.464758311436526, 50.234959824901459 ], [ -113.147489101176888, 50.26252186915783 ], [ -112.836562633013585, 50.165106729369896 ], [ -112.920178936894544, 50.261972886597171 ], [ -112.830019798130195, 50.289601911622015 ], [ -112.710850935363055, 50.176384927382976 ], [ -112.645378701919725, 50.181883299711352 ], [ -112.839411171822306, 50.495715334103181 ], [ -113.247098517778952, 50.584625560244419 ], [ -113.389542913077378, 50.942473847017126 ], [ -113.544507565811045, 51.052865476359166 ], [ -113.91562925161449, 50.814991679711255 ], [ -114.212255520654125, 50.828938588834419 ], [ -114.085613544634469, 50.552043470760047 ], [ -113.723130088076076, 50.37810250592964 ], [ -113.696680939915254, 50.256503569834976 ], [ -113.860310505222117, 50.11779242399254 ], [ -113.680946564282678, 49.885215604920724 ] ], [ [ -112.542673488637348, 49.983682395104239 ], [ -112.478217316306541, 49.988402888747913 ], [ -112.4778420899477, 49.989096433968733 ], [ -112.510137170975995, 49.987064380456204 ], [ -112.542673488637348, 49.983682395104239 ] ], [ [ -110.886702940692032, 50.136089314900389 ], [ -110.862568986345622, 50.123874848189203 ], [ -110.843510347656206, 50.139343836226345 ], [ -110.867646680952021, 50.151558890474462 ], [ -110.886702940692032, 50.136089314900389 ] ], [ [ -112.614248444393453, 50.019074850558987 ], [ -112.61310288817721, 50.018508888203527 ], [ -112.612221971947818, 50.019244969584918 ], [ -112.613367651841429, 50.019810959871243 ], [ -112.614248444393453, 50.019074850558987 ] ], [ [ -117.334574112801931, 49.587685423293635 ], [ -117.30971815733119, 49.576161991165485 ], [ -117.291939902270059, 49.592275688431606 ], [ -117.316799132363712, 49.603799736757253 ], [ -117.334574112801931, 49.587685423293635 ] ], [ [ -117.271876170378206, 49.594432635469857 ], [ -117.247026528766952, 49.582902460974367 ], [ -117.239896007030296, 49.597866353602214 ], [ -117.252322469033501, 49.603631747904579 ], [ -117.271876170378206, 49.594432635469857 ] ], [ [ -117.726881384434961, 49.565907034375911 ], [ -117.672801578964723, 49.613616693474427 ], [ -117.683388593195559, 49.654225198871607 ], [ -117.800158057344348, 49.599644496097419 ], [ -117.726881384434961, 49.565907034375911 ] ], [ [ -117.559949217357257, 49.667682960850556 ], [ -117.537936126097179, 49.711144270065851 ], [ -117.506218153766838, 49.715250699729992 ], [ -117.570490517263224, 49.708277061615952 ], [ -117.559949217357257, 49.667682960850556 ] ], [ [ -111.829893756484907, 50.289850653840084 ], [ -111.788022310458487, 50.416853600148919 ], [ -111.812977506061841, 50.539059983226004 ], [ -111.869650913405934, 50.492739824166684 ], [ -111.829893756484907, 50.289850653840084 ] ], [ [ -117.465947729491063, 49.803022298599636 ], [ -117.464439708645799, 49.803185110707453 ], [ -117.475624298804817, 49.844327752043995 ], [ -117.476461745159725, 49.843570588723956 ], [ -117.465947729491063, 49.803022298599636 ] ], [ [ -117.424086861449126, 49.890877532480076 ], [ -117.422577246453699, 49.891039912089163 ], [ -117.45479238174245, 50.01313834281229 ], [ -117.455127756350294, 50.012436615457815 ], [ -117.424086861449126, 49.890877532480076 ] ], [ [ -117.403143988126317, 50.059609999310673 ], [ -117.412819309064147, 50.100819892514856 ], [ -117.476710375000749, 50.093306692255624 ], [ -117.408400655548121, 50.079839373579361 ], [ -117.403143988126317, 50.059609999310673 ] ], [ [ -111.885095938452523, 50.573824045610181 ], [ -111.820600603796365, 50.742698847798444 ], [ -111.708891508457526, 50.669324673773481 ], [ -111.483715116035341, 50.851728208525685 ], [ -111.544006844854479, 50.908578088420356 ], [ -111.330401807133683, 51.068315607113554 ], [ -111.345953711632745, 51.148945790639573 ], [ -111.700019403366156, 51.285912279489324 ], [ -112.303371195207291, 51.36091011545593 ], [ -112.215271387910065, 51.244720549961471 ], [ -112.319024219048686, 51.113653688371592 ], [ -112.29433689841899, 50.992749998388952 ], [ -111.865691454506461, 50.801385173555786 ], [ -111.885095938452523, 50.573824045610181 ] ], [ [ -111.75803081827155, 50.583887286484398 ], [ -111.755989442864177, 50.584048314648868 ], [ -111.765066404837683, 50.6251141713213 ], [ -111.765960582033358, 50.624385813264816 ], [ -111.75803081827155, 50.583887286484398 ] ], [ [ -85.647200245913879, 51.300437866494022 ], [ -85.562074887354925, 51.282927338326047 ], [ -85.545031263366695, 51.336624184157003 ], [ -85.619205234796411, 51.353656320391245 ], [ -85.647200245913879, 51.300437866494022 ] ], [ [ -115.712714119578877, 51.099905608522178 ], [ -115.583674209525526, 51.11168446867817 ], [ -115.592594915997253, 51.152557769154242 ], [ -115.721695731691923, 51.140778348471599 ], [ -115.712714119578877, 51.099905608522178 ] ], [ [ -115.207477281056171, 51.496438015147916 ], [ -115.099511806001658, 51.506502975578819 ], [ -115.197537019905525, 51.640432147227273 ], [ -115.096168215547578, 51.629428240917754 ], [ -115.107261318162188, 51.812039292728642 ], [ -114.952245151312439, 51.928140907968384 ], [ -114.981018198034164, 52.047583488165422 ], [ -115.35520772039186, 52.419191544096549 ], [ -116.126640081153894, 52.731417103593131 ], [ -115.963612530240013, 52.760197573871778 ], [ -115.958412725113362, 52.828139144799295 ], [ -116.214074782622447, 52.803911189095381 ], [ -116.383687370902095, 53.13053528986552 ], [ -117.336271289938708, 53.255903397282673 ], [ -117.499212229931402, 53.357139452949504 ], [ -117.859733399179063, 53.203183540293715 ], [ -118.197905100729898, 53.171654055924662 ], [ -118.274562573996093, 53.204031893551694 ], [ -117.887803696542733, 53.26397863179912 ], [ -117.908633089991611, 53.483115562182945 ], [ -118.288407785648289, 53.68519135756528 ], [ -118.348082946789575, 53.859380017508123 ], [ -118.536475410759081, 54.016814406124155 ], [ -118.84952832722422, 54.027515972724188 ], [ -118.742102065778852, 54.098639552087732 ], [ -119.01391903048183, 54.243559357315263 ], [ -119.158664059455589, 54.194842939752263 ], [ -119.080699560415496, 54.163122111499867 ], [ -119.065668031039721, 54.078411831546916 ], [ -119.945768249031374, 54.381225938215451 ], [ -120.144644881063741, 54.28853050422272 ], [ -119.979133161681403, 53.966666924761583 ], [ -119.416413074792644, 53.706926831093426 ], [ -119.024511887140676, 53.306403701804889 ], [ -118.723190941655986, 53.163416338791606 ], [ -118.334637063503848, 53.137270837887804 ], [ -118.143205239326534, 53.056247488575863 ], [ -118.208028469284443, 53.02932508270176 ], [ -118.037418682250717, 52.784144253707559 ], [ -117.819799768003435, 52.786373252556146 ], [ -117.827749721762402, 52.852736025575766 ], [ -117.512613255064934, 52.682498070076157 ], [ -117.527166502445624, 52.573186890646909 ], [ -117.321633129831696, 52.492622738643497 ], [ -117.257334162030844, 52.27566143793365 ], [ -117.026413187182285, 52.366401558946954 ], [ -116.758226451316972, 52.232964607717051 ], [ -116.427103756546074, 52.256586869366252 ], [ -116.387956782801979, 52.213247909012921 ], [ -116.542284383114264, 52.082562182237638 ], [ -116.497103860774757, 51.760701548050235 ], [ -116.427859724633436, 51.85574001752903 ], [ -116.27264239696197, 51.765641081509898 ], [ -116.216448719728348, 51.804073188432334 ], [ -116.070260404373784, 51.659531478971303 ], [ -115.794949334508729, 51.5700090220421 ], [ -115.327235489689087, 51.675692946035376 ], [ -115.35054656520785, 51.544371081139914 ], [ -115.207477281056171, 51.496438015147916 ] ], [ [ -116.89001565867369, 51.598681878477898 ], [ -116.887961000339132, 51.598889749663819 ], [ -116.899618954408623, 51.639300552820046 ], [ -116.900479195721658, 51.638558725799619 ], [ -116.89001565867369, 51.598681878477898 ] ], [ [ -116.975217152623159, 51.671911845388152 ], [ -116.97402099854358, 51.671378515110668 ], [ -116.973160916274324, 51.672120363342088 ], [ -116.974357229722287, 51.672653714764458 ], [ -116.975217152623159, 51.671911845388152 ] ], [ [ -117.05001439644883, 51.705228077219445 ], [ -117.048817293929972, 51.7046953371893 ], [ -117.047957530722357, 51.705437227644417 ], [ -117.049154793259646, 51.705969988687393 ], [ -117.05001439644883, 51.705228077219445 ] ], [ [ -117.440594895324807, 52.216301735096032 ], [ -117.350307160742886, 52.211682911916157 ], [ -117.348113857260373, 52.286779840626231 ], [ -117.411529825795071, 52.314483951818886 ], [ -117.440594895324807, 52.216301735096032 ] ], [ [ -117.779802736252975, 52.222037093662159 ], [ -117.587371533568444, 52.228100884280551 ], [ -117.569345208003256, 52.264148618169116 ], [ -117.778310089834008, 52.317441867463266 ], [ -117.779802736252975, 52.222037093662159 ] ], [ [ -117.803877001148805, 52.38230558094687 ], [ -117.670621585962692, 52.436710705735528 ], [ -117.881637245867097, 52.568412162092329 ], [ -117.997892796750165, 52.544971872273877 ], [ -117.803877001148805, 52.38230558094687 ] ], [ [ -115.289556075595897, 52.910208085990917 ], [ -115.263988879995992, 52.898826031331524 ], [ -115.245112431405033, 52.914244806397434 ], [ -115.270682854035186, 52.925627216045186 ], [ -115.289556075595897, 52.910208085990917 ] ], [ [ -115.234025688338647, 52.955545639411028 ], [ -115.210121507063718, 52.950861026071195 ], [ -115.156519201207558, 52.98269037594941 ], [ -115.22496205911574, 53.010333811023258 ], [ -115.234025688338647, 52.955545639411028 ] ], [ [ -116.169149295983686, 52.949461007829981 ], [ -116.14344791682143, 52.938184067558069 ], [ -116.124728706200983, 52.953669723189442 ], [ -116.150433451207078, 52.964947013939693 ], [ -116.169149295983686, 52.949461007829981 ] ], [ [ -117.88917265821766, 53.344356847471779 ], [ -117.830360924297466, 53.336652275268158 ], [ -117.812196141528972, 53.372290762212756 ], [ -117.876275477792433, 53.379464241376844 ], [ -117.88917265821766, 53.344356847471779 ] ], [ [ -116.591477793958902, 53.732808697067853 ], [ -116.458388672024128, 53.744772879920944 ], [ -116.402580133166154, 53.790649907353632 ], [ -116.535226248224063, 53.778774240069815 ], [ -116.591477793958902, 53.732808697067853 ] ], [ [ -115.997760899368814, 53.788395682404385 ], [ -115.996622321010236, 53.788181158529945 ], [ -115.995648518430798, 53.788590513212249 ], [ -115.996869685425395, 53.789117067528274 ], [ -115.997760899368814, 53.788395682404385 ] ], [ [ -115.942022305454344, 53.83346544472731 ], [ -115.940800977991003, 53.83293887702574 ], [ -115.939908599378924, 53.833659662949515 ], [ -115.941130087194779, 53.834186243957305 ], [ -115.942022305454344, 53.83346544472731 ] ], [ [ -115.917058371059483, 53.995310854002881 ], [ -115.558104001874554, 54.186965988347488 ], [ -115.619143364100083, 54.419687019805217 ], [ -116.052861018278477, 54.381210878977825 ], [ -116.527834299341833, 54.495495458780539 ], [ -116.429961758481426, 54.38557173380385 ], [ -116.530964245333948, 54.256975583504499 ], [ -115.974733791535186, 54.088978559454198 ], [ -115.917058371059483, 53.995310854002881 ] ], [ [ -118.70929617813357, 54.062092206152805 ], [ -118.682886790199731, 54.051243250725101 ], [ -118.664398663154159, 54.066743264964636 ], [ -118.690811910642822, 54.077592481909441 ], [ -118.70929617813357, 54.062092206152805 ] ], [ [ -118.720966834680326, 54.100831359751574 ], [ -118.694542990400436, 54.089988576923098 ], [ -118.68727828639868, 54.10432062098846 ], [ -118.700492141108839, 54.109742141699975 ], [ -118.720966834680326, 54.100831359751574 ] ], [ [ -119.597394919699283, 54.287924464669302 ], [ -119.570789500206416, 54.277205359648747 ], [ -119.552422520872113, 54.292735411362671 ], [ -119.579031961169491, 54.303454759796253 ], [ -119.597394919699283, 54.287924464669302 ] ], [ [ -116.264467411811012, 54.678183600518992 ], [ -115.780954565326141, 54.767677110842769 ], [ -115.620164974983595, 54.893978291976126 ], [ -115.608066231669781, 55.072242658531678 ], [ -115.952330486685696, 55.316877066641993 ], [ -116.564911180159356, 55.490847621933781 ], [ -116.594588716300336, 55.160725857072514 ], [ -116.264467411811012, 54.678183600518992 ] ], [ [ -116.300431718943628, 55.696977814001585 ], [ -116.167699736957786, 55.747832669693508 ], [ -116.134740320521871, 55.984594817300227 ], [ -116.18116032329371, 56.077750705334587 ], [ -116.360079491865449, 56.114045463219355 ], [ -116.427329268091441, 55.880756820097254 ], [ -116.378830776335832, 55.709498543396442 ], [ -116.300431718943628, 55.696977814001585 ] ], [ [ -112.674380995052005, 56.165929421456404 ], [ -112.581332089331198, 56.166127930091022 ], [ -112.558601872829016, 56.193688246244101 ], [ -112.663150340501204, 56.218567898998415 ], [ -112.674380995052005, 56.165929421456404 ] ], [ [ -112.76067610465762, 56.236956635378021 ], [ -112.645814585228663, 56.24533908142449 ], [ -112.708043052240228, 56.40835839163104 ], [ -112.776734564463922, 56.370949946837172 ], [ -112.76067610465762, 56.236956635378021 ] ], [ [ -73.566115624723622, 31.945800253572973 ], [ -73.264212256668714, 31.972811126595246 ], [ -73.248668348224655, 32.33792072173835 ], [ -73.169964437067705, 32.464791645270651 ], [ -73.290407712885127, 32.68760676180365 ], [ -72.652904049952255, 32.737992898676453 ], [ -72.476764087695784, 32.941887031118959 ], [ -72.102637528400592, 33.164754250483021 ], [ -71.818188415782956, 33.215631917369052 ], [ -71.498890316998526, 33.169168402662024 ], [ -71.632195828914078, 33.187180373786575 ], [ -71.72947594002639, 33.110295943027538 ], [ -71.579236792659543, 33.042506615251213 ], [ -71.581183895088373, 32.905795357475483 ], [ -71.39475942482072, 32.87763677005691 ], [ -71.427374766628191, 32.721664332156344 ], [ -71.319010017672795, 32.591440194874565 ], [ -71.160304096768741, 32.567759502994832 ], [ -70.999723779434589, 32.681586610142368 ], [ -70.814505180194956, 32.653582468379845 ], [ -70.776593182812505, 32.830292866371025 ], [ -71.068128778273774, 32.874251862554893 ], [ -71.465353848028883, 33.071714289353679 ], [ -71.30125604508504, 33.070469759573854 ], [ -71.330962088791665, 33.189629565744752 ], [ -71.267365360252143, 33.2268652254158 ], [ -70.929187681640727, 33.268293975282823 ], [ -70.354193325784507, 33.134968066384644 ], [ -70.19785480099894, 32.972862172248135 ], [ -69.244913419303984, 32.821917987059543 ], [ -68.923382663695619, 32.907890111986376 ], [ -68.289330314371156, 32.802866271854313 ], [ -68.257642936611703, 32.705252428075212 ], [ -68.151502805044927, 32.68662626795485 ], [ -68.325309131636629, 32.41581770959597 ], [ -68.193847108814936, 32.278144653749386 ], [ -68.326230036508989, 32.299769392024828 ], [ -68.367194221421869, 32.2381163031421 ], [ -68.315258955790526, 32.114588544739398 ], [ -68.130978665405166, 32.08260860862552 ], [ -68.680764379655386, 31.828635495293668 ], [ -68.706481430217963, 31.7173787384938 ], [ -68.889008551174669, 31.632220689234106 ], [ -68.929741342025466, 31.454068661684644 ], [ -68.825400037626167, 31.321815990069144 ], [ -68.576355467302804, 31.348679909979598 ], [ -68.535115166492787, 31.526779102125033 ], [ -68.582188709044701, 31.557830654826507 ], [ -68.570955398756539, 31.602559395742038 ], [ -68.377338982507922, 31.385156934492546 ], [ -68.0907303431743, 31.335830783245623 ], [ -67.92941041704006, 31.215754534033071 ], [ -66.838432212810176, 31.022827812778189 ], [ -64.973523252990404, 37.965141185149541 ], [ -63.155611439184234, 43.920722542546429 ], [ -63.50397548655264, 44.311806967557018 ], [ -63.514035557936815, 44.467910048497735 ], [ -63.61038112892242, 44.55024727802747 ], [ -63.592961285459573, 44.789456025173614 ], [ -63.72038913089451, 44.964559661012082 ], [ -63.658547433566056, 45.15182903686933 ], [ -63.769542914327346, 45.192144550282435 ], [ -63.43171707800299, 45.268291117604406 ], [ -63.105020494963, 45.037756120944337 ], [ -62.796871454349734, 45.029258705421121 ], [ -62.553620827057784, 45.732211312323464 ], [ -63.503821436978868, 45.978629172427432 ], [ -64.183352213147586, 46.480216142606118 ], [ -64.799412806044984, 46.621251652091644 ], [ -64.79824995261049, 46.815829616866267 ], [ -65.034325280114885, 46.959574449115266 ], [ -65.503189032127423, 47.073967701809899 ], [ -65.693874823676552, 46.973250452692866 ], [ -65.661486986355513, 47.076872647050486 ], [ -65.822831933092132, 47.165554422142549 ], [ -65.816713800379517, 47.379739356333836 ], [ -65.480975994161938, 47.437223028166933 ], [ -65.476999095955364, 47.543357878097964 ], [ -66.470849540923211, 47.817444634538802 ], [ -67.040285866212812, 47.72722704462366 ], [ -67.759799544629445, 47.869733591639729 ], [ -67.894358779495747, 48.059289254108975 ], [ -67.87487986771373, 48.333268793585923 ], [ -68.009071280359422, 48.414351559652637 ], [ -68.433377907445404, 48.3858086089745 ], [ -68.698150240890001, 48.46293918113242 ], [ -69.08948288342738, 48.323385005927278 ], [ -69.172534305076695, 48.036693245656529 ], [ -69.04973574763676, 47.915086866475924 ], [ -68.541705087564864, 47.805752787381415 ], [ -68.516084284471887, 47.673629730779012 ], [ -69.012879169809693, 47.269115471122959 ], [ -69.357794476804401, 47.164405914617561 ], [ -69.62578607535265, 46.426375145538501 ], [ -69.545288090671335, 46.265032604211314 ], [ -69.689588586138356, 46.197009144222122 ], [ -69.821239717835979, 46.171051479387245 ], [ -69.937902179284663, 46.315481295311983 ], [ -70.277387888879787, 46.445059962823962 ], [ -70.56095457753031, 46.438564580176752 ], [ -70.527893983509117, 46.56335028968973 ], [ -70.686922621111194, 46.669092447827829 ], [ -70.588222059140378, 47.042526622274458 ], [ -70.695342464274717, 47.226120834143181 ], [ -70.978208897167136, 47.34608172094832 ], [ -71.250117453277113, 47.144798721974269 ], [ -71.314623963898953, 46.89599273860798 ], [ -71.05975212885356, 46.672203596032688 ], [ -71.058630631252271, 46.435942059803821 ], [ -70.935475504777628, 46.313941859534538 ], [ -70.652312827624627, 46.320983940748633 ], [ -70.675334436502354, 46.237093437910666 ], [ -70.927308496037995, 46.225487428043301 ], [ -71.134295081621843, 46.508973751302356 ], [ -71.31578036466513, 46.531100787441154 ], [ -71.694905808769235, 46.384284481213435 ], [ -71.697418305046369, 46.126621943791179 ], [ -71.44372075708101, 45.902011528729119 ], [ -71.504633277484828, 45.412699129802611 ], [ -71.206918899483867, 45.008013955317182 ], [ -71.053923751618001, 45.009785012113348 ], [ -70.994223756697494, 45.241590772974718 ], [ -70.933782314398059, 45.233271256003576 ], [ -70.936840521874615, 45.104209605086083 ], [ -70.696112989556752, 45.20343190687413 ], [ -70.338202543288602, 45.157023627884413 ], [ -70.641048390437746, 45.174349076094472 ], [ -70.662677410685632, 45.090302434135602 ], [ -70.511265194383839, 44.962209105192613 ], [ -70.586957716196451, 44.906766866114268 ], [ -70.43593574333363, 44.778449232479375 ], [ -70.647431750773862, 44.6745443083135 ], [ -70.914305040007918, 44.708801643403305 ], [ -71.087976270267077, 44.62276978688972 ], [ -71.130169027470473, 44.453878620154939 ], [ -70.860958932822896, 44.310415706026042 ], [ -71.016113062745688, 44.17754814915665 ], [ -71.089734990906294, 43.880998183350158 ], [ -70.980304447839245, 43.714353613290562 ], [ -70.507967445580604, 43.784085155169386 ], [ -70.414993010995587, 43.55251822763892 ], [ -70.092909667244612, 43.509415949807945 ], [ -69.884410621707545, 43.261341059045414 ], [ -69.737755324402627, 43.240559094481888 ], [ -69.920006090800612, 43.001288889391056 ], [ -70.048412615575444, 42.974045187668565 ], [ -70.032905425823728, 43.038730333294211 ], [ -70.228291363491309, 43.219263117679759 ], [ -70.261233842680156, 43.442782078721507 ], [ -70.601798528393218, 43.531960730840034 ], [ -70.890778982546024, 43.460861385173729 ], [ -71.00602393547959, 42.992502555910477 ], [ -70.839526527334911, 42.817190029811755 ], [ -70.645732955433331, 42.746680400847382 ], [ -70.888114579358643, 42.492111019317726 ], [ -70.828010733455187, 42.374418277452321 ], [ -70.567431209292081, 42.339526610864255 ], [ -70.472091186145974, 42.237495163339936 ], [ -70.603532385483035, 42.188889978717157 ], [ -70.655996983372916, 41.974609841946105 ], [ -70.538866552394907, 41.848665957270306 ], [ -70.308528613634635, 41.817209339727633 ], [ -70.064290633998169, 41.960943448102746 ], [ -69.70076291876795, 41.865883454583511 ], [ -69.577342835488082, 42.003087236359804 ], [ -69.635755628032044, 42.121442769863549 ], [ -69.827625500683382, 42.19327862491982 ], [ -69.795044671341429, 42.321571325892762 ], [ -69.551784750452825, 42.332551541684573 ], [ -69.289447250420565, 42.073877936737304 ], [ -68.592485129296392, 41.884241009387082 ], [ -68.573990530975266, 41.725167008353687 ], [ -68.14426739573878, 41.326969071585751 ], [ -68.059729367369499, 41.0916522249873 ], [ -67.86037793246787, 41.061275635016891 ], [ -67.768970414954993, 40.957106848908154 ], [ -67.820981903178918, 40.763715571457723 ], [ -67.652069837934789, 40.626332435896131 ], [ -67.040787839452548, 40.596890800945324 ], [ -66.993334123724622, 40.768752724397665 ], [ -67.360437912589305, 40.937829363680549 ], [ -67.484892078159646, 41.136853820003424 ], [ -66.91478143731112, 41.048208373929377 ], [ -66.82480448111788, 40.943626144275719 ], [ -67.027127012819804, 40.639584231548582 ], [ -67.100544647439364, 40.157234072240975 ], [ -66.896243683515792, 39.831877270063472 ], [ -66.995881949201873, 39.464714941121173 ], [ -66.852186892124692, 38.921627385933888 ], [ -66.921814571237235, 38.661380468274729 ], [ -67.117539924185067, 38.580138453417305 ], [ -67.286225714450936, 38.381005411334058 ], [ -67.361812985759812, 38.09773939485445 ], [ -67.772719557849996, 37.846433506034046 ], [ -68.064513069208957, 37.825720612255644 ], [ -68.158525592545331, 37.681762335564748 ], [ -68.351512753159312, 37.598779297984649 ], [ -68.456918639101374, 37.410251378224331 ], [ -68.944751563047731, 37.282705141742113 ], [ -68.971488175882826, 37.173243623658877 ], [ -69.162937190804371, 37.089173248889267 ], [ -69.417009090752856, 36.741625260382072 ], [ -69.542202410903968, 36.692495667516702 ], [ -69.549855904528428, 36.420536467620039 ], [ -69.173633197094546, 36.340510779595526 ], [ -69.116539671864416, 36.102871828277955 ], [ -69.26415822887293, 36.079507504628005 ], [ -69.376030736676654, 35.960708576913618 ], [ -69.577791493029864, 35.945468588863072 ], [ -69.710734219279473, 35.737695677022664 ], [ -69.952356464553645, 35.661166938547005 ], [ -70.082339062800315, 35.338414356175136 ], [ -70.353697509815305, 35.128083178383001 ], [ -70.33445058372601, 34.965194468585956 ], [ -70.427991733620232, 34.796349269413192 ], [ -70.845319639717474, 34.674965067880507 ], [ -71.033894985649823, 34.702775834644235 ], [ -71.333553860744104, 34.472204066790709 ], [ -71.585130441675034, 34.462857778279947 ], [ -71.684560134967811, 34.38568893845347 ], [ -72.303946269094354, 34.336163624728499 ], [ -73.112410399754268, 34.583737884165551 ], [ -73.205509635644759, 34.528500848753872 ], [ -73.317055655856976, 34.246026036655245 ], [ -73.955025539914118, 34.375385963529759 ], [ -74.03099613541346, 34.704189873137551 ], [ -74.245344122882344, 34.595246311762139 ], [ -74.877504616274479, 34.617365583280957 ], [ -75.37527874842219, 34.143294528472467 ], [ -75.666663707880048, 33.973182587931163 ], [ -75.776795982746478, 33.7348546183689 ], [ -76.024862887520243, 33.559677710614885 ], [ -76.077635736249164, 33.246526206876048 ], [ -76.027892207032892, 33.217852037960128 ], [ -76.050473105032424, 33.083556600962538 ], [ -76.459748435351941, 33.084894076365032 ], [ -76.522168392260426, 32.864559812316386 ], [ -76.647073673718836, 32.764742881080565 ], [ -76.639314537301303, 32.650396696507961 ], [ -76.373056017076266, 32.619618944285783 ], [ -76.203819745262862, 32.827559983164207 ], [ -76.081231723060313, 32.905236627688822 ], [ -75.974533841237047, 32.892617388009441 ], [ -75.985097679638656, 32.824605984788064 ], [ -75.882269152943934, 32.789521995230409 ], [ -75.836564827169525, 32.738354092712775 ], [ -75.825831463835172, 32.646370112574438 ], [ -74.815749673019553, 32.521953283222359 ], [ -74.450509628408611, 32.589461777566143 ], [ -73.992683597948684, 32.414908719090036 ], [ -73.566115624723622, 31.945800253572973 ] ], [ [ -67.703738809355826, 31.824190495084441 ], [ -67.466285149856475, 32.013541876057751 ], [ -67.177830515428226, 31.963629589528566 ], [ -67.46449689150711, 32.129658630298614 ], [ -67.333241197912912, 32.223136241906381 ], [ -67.8172840409472, 32.260112319666135 ], [ -67.612715675709453, 32.201687190249338 ], [ -67.717164342160032, 32.104870066560899 ], [ -67.901704768488003, 32.135903422550356 ], [ -67.812805719354927, 32.051251662604052 ], [ -67.839411070211128, 31.940190777480961 ], [ -67.703738809355826, 31.824190495084441 ] ], [ [ -75.176789095396472, 33.046660742355513 ], [ -74.956594877975618, 33.156459164819623 ], [ -74.958988533907572, 33.400741217543171 ], [ -75.143285955239094, 33.286528627603978 ], [ -75.155597794140192, 33.37162923967503 ], [ -75.263272540292661, 33.331420174267095 ], [ -75.286780725053589, 33.197273204848251 ], [ -75.202687246764043, 33.209789138025016 ], [ -75.176789095396472, 33.046660742355513 ] ], [ [ -68.069660210022064, 32.118393123051433 ], [ -68.068989814990502, 32.117539253603347 ], [ -68.067981655549744, 32.118106941773355 ], [ -68.068651919841287, 32.118960909120823 ], [ -68.069660210022064, 32.118393123051433 ] ], [ [ -75.052247640301132, 33.442446323379663 ], [ -74.956437810674785, 33.415039315889551 ], [ -74.92753973478645, 33.472643915900008 ], [ -75.023390680991753, 33.500064341425571 ], [ -75.052247640301132, 33.442446323379663 ] ], [ [ -72.27407890285167, 33.89831213713525 ], [ -72.151792899749324, 33.865527217956497 ], [ -72.054026818999432, 33.981660375067314 ], [ -72.306000021220186, 34.055577335048881 ], [ -72.367727251558335, 33.980053901970777 ], [ -72.27407890285167, 33.89831213713525 ] ], [ [ -68.398599785251392, 33.810934582267592 ], [ -68.384089980975276, 33.792893861608569 ], [ -68.325131155364176, 33.84479523510646 ], [ -68.370736965991057, 33.848658782269581 ], [ -68.398599785251392, 33.810934582267592 ] ], [ [ -68.265453037073456, 33.788885419572146 ], [ -68.197732963978666, 33.761976071565691 ], [ -68.165330651724346, 33.818253606752556 ], [ -68.234887438777889, 33.837650859365226 ], [ -68.265453037073456, 33.788885419572146 ] ], [ [ -66.55458488716593, 33.541129653100619 ], [ -66.223576044252269, 33.462600236868994 ], [ -66.192060431577232, 33.584446887799295 ], [ -66.419228832798055, 33.671269562368053 ], [ -66.55458488716593, 33.541129653100619 ] ], [ [ -66.255537914715617, 33.626323788764971 ], [ -66.24139621905266, 33.608085404550394 ], [ -66.21949381573971, 33.619858932234301 ], [ -66.233632476006804, 33.6380992460996 ], [ -66.255537914715617, 33.626323788764971 ] ], [ [ -68.265508408505923, 34.018923285492207 ], [ -68.250993083644659, 34.000881367223229 ], [ -68.229226780504121, 34.012910710531322 ], [ -68.243739250646371, 34.030954549827179 ], [ -68.265508408505923, 34.018923285492207 ] ], [ [ -66.244123118968488, 33.670458908229556 ], [ -66.229977699769961, 33.652221730376439 ], [ -66.208065523895286, 33.663992300117194 ], [ -66.222207871009246, 33.682231421572894 ], [ -66.244123118968488, 33.670458908229556 ] ], [ [ -67.044881353313684, 33.90398869225173 ], [ -66.39667563748759, 33.86664039770455 ], [ -66.272192986111094, 34.025328624192156 ], [ -66.074844704384432, 34.034926238427659 ], [ -66.010412562574089, 34.228495206149844 ], [ -65.524811774903441, 36.050837009115455 ], [ -64.694148222984779, 38.9620074266385 ], [ -63.577262482777257, 42.675538093783729 ], [ -63.950986416367343, 42.739954182837621 ], [ -64.054742321508613, 42.891244197745188 ], [ -64.374212679872542, 43.034203488825788 ], [ -64.73401399328651, 43.049847821550614 ], [ -65.16366145131569, 42.705749409259255 ], [ -65.202288043983415, 42.578646765084827 ], [ -65.10653344022262, 42.496086002199114 ], [ -65.17725863575123, 42.262713184593274 ], [ -64.917607141879813, 42.256567459969354 ], [ -64.885097469472441, 42.363072210078258 ], [ -65.004176744213538, 42.300876673817655 ], [ -64.894990071350605, 42.460987745671659 ], [ -64.823539007331007, 42.367054680845996 ], [ -64.570313663841802, 42.502876219468604 ], [ -64.353778519408223, 42.421686343605401 ], [ -64.406345278879442, 42.334240312909508 ], [ -64.13961817581594, 42.110032298280061 ], [ -64.949454005381725, 41.822870757852073 ], [ -64.970479790839946, 41.669829822550767 ], [ -64.717171996611512, 41.402956949784347 ], [ -64.964643554797334, 41.175862406437453 ], [ -65.084520597813466, 41.173707483220916 ], [ -65.14170100737212, 40.981357225288853 ], [ -65.806742934971936, 40.771058381253681 ], [ -65.911255795298629, 40.922994788662891 ], [ -66.054273514354264, 40.908797661589546 ], [ -66.172197315165903, 40.70369177757685 ], [ -66.040054081822618, 40.457284947355802 ], [ -66.519437970707727, 40.310963037070827 ], [ -66.459351496699796, 40.121189748290917 ], [ -66.498322673729646, 39.69945575904827 ], [ -66.363008351563195, 39.202823367984003 ], [ -66.451841998660953, 38.651579837478167 ], [ -66.331467881070608, 38.472659286693769 ], [ -66.601810871336269, 38.313676061142075 ], [ -66.666386184198217, 38.074664321154394 ], [ -66.782841126883028, 37.98047316228925 ], [ -66.799072243954754, 37.596570902026315 ], [ -66.926430041300478, 37.549547396742327 ], [ -66.946475846012007, 37.256844094576209 ], [ -67.195546530477387, 37.070421302793456 ], [ -67.219621056994228, 36.960424681389014 ], [ -66.92024070076198, 36.70497201585215 ], [ -67.0592416487126, 36.591314864333548 ], [ -67.104754997006594, 36.41617458920981 ], [ -67.568606543541506, 36.173543663862631 ], [ -67.502489864389545, 36.006161858425394 ], [ -67.387492317616079, 36.013526691883662 ], [ -67.382780138969267, 35.9212114330007 ], [ -67.294606477091662, 35.899110507401417 ], [ -67.354403676736922, 35.886249078072211 ], [ -67.328258094520763, 35.767389495387732 ], [ -67.59967441302166, 35.622250160362611 ], [ -67.777987772897148, 35.697629021697161 ], [ -68.103542906170205, 35.598249114048407 ], [ -68.190184904847357, 35.47505969018372 ], [ -68.143145434545332, 35.360206715504148 ], [ -68.001297048117635, 35.329587994356956 ], [ -68.023062945440955, 35.241516816192508 ], [ -68.346549665213104, 35.065343284392867 ], [ -68.218841928909981, 34.822478242109796 ], [ -68.138244055741268, 34.809213814857365 ], [ -68.217365362316144, 34.677213746775152 ], [ -68.154500444889862, 34.628286827276106 ], [ -67.998784174769156, 34.694341996151138 ], [ -67.949131152907782, 34.632821634063212 ], [ -68.040591788943047, 34.487253752471844 ], [ -67.838668576624428, 34.43795126113141 ], [ -67.896214113525843, 34.394262638092577 ], [ -67.829057223887702, 34.137443172429009 ], [ -67.626776801214064, 34.168641789440805 ], [ -67.541078484197129, 34.065728556912703 ], [ -67.168038179621618, 34.001801423775248 ], [ -67.044881353313684, 33.90398869225173 ] ], [ [ -67.042136346572704, 36.656959584224154 ], [ -67.005047448217951, 36.650730826684118 ], [ -66.996848605470248, 36.756214654008843 ], [ -67.073888551967997, 36.753606797569304 ], [ -67.042136346572704, 36.656959584224154 ] ], [ [ -66.926421002925196, 37.640567199733361 ], [ -66.88413181053204, 37.618053710602865 ], [ -66.849895599329855, 37.673323430048384 ], [ -66.897061926522966, 37.677541996110996 ], [ -66.926421002925196, 37.640567199733361 ] ], [ [ -68.526967095191367, 42.206985331326273 ], [ -68.192447625723531, 42.150090638714438 ], [ -68.032550418740968, 42.2226319726445 ], [ -68.134638301029469, 42.252931302037439 ], [ -68.169161618701068, 42.346793984844361 ], [ -68.371154075160462, 42.376608302468966 ], [ -68.579303473112105, 42.347684022762948 ], [ -68.526967095191367, 42.206985331326273 ] ], [ [ -65.228988851472749, 41.690744003470051 ], [ -64.993429949459227, 41.740803436309498 ], [ -64.929093090353717, 41.953556736344368 ], [ -65.068577168057516, 42.08852514465778 ], [ -65.051524684323766, 42.212420104702964 ], [ -65.27301115110339, 42.144751999938656 ], [ -65.368539060486455, 42.026659338689214 ], [ -65.425662958399499, 41.835135812993052 ], [ -65.228988851472749, 41.690744003470051 ] ], [ [ -66.491008625552865, 41.985305571612145 ], [ -66.423353202562666, 41.974557777522662 ], [ -66.356751562967219, 42.068233667756438 ], [ -66.495205123853836, 42.07507528351816 ], [ -66.491008625552865, 41.985305571612145 ] ], [ [ -65.603483003704682, 41.842075959038922 ], [ -65.443953244599655, 41.838155583703895 ], [ -65.399568002868051, 41.987140029236713 ], [ -65.469716594663566, 42.154840017006698 ], [ -65.367810815126802, 42.294132802996792 ], [ -65.418863559258369, 42.324790305950046 ], [ -65.36388236073968, 42.575789057578049 ], [ -65.445380860764985, 42.573976319642284 ], [ -65.489958152192997, 42.425493408143858 ], [ -65.731908277751756, 42.219928470343035 ], [ -65.769627309158622, 42.092339583963387 ], [ -65.603483003704682, 41.842075959038922 ] ], [ [ -68.117774156396877, 42.279714784362149 ], [ -68.102112874534399, 42.262296483426994 ], [ -68.078572414638003, 42.273882470601144 ], [ -68.094230344685556, 42.291301979382297 ], [ -68.117774156396877, 42.279714784362149 ] ], [ [ -68.856793627631703, 42.432228867438916 ], [ -68.609894096677465, 42.381396404951289 ], [ -68.561979978718682, 42.522385649323596 ], [ -68.662794826067966, 42.633077639136744 ], [ -68.816983511872564, 42.618608478061503 ], [ -68.902323187826553, 42.505197768252387 ], [ -68.856793627631703, 42.432228867438916 ] ], [ [ -66.294396154424405, 42.043142562564981 ], [ -66.157000064902846, 42.065723863910392 ], [ -66.101139145310469, 42.257217435676488 ], [ -65.87637194379532, 42.27272068039612 ], [ -65.629717447478527, 42.425997011807254 ], [ -65.508977559088237, 42.828778515341192 ], [ -65.265085753394459, 43.03329495723689 ], [ -65.325346684277889, 43.102541891890489 ], [ -65.445036999595374, 43.040340443874832 ], [ -65.361505234119704, 43.314922687422268 ], [ -65.632502750467367, 43.42487549148256 ], [ -65.665059080100434, 43.518516909692991 ], [ -65.613838097595178, 43.687100090581033 ], [ -65.296699933680884, 43.923335666323595 ], [ -65.257665084788755, 44.049382913430087 ], [ -65.368058381172077, 44.089072014375155 ], [ -65.3965861321077, 44.2627235491546 ], [ -65.555984727790076, 44.243977928501224 ], [ -65.532729953321635, 44.335329068572186 ], [ -65.309415538238952, 44.475830794548443 ], [ -65.330522351067742, 44.574088432256957 ], [ -65.007540563502403, 44.522608061265686 ], [ -64.646314237929033, 44.655160449085791 ], [ -64.663478971754316, 44.73087450423683 ], [ -64.354242110796335, 44.761463863953423 ], [ -64.266136409574045, 45.032445383412202 ], [ -64.46089612122995, 45.166625277740131 ], [ -64.873842002743459, 45.137853918737207 ], [ -64.867669985251524, 45.060224083439635 ], [ -65.103793759418281, 45.097752151099087 ], [ -65.203928170579715, 45.204576573490328 ], [ -65.164249877274841, 45.329501496578132 ], [ -64.821524905262194, 45.428285558664271 ], [ -64.607772416757214, 45.830750053170341 ], [ -65.056698811470582, 46.053752086122465 ], [ -65.054964289469126, 46.140416192181455 ], [ -65.141891939773814, 46.146968024151718 ], [ -65.238662223733144, 46.364190954901986 ], [ -65.381708307567408, 46.407828892616408 ], [ -65.377601069593879, 46.48692578747945 ], [ -65.73385733062841, 46.454451454180877 ], [ -65.833155776503418, 46.339491591907453 ], [ -66.014265902124848, 46.330333294997132 ], [ -65.907509086471421, 46.270952816584412 ], [ -65.894292596872063, 46.145786036367682 ], [ -65.38386214762825, 46.060971112878846 ], [ -65.388658344003403, 45.757182568899104 ], [ -65.679240825870011, 45.60596396375184 ], [ -65.708268748599806, 45.479630015798087 ], [ -65.50071203280342, 45.382082080821107 ], [ -65.625798341229597, 45.379634492637024 ], [ -65.62312937587258, 45.320710465970684 ], [ -65.421604574970473, 45.238697870623554 ], [ -65.577636787492295, 45.168571173464812 ], [ -65.581130171913301, 45.256536096351354 ], [ -65.846302524013211, 45.369949175505823 ], [ -65.901805715009232, 45.291156274609094 ], [ -65.868419222150379, 45.198670098137455 ], [ -65.697393915457411, 45.15042346105907 ], [ -65.765923064436066, 45.095435246504742 ], [ -65.664254223576137, 45.057809471215542 ], [ -65.674813179966534, 44.840521947694072 ], [ -65.909913981980424, 44.694704566215933 ], [ -66.527526325278259, 44.555311183431265 ], [ -66.66577392672346, 44.40083012798889 ], [ -66.795057874822476, 43.99600948367415 ], [ -66.931869643360358, 43.979784901034165 ], [ -67.01218870097766, 44.12378302708197 ], [ -66.802161907346189, 44.42144245265348 ], [ -66.876755438737661, 44.447580909333006 ], [ -66.930883374292293, 44.367983854932568 ], [ -66.972442843825121, 44.46894524474132 ], [ -66.923962307676845, 44.60017103168984 ], [ -66.947437630612569, 44.487121053207787 ], [ -66.848577550477216, 44.472286994623119 ], [ -66.786463972831456, 44.682049643525701 ], [ -66.887354548748249, 45.156104570861963 ], [ -66.848399934750745, 45.302985961267495 ], [ -67.114288772884706, 45.451051565972335 ], [ -67.242912181631624, 45.716345872436349 ], [ -67.558331239162641, 45.595456320579174 ], [ -67.605720742757853, 45.645698427325755 ], [ -67.701880149905193, 45.529103523686885 ], [ -67.875199994812675, 45.539027509975192 ], [ -68.036908401973648, 45.192230678040495 ], [ -68.203252190253693, 45.150463747907168 ], [ -68.456622379187053, 44.815614753041572 ], [ -68.746521591483713, 44.674633409915401 ], [ -68.946970452247839, 44.615160019576209 ], [ -68.914283022219408, 44.77037975072264 ], [ -69.085247205312797, 44.895943587287505 ], [ -69.405867045470885, 44.924794157050734 ], [ -69.445485588479855, 44.77767013171033 ], [ -69.324542397991507, 44.543083049706482 ], [ -69.473750392835498, 44.213779686447495 ], [ -69.398359776710308, 43.809093167922704 ], [ -69.293088103349618, 43.669852504584647 ], [ -68.795635814662063, 43.600069397774895 ], [ -68.742328358295111, 43.460512367130512 ], [ -68.643253024384279, 43.490398754771689 ], [ -68.577356217193497, 43.473929322569013 ], [ -68.637055689542862, 43.401459160317387 ], [ -68.071447875350827, 43.363672366205087 ], [ -67.745679818150819, 43.22741894645354 ], [ -67.465195386366531, 43.362143996450193 ], [ -67.348764171433317, 43.344671162826444 ], [ -67.487749887648732, 43.248104007216156 ], [ -67.243957397892615, 43.056668455996039 ], [ -67.219927290618784, 42.838808515461949 ], [ -67.096685092717266, 42.72426294815746 ], [ -67.104127774461347, 42.681071648951303 ], [ -67.351553602455951, 42.800364114641461 ], [ -67.462246726817995, 42.728545490352893 ], [ -67.762380728946368, 42.950663639994396 ], [ -67.931847207942639, 42.739623195150578 ], [ -67.737179381832362, 42.606912668060794 ], [ -67.639982510914294, 42.414903102242064 ], [ -67.329766780052495, 42.341997320632935 ], [ -66.997693858915611, 42.487211559589127 ], [ -67.020058910580389, 42.586531485857087 ], [ -66.794107092002889, 42.500042174627168 ], [ -66.763635135078616, 42.324669945110806 ], [ -66.612592283391564, 42.360583569947735 ], [ -66.570795245922056, 42.472243227035847 ], [ -66.612521244655042, 42.293872820160509 ], [ -66.694436718208109, 42.217773084170702 ], [ -66.570207704611605, 42.160846335859588 ], [ -66.324891416864148, 42.315155927642735 ], [ -66.211598701256037, 42.497270752514879 ], [ -66.015108735604301, 42.517498171439442 ], [ -65.975345242705473, 42.415063222550906 ], [ -66.248982664230468, 42.303085809862488 ], [ -66.294396154424405, 42.043142562564981 ] ], [ [ -68.557909176202486, 42.875689484532316 ], [ -68.420290695242841, 42.862782328232761 ], [ -68.261510833094178, 42.965124606065906 ], [ -68.442150385256596, 43.227112051073007 ], [ -68.609975348729606, 43.148106512117657 ], [ -68.639703117708137, 43.019999689170902 ], [ -68.557909176202486, 42.875689484532316 ] ], [ [ -68.652065888556777, 43.198256426474472 ], [ -68.636166002164998, 43.180980701002241 ], [ -68.612469813899907, 43.192570295825291 ], [ -68.628366350354213, 43.209847154494966 ], [ -68.652065888556777, 43.198256426474472 ] ], [ [ -68.629122765099638, 43.283133207973094 ], [ -68.613213223356425, 43.265864733196267 ], [ -68.589493971468343, 43.277445224671276 ], [ -68.605400154738646, 43.294714825248121 ], [ -68.629122765099638, 43.283133207973094 ] ], [ [ -68.570847694624732, 43.274765679890365 ], [ -68.496696059924261, 43.249099227008656 ], [ -68.461416300738236, 43.303082764525726 ], [ -68.535598257828326, 43.328754878992527 ], [ -68.570847694624732, 43.274765679890365 ] ], [ [ -68.454327243417112, 43.257974595609333 ], [ -68.438452335839173, 43.240688463723416 ], [ -68.414718658781055, 43.252248514563519 ], [ -68.430590188512951, 43.26953577319982 ], [ -68.454327243417112, 43.257974595609333 ] ], [ [ -65.381468626897401, 42.785845771526184 ], [ -65.366208431949786, 42.768250649193497 ], [ -65.342235840641877, 42.779448709278512 ], [ -65.357492326383195, 42.797044975619798 ], [ -65.381468626897401, 42.785845771526184 ] ], [ [ -65.323776089322948, 42.77643551913598 ], [ -65.308527526270026, 42.758834609759802 ], [ -65.284550699587996, 42.770025832227454 ], [ -65.299795547382871, 42.787627885945923 ], [ -65.323776089322948, 42.77643551913598 ] ], [ [ -65.285227911018865, 42.903410708297841 ], [ -65.269966697713059, 42.885820306110105 ], [ -65.245954907452372, 42.896997822665391 ], [ -65.261212391476406, 42.91458935826536 ], [ -65.285227911018865, 42.903410708297841 ] ], [ [ -65.22747624080327, 42.89397718509769 ], [ -65.212226692956222, 42.876380989634718 ], [ -65.18821067389139, 42.887551668306763 ], [ -65.203456486393236, 42.905148997518651 ], [ -65.22747624080327, 42.89397718509769 ] ], [ [ -69.75260638875983, 43.616272422521952 ], [ -69.66417444063066, 43.604187075343773 ], [ -69.570255158819833, 43.788849819116137 ], [ -69.618491749098425, 43.97081772020276 ], [ -69.746738650397674, 44.025045273284604 ], [ -69.876290580230801, 43.742802654795099 ], [ -69.75260638875983, 43.616272422521952 ] ], [ [ -65.201675870830869, 42.978564713533359 ], [ -65.186417907718322, 42.960975571795018 ], [ -65.162378528875948, 42.97213707490468 ], [ -65.177632747243692, 42.989727343118595 ], [ -65.201675870830869, 42.978564713533359 ] ], [ [ -65.143888416758784, 42.969109494231077 ], [ -65.128642141995684, 42.951514555763268 ], [ -65.104598542372329, 42.96266922064261 ], [ -65.119841066322223, 42.98026528592473 ], [ -65.143888416758784, 42.969109494231077 ] ], [ [ -66.780050786278935, 44.637289761062974 ], [ -66.764248399337077, 44.620019524984158 ], [ -66.739980152937591, 44.631262758173548 ], [ -66.755778821865846, 44.648534010446191 ], [ -66.780050786278935, 44.637289761062974 ] ], [ [ -66.721126039494294, 44.628423657967339 ], [ -66.705335681006801, 44.611147489434558 ], [ -66.681062805575721, 44.622383899790535 ], [ -66.696849476244935, 44.639661067849659 ], [ -66.721126039494294, 44.628423657967339 ] ], [ [ -66.514975052022919, 44.597244564798793 ], [ -66.469793416206215, 44.575471746313667 ], [ -66.432911151613709, 44.628599818460643 ], [ -66.483390765918827, 44.632770777025897 ], [ -66.514975052022919, 44.597244564798793 ] ], [ [ -66.329903573108083, 44.700546062488343 ], [ -66.196363408506045, 44.665212764828958 ], [ -66.146563575094348, 44.760117060285751 ], [ -66.250727008919171, 44.790959294683859 ], [ -66.329903573108083, 44.700546062488343 ] ], [ [ -69.366845852921173, 45.48453585296312 ], [ -69.211433989583099, 45.448862914351409 ], [ -69.144531180493018, 45.541339810380876 ], [ -69.260675043377404, 45.607727748698053 ], [ -69.366845852921173, 45.48453585296312 ] ], [ [ -66.11808396998066, 45.193210405706765 ], [ -66.043116472707041, 45.166910956100587 ], [ -65.933668266470121, 45.252372655650341 ], [ -66.080767670246004, 45.246042071497129 ], [ -66.11808396998066, 45.193210405706765 ] ], [ [ -65.96106213399689, 45.300233314543767 ], [ -65.945298036448378, 45.282975749432225 ], [ -65.920765831156004, 45.294062864819537 ], [ -65.936526094546622, 45.311321368792285 ], [ -65.96106213399689, 45.300233314543767 ] ], [ [ -68.000139140826434, 45.643579513128685 ], [ -67.929741937341944, 45.633632123531349 ], [ -67.93954490803641, 45.779959634872348 ], [ -68.034512556660374, 45.756903149775795 ], [ -68.000139140826434, 45.643579513128685 ] ], [ [ -66.600997784905317, 45.440530357927798 ], [ -66.466321898289621, 45.405569333376036 ], [ -66.363349907644135, 45.470296499637286 ], [ -66.419567942119485, 45.558885326958475 ], [ -66.598018373450813, 45.5855304923655 ], [ -66.600997784905317, 45.440530357927798 ] ], [ [ -65.818572748920687, 45.757952806788694 ], [ -65.683736629985162, 45.722528622538142 ], [ -65.583446112539477, 45.808999369447946 ], [ -65.665356332273234, 45.879861510847135 ], [ -65.818572748920687, 45.757952806788694 ] ], [ [ -63.958750096056839, 45.682727381123726 ], [ -63.95101792184758, 45.674042218664773 ], [ -63.928506412509286, 45.677800553118509 ], [ -63.943966645256921, 45.695171783332356 ], [ -63.958750096056839, 45.682727381123726 ] ], [ [ -63.909532614651027, 45.674706868712924 ], [ -63.894080708359098, 45.657330569212277 ], [ -63.869215219863108, 45.668126038799464 ], [ -63.884663007585644, 45.6855032333306 ], [ -63.909532614651027, 45.674706868712924 ] ], [ [ -64.055659071162978, 45.720310982330268 ], [ -64.005767127609445, 45.697363864797595 ], [ -63.973995047510165, 45.728881297610442 ], [ -64.019146653541583, 45.751060870311292 ], [ -64.055659071162978, 45.720310982330268 ] ], [ [ -63.836373756789946, 45.706448368004779 ], [ -63.736756570572361, 45.690140455287398 ], [ -63.708894604192736, 45.77293945199736 ], [ -63.81554363896791, 45.76855597718631 ], [ -63.836373756789946, 45.706448368004779 ] ], [ [ -64.373011691188367, 45.880493832330998 ], [ -64.170205953951509, 45.891530121309302 ], [ -64.146986286394082, 46.040307536596529 ], [ -64.400769516242164, 46.080915889579558 ], [ -64.448592783831586, 45.936140413589328 ], [ -64.373011691188367, 45.880493832330998 ] ], [ [ -64.52426313230194, 45.991734684635858 ], [ -64.453995851096977, 45.980557477624437 ], [ -64.426678143535057, 46.063280269544947 ], [ -64.533620878403909, 46.058513191193953 ], [ -64.52426313230194, 45.991734684635858 ] ], [ [ -68.788187744325413, 46.70280684751512 ], [ -68.650895184421159, 46.669688728570151 ], [ -68.602508054344256, 46.763824865999268 ], [ -68.739921391972743, 46.79695254779223 ], [ -68.788187744325413, 46.70280684751512 ] ], [ [ -65.355884713995593, 46.425544474625397 ], [ -65.340042610639912, 46.408380950087462 ], [ -65.325329710742693, 46.420861696563094 ], [ -65.333248771948263, 46.429443870844004 ], [ -65.355884713995593, 46.425544474625397 ] ], [ [ -76.083624871339694, 32.402742943579689 ], [ -75.81809518812193, 32.371028310813735 ], [ -75.720436332213922, 32.472892429296003 ], [ -76.107180834238989, 32.586964126660313 ], [ -76.151429774090886, 32.478626389973904 ], [ -76.083624871339694, 32.402742943579689 ] ], [ [ -75.947343797219659, 32.569454219377498 ], [ -75.681465052342347, 32.537526490781993 ], [ -75.644396405728315, 32.60091334746533 ], [ -75.852684166231683, 32.648124113501773 ], [ -75.842057791384505, 32.716156281909605 ], [ -75.989833397647487, 32.801589902263864 ], [ -76.054795167227269, 32.900655098046769 ], [ -76.159977816333424, 32.753880416647071 ], [ -76.099475794972307, 32.63322726012769 ], [ -76.012136530668471, 32.668592933714834 ], [ -75.947343797219659, 32.569454219377498 ] ], [ [ -69.571563536431412, 31.860108185198222 ], [ -69.373982394647598, 31.896638520895927 ], [ -69.323711359656642, 32.119247010707582 ], [ -69.38679333431817, 32.197940455583691 ], [ -69.63748422194503, 32.169854836950549 ], [ -69.677248220162042, 31.991719703928275 ], [ -69.571563536431412, 31.860108185198222 ] ], [ [ -71.086484020978943, 32.142603244424762 ], [ -70.928447221109636, 32.118668573634253 ], [ -70.826724345094178, 32.217550483357684 ], [ -70.807712355976363, 32.306722306523781 ], [ -70.915224510286905, 32.437378340166248 ], [ -71.113232889835956, 32.398989468774218 ], [ -71.150782676761963, 32.220591279109634 ], [ -71.086484020978943, 32.142603244424762 ] ], [ [ -76.238274506933664, 33.106311368421714 ], [ -76.07792713401227, 33.087521034633809 ], [ -76.033370977475357, 33.195674631932278 ], [ -76.223610321361093, 33.194426769034912 ], [ -76.238274506933664, 33.106311368421714 ] ], [ [ -98.515631777906719, 34.197814655849001 ], [ -98.435450197968009, 34.221338018147875 ], [ -98.281202133402047, 34.539947808031961 ], [ -98.424519403030018, 34.783956769748649 ], [ -98.753104775497349, 34.776810957148669 ], [ -98.768214929960735, 34.439405821071929 ], [ -98.602247450234131, 34.375532308533352 ], [ -98.515631777906719, 34.197814655849001 ] ], [ [ -70.598168784274051, 32.390471519684112 ], [ -70.439893350515177, 32.366068701179785 ], [ -70.327815912931555, 32.50911688989131 ], [ -70.550373999649253, 32.611778850842391 ], [ -70.643091658029562, 32.557710334537433 ], [ -70.598168784274051, 32.390471519684112 ] ], [ [ -70.103970016821748, 32.405857722198292 ], [ -69.915489874595423, 32.398485583453862 ], [ -69.885850657378938, 32.532014054729807 ], [ -70.065041234562457, 32.582503991991352 ], [ -70.103970016821748, 32.405857722198292 ] ], [ [ -72.165466464519, 32.990255285061281 ], [ -72.006030785754618, 32.967432132871544 ], [ -71.895337007889694, 33.111351374987258 ], [ -72.076312504499086, 33.159526881543876 ], [ -72.168745309084272, 33.104657476066038 ], [ -72.165466464519, 32.990255285061281 ] ], [ [ -124.277731521356856, 32.62786748417674 ], [ -124.164325593491441, 32.717525553581829 ], [ -124.187307721315264, 32.805939880388053 ], [ -124.428635842469305, 32.783810613789569 ], [ -124.425284475708239, 32.669318126388006 ], [ -124.277731521356856, 32.62786748417674 ] ], [ [ -105.273965930027984, 37.063784840997478 ], [ -105.16241029203016, 37.070506541256364 ], [ -105.089959285447819, 37.185981736431359 ], [ -105.191684167573328, 37.380441523882588 ], [ -105.436086034565179, 37.299274363627774 ], [ -105.418870991965548, 37.121369421216407 ], [ -105.273965930027984, 37.063784840997478 ] ], [ [ -106.742204402259219, 37.147596315549862 ], [ -106.574881276342154, 37.159092893988799 ], [ -106.34102296986525, 37.330813908832113 ], [ -106.364497319372717, 37.552865470497721 ], [ -106.605245062127437, 37.693101087354059 ], [ -106.46427027251174, 37.703329382468631 ], [ -106.348437326229245, 37.933606442739098 ], [ -106.360236167963095, 38.04437898371885 ], [ -106.652569288028616, 38.135606533974837 ], [ -106.810477261975066, 38.280906689294511 ], [ -107.348266750068959, 38.265483008524598 ], [ -107.362127008134593, 38.376667497730949 ], [ -107.509925310109068, 38.432158368234155 ], [ -107.782799282810942, 38.099876566406842 ], [ -108.549004069432485, 37.885403887248692 ], [ -108.083065646939218, 37.542216455418966 ], [ -107.830390844482025, 37.560703695851132 ], [ -107.776958451998183, 37.341616609782498 ], [ -107.591930092391934, 37.444952895327908 ], [ -106.982537576353366, 37.287530947420301 ], [ -106.845390463253068, 37.319524617837843 ], [ -106.742204402259219, 37.147596315549862 ] ], [ [ -107.491281417607638, 37.541142535202674 ], [ -107.490345009378061, 37.540853302005019 ], [ -107.489491248268436, 37.541273680768263 ], [ -107.490469065380125, 37.541917874549661 ], [ -107.491281417607638, 37.541142535202674 ] ], [ [ -107.501628347701015, 37.629844906795157 ], [ -107.230779060922899, 37.738151594432338 ], [ -107.235484691153161, 37.783219649736594 ], [ -107.511178839077417, 37.719288944170152 ], [ -107.501628347701015, 37.629844906795157 ] ], [ [ -77.620301137637199, 36.841723755913861 ], [ -77.306004850704142, 36.875860649220364 ], [ -77.269596195776174, 37.097196021242119 ], [ -77.396660380096264, 37.177255204453935 ], [ -77.704682396582086, 37.187243548214525 ], [ -77.740232051306506, 36.965894362794515 ], [ -77.620301137637199, 36.841723755913861 ] ], [ [ -78.826402664506659, 37.051255534419056 ], [ -78.195108345243341, 37.124947890830938 ], [ -78.102373334320461, 37.182441545365897 ], [ -78.081463955456442, 37.315206084929322 ], [ -78.153711354197412, 37.389072087792769 ], [ -78.466815149671646, 37.374938199203172 ], [ -78.533348037837968, 37.493649830875043 ], [ -78.676883931213879, 37.485765420713733 ], [ -78.844541386775248, 37.680487467756116 ], [ -79.179782074129889, 37.711915236207716 ], [ -79.446450398196774, 37.625104219103136 ], [ -79.343243578261124, 37.369662597704178 ], [ -78.994386823663802, 37.247320455406154 ], [ -78.826402664506659, 37.051255534419056 ] ], [ [ -101.058967172199914, 37.846045101842286 ], [ -100.779909614973903, 37.90019839433829 ], [ -100.704589875331678, 38.057775764073533 ], [ -100.917061828256507, 38.33892940869994 ], [ -101.256323497179153, 38.326973502580223 ], [ -101.336298371575751, 38.258085824533396 ], [ -101.261518357441275, 37.949385270332343 ], [ -101.058967172199914, 37.846045101842286 ] ], [ [ -69.546460507298917, 36.078949460213607 ], [ -69.460631715773715, 36.087820628493468 ], [ -69.309977469220414, 36.246952194510328 ], [ -69.580949419935877, 36.288627636126087 ], [ -69.546460507298917, 36.078949460213607 ] ], [ [ -105.30312797740568, 37.955669902041734 ], [ -105.165467113935236, 37.985461849557197 ], [ -105.173926560091019, 38.074126027129857 ], [ -105.315853043077695, 38.087242006722654 ], [ -105.30312797740568, 37.955669902041734 ] ], [ [ -79.534234095121377, 37.611397340368534 ], [ -79.323560446090099, 37.703495355174169 ], [ -79.43350386039036, 37.914413162920603 ], [ -79.545529943068999, 37.924568140583744 ], [ -79.644497804022151, 37.822261109956258 ], [ -79.657220381031465, 37.733821766074023 ], [ -79.534234095121377, 37.611397340368534 ] ], [ [ -67.151574717864918, 36.050829452978256 ], [ -67.148861814438135, 36.061355951973177 ], [ -67.158447280294496, 36.059308823024878 ], [ -67.151574717864918, 36.050829452978256 ] ], [ [ -105.761858461435878, 38.01672473119698 ], [ -105.315990406543676, 38.088660112786698 ], [ -105.2472834441797, 38.248006793237558 ], [ -105.463288816499499, 38.434699376253313 ], [ -105.68920429331726, 38.420864835048128 ], [ -105.870122953540573, 38.254385785590664 ], [ -105.761858461435878, 38.01672473119698 ] ], [ [ -67.357429995600143, 36.131109211386359 ], [ -67.324458120398305, 36.224383987652942 ], [ -67.3313539742405, 36.232851469707988 ], [ -67.347472289480663, 36.205363052585909 ], [ -67.357429995600143, 36.131109211386359 ] ], [ [ -102.383624816678676, 38.239379702061328 ], [ -102.078301615598775, 38.318172592098769 ], [ -101.72472864187327, 38.998113155396062 ], [ -101.744555226121079, 39.307364740499295 ], [ -102.053560985147357, 39.6489942094341 ], [ -102.964639776384686, 39.940710608578129 ], [ -103.308829103790217, 39.924851591167617 ], [ -103.491574267302553, 39.695251371699115 ], [ -103.885586758379617, 39.610162854413247 ], [ -103.923911637233175, 39.386937510629878 ], [ -103.743551355087789, 39.285317244192385 ], [ -103.670129957453483, 39.089548053517575 ], [ -103.42484110093865, 38.879803649644302 ], [ -103.24928675504411, 38.821652673705316 ], [ -103.177103899204326, 38.625256509215028 ], [ -102.845087182922185, 38.352445718961221 ], [ -102.383624816678676, 38.239379702061328 ] ], [ [ -106.624579962851797, 38.138928248337258 ], [ -106.399387865578305, 38.154002545672803 ], [ -106.332262648487784, 38.313730578117571 ], [ -106.592259204202605, 38.362569990589989 ], [ -106.668744400678747, 38.29127735916596 ], [ -106.624579962851797, 38.138928248337258 ] ], [ [ -108.035945086303457, 38.082276552357413 ], [ -107.904278487119313, 38.158468231985104 ], [ -107.950280962927962, 38.310470028045621 ], [ -108.143858905444674, 38.274210656735264 ], [ -108.127451883224751, 38.141566947263982 ], [ -108.035945086303457, 38.082276552357413 ] ], [ [ -80.598656038562979, 38.107190055127191 ], [ -80.374046223217476, 38.088194710223867 ], [ -80.215269642916269, 38.208688841348483 ], [ -80.109078894017543, 38.15482123984156 ], [ -79.932204640863674, 38.205732569652234 ], [ -79.909226124519904, 38.36082847030859 ], [ -79.666043932417026, 38.472633380664647 ], [ -79.633543215999254, 38.692920250185693 ], [ -79.457230473039999, 38.722495799906973 ], [ -79.196205618002566, 38.943452510921539 ], [ -79.153051715077765, 39.229101806492608 ], [ -79.373302210784217, 39.293496289965454 ], [ -79.337089218790723, 39.534862118755612 ], [ -79.41173938411967, 39.607472725750227 ], [ -79.860815308119797, 39.691238911344144 ], [ -79.844105194684829, 39.601694130348477 ], [ -80.14861857516361, 39.493810174535071 ], [ -80.406210486512279, 39.914815965189213 ], [ -81.149278796026763, 39.97479863409432 ], [ -81.206064471966343, 39.758410800580251 ], [ -81.149807276083692, 39.643113338009115 ], [ -80.9453097440405, 39.560990913349606 ], [ -80.762459663277625, 39.634997674942788 ], [ -80.686925182034059, 39.339468017531516 ], [ -80.560875816630698, 39.218652113562683 ], [ -80.361460401892529, 39.201306641613186 ], [ -80.329379976880389, 39.020598210540271 ], [ -80.51450262441611, 38.924814544422667 ], [ -80.535716229756773, 38.770661053433649 ], [ -80.907319672615529, 38.55614212021672 ], [ -80.919080544244252, 38.467893792742572 ], [ -80.758913154179538, 38.387804968049736 ], [ -80.598656038562979, 38.107190055127191 ] ], [ [ -111.482807433677877, 37.964389317751973 ], [ -111.346997641252969, 37.999094302603822 ], [ -111.360582671244146, 38.087357328582897 ], [ -111.503135818158739, 38.095362809370286 ], [ -111.482807433677877, 37.964389317751973 ] ], [ [ -108.524808027823269, 38.35697571152452 ], [ -108.331209599661079, 38.393648384497581 ], [ -108.347910018552838, 38.526125675565758 ], [ -108.609322448730339, 38.571883928175559 ], [ -108.616823051414585, 38.415935252091685 ], [ -108.524808027823269, 38.35697571152452 ] ], [ [ -116.53898966832088, 37.895563009878721 ], [ -116.413869884275115, 37.978164652256282 ], [ -116.462923778768172, 38.083829404572498 ], [ -116.588129271493244, 38.00122925071642 ], [ -116.53898966832088, 37.895563009878721 ] ], [ [ -105.559967118433164, 39.118787566769086 ], [ -105.420440195625048, 39.149008664707068 ], [ -105.417168511218165, 39.260087188914881 ], [ -105.603494549758949, 39.271053250161252 ], [ -105.559967118433164, 39.118787566769086 ] ], [ [ -109.057318866609634, 38.93845650447139 ], [ -108.919485057861849, 38.971098575811169 ], [ -108.931167060574623, 39.059155776370851 ], [ -109.042723189209838, 39.050186584064342 ], [ -109.057318866609634, 38.93845650447139 ] ], [ [ -105.27534189913375, 39.424313429981396 ], [ -105.19279220087391, 39.450576346363334 ], [ -105.231112817111438, 39.558348837565383 ], [ -105.313737899834308, 39.532081475522105 ], [ -105.27534189913375, 39.424313429981396 ] ], [ [ -111.499733175474702, 39.169177250405077 ], [ -111.419026803026497, 39.198374181883452 ], [ -111.463615004817711, 39.304803480752632 ], [ -111.544390711821436, 39.275600594842828 ], [ -111.499733175474702, 39.169177250405077 ] ], [ [ -108.610327817880659, 39.462924835511089 ], [ -108.439540173669926, 39.476121304998614 ], [ -108.420374054078749, 39.543444570375435 ], [ -108.621621124851842, 39.549391883148211 ], [ -108.610327817880659, 39.462924835511089 ] ], [ [ -114.259205640077411, 39.153074774583793 ], [ -114.179294489503249, 39.183541268890821 ], [ -114.226666061286025, 39.289252794325755 ], [ -114.306643815851174, 39.258779790668619 ], [ -114.259205640077411, 39.153074774583793 ] ], [ [ -111.264326924511721, 39.502923142097806 ], [ -111.183297737430024, 39.531965048834657 ], [ -111.17415187857867, 39.84386054433471 ], [ -111.383013763854592, 39.890409627647799 ], [ -111.365760771119824, 39.60393050928657 ], [ -111.264326924511721, 39.502923142097806 ] ], [ [ -81.086011205197593, 40.015519968633654 ], [ -80.914399190598914, 40.001897960314103 ], [ -80.675840364704882, 40.269728280389891 ], [ -81.14637048160975, 40.858336533399118 ], [ -81.377143931135663, 40.876081927736301 ], [ -81.42237624920287, 40.747966589709222 ], [ -81.544406570867309, 40.712405902148554 ], [ -81.770108814658158, 40.774092046934427 ], [ -81.793963775329033, 41.040179829940158 ], [ -81.606223091254918, 41.136288071006568 ], [ -81.588996432308505, 41.266971820295808 ], [ -81.724470960098685, 41.342261698594811 ], [ -81.818915037488622, 41.283972791489241 ], [ -81.930117419411573, 40.874016381274679 ], [ -82.149974378114734, 40.515185947684614 ], [ -82.026313018833378, 40.352359913820372 ], [ -81.807810613142621, 40.247847738693771 ], [ -81.268833517985769, 40.162615585493718 ], [ -81.086011205197593, 40.015519968633654 ] ], [ [ -111.276050892809465, 39.946150670325245 ], [ -111.161915251835723, 39.956668160473299 ], [ -111.144425195770793, 40.024115103938719 ], [ -111.289609045663553, 40.032224750739502 ], [ -111.276050892809465, 39.946150670325245 ] ], [ [ -111.104838787916052, 39.96189907438854 ], [ -111.023407603786524, 39.990801991249526 ], [ -111.030190620476077, 40.034543535832213 ], [ -111.118257030603274, 40.047979409629889 ], [ -111.104838787916052, 39.96189907438854 ] ], [ [ -111.289829681166538, 40.033623962761787 ], [ -111.20839377535178, 40.062601556242228 ], [ -111.215259477241361, 40.10632016595499 ], [ -111.303410698263207, 40.11965914118796 ], [ -111.289829681166538, 40.033623962761787 ] ], [ [ -109.336235283723965, 40.556797699417132 ], [ -109.112230567255253, 40.618873449771151 ], [ -109.047687198300736, 40.777727731979425 ], [ -109.164938610751435, 40.789807157609367 ], [ -109.39732192626694, 40.991699091627702 ], [ -109.980021136599376, 40.790115688717982 ], [ -109.954505318560805, 40.615614171913741 ], [ -109.859781900235589, 40.557983486855598 ], [ -109.336235283723965, 40.556797699417132 ] ], [ [ -107.191887493414882, 40.844444271844004 ], [ -107.183064788464918, 40.848568356509169 ], [ -107.193137267062923, 40.854927297019941 ], [ -107.195383574019203, 40.847728568551091 ], [ -107.191887493414882, 40.844444271844004 ] ], [ [ -115.650951837676757, 40.064972631964054 ], [ -115.465598287901045, 40.152731174771226 ], [ -115.213715716734626, 40.648569741919189 ], [ -115.054802445606171, 40.733173223609164 ], [ -115.057278803335322, 41.043228860806913 ], [ -115.155303391017867, 41.097917988895418 ], [ -115.27024996012986, 41.084905545295513 ], [ -115.378307755889011, 40.896005214002102 ], [ -115.731024557997515, 40.61103712858489 ], [ -115.650951837676757, 40.064972631964054 ] ], [ [ -115.528406496489907, 40.390173018702129 ], [ -115.445311723326171, 40.488723353809981 ], [ -115.498140224079592, 40.612361026027195 ], [ -115.570391262529853, 40.474220859870911 ], [ -115.528406496489907, 40.390173018702129 ] ], [ [ -109.078678404776369, 40.79804570679817 ], [ -108.963389084521637, 40.807103516762744 ], [ -108.837794845116591, 40.948419094302004 ], [ -108.959160860244182, 41.202519844246098 ], [ -109.253402631056133, 41.114054583367668 ], [ -109.173183618869771, 40.856016286745906 ], [ -109.078678404776369, 40.79804570679817 ] ], [ [ -107.762563706903364, 40.984987415464303 ], [ -107.679406931185213, 41.012197849108219 ], [ -107.684832566934006, 41.055821239083073 ], [ -107.773312765263199, 41.070836005225189 ], [ -107.762563706903364, 40.984987415464303 ] ], [ [ -105.74604875542353, 41.205012381007869 ], [ -105.662184807463575, 41.231254813320135 ], [ -105.666759011916, 41.274882122845014 ], [ -105.755122877107723, 41.290869071052825 ], [ -105.74604875542353, 41.205012381007869 ] ], [ [ -116.054348385460585, 40.328938041383878 ], [ -115.91704322031444, 40.36680768750746 ], [ -115.934795107830212, 40.453682068035732 ], [ -116.041656145219832, 40.551466507116253 ], [ -116.155877117488302, 40.537848585334032 ], [ -116.054348385460585, 40.328938041383878 ] ], [ [ -77.363275296027751, 40.790751371084788 ], [ -77.125878443673827, 40.811329399121249 ], [ -77.021585990273834, 40.910735655991004 ], [ -76.998543929117574, 41.041065828233826 ], [ -77.172644227020996, 41.212412509749733 ], [ -77.45002975452357, 41.130123468600331 ], [ -77.487476245621266, 40.912863251197479 ], [ -77.363275296027751, 40.790751371084788 ] ], [ [ -116.099057130479153, 40.546055495950341 ], [ -116.018616605209502, 40.577143974101077 ], [ -116.027549760136495, 40.620533674834313 ], [ -116.116706200022037, 40.631442618976621 ], [ -116.099057130479153, 40.546055495950341 ] ], [ [ -77.864128515719045, 41.633755546756653 ], [ -77.600669741550391, 41.629847366231303 ], [ -77.570707309379756, 41.803006851470066 ], [ -77.878170507017387, 41.897605309003573 ], [ -77.93926833054077, 41.706183773070357 ], [ -77.864128515719045, 41.633755546756653 ] ], [ [ -116.088935149411441, 41.345937713331388 ], [ -115.901630867653097, 41.433555641057673 ], [ -115.897727245243118, 41.699273814534862 ], [ -116.072741286270229, 41.832776730872354 ], [ -116.246220055445391, 41.812434248790694 ], [ -116.296310441941188, 41.629755159219954 ], [ -116.454811959572496, 41.545269903717291 ], [ -116.436427819897176, 41.458956684803454 ], [ -116.088935149411441, 41.345937713331388 ] ], [ [ -78.925018339041699, 41.994817327967873 ], [ -78.633962940516483, 41.968807188263796 ], [ -78.408849484673112, 42.080069225097439 ], [ -77.936053049628896, 41.904472405624261 ], [ -77.903530168094377, 42.273896004216098 ], [ -78.139745100550925, 42.448572101943057 ], [ -78.520613830198599, 42.483993781850188 ], [ -78.312623007595946, 42.662076843128091 ], [ -78.290852442883391, 42.791263872304953 ], [ -78.528973895638458, 42.964896794855882 ], [ -78.675925850939066, 42.977965552230906 ], [ -78.846521797639028, 43.210985384038914 ], [ -79.236622548866393, 43.201046773086681 ], [ -79.51198111922676, 43.355547396688152 ], [ -79.495022278818709, 43.462860785737007 ], [ -79.760649883279882, 43.680262578072139 ], [ -79.875381743025713, 44.101333714297958 ], [ -80.083929742170426, 44.312581427584831 ], [ -80.054210779118492, 44.504572854836681 ], [ -80.147479921686681, 44.684424142202474 ], [ -80.333529641179865, 44.848934069483661 ], [ -80.573615126172868, 44.867264682706661 ], [ -80.922658772586317, 44.764261395357721 ], [ -81.0217729111111, 44.922841715937388 ], [ -81.192849205163199, 44.999770693866083 ], [ -81.177465816439607, 45.106052043949063 ], [ -81.311890230693692, 45.222318233778168 ], [ -81.673726432247705, 45.247788837960421 ], [ -81.772013591954121, 45.19094287890411 ], [ -81.801454714139552, 44.978333538543858 ], [ -81.509636713430083, 44.462880783626602 ], [ -81.52157136244449, 44.377462103332945 ], [ -81.781171277894799, 44.244743788368687 ], [ -81.839311289285618, 43.816444631476017 ], [ -81.724116839749144, 43.786660772907226 ], [ -81.791489998535241, 43.726452903058117 ], [ -81.705091719639285, 43.373308344904203 ], [ -81.321162727020308, 43.237491940379861 ], [ -81.14472830020992, 43.006821691446923 ], [ -80.909068820784228, 42.988994319327922 ], [ -80.60640651421069, 43.226871601520649 ], [ -80.313896905795559, 42.986180815131519 ], [ -80.114356809324235, 42.926601171361426 ], [ -79.941283162399813, 42.694348655872325 ], [ -79.530630403357023, 42.660213136547654 ], [ -79.311782031234173, 42.729023429442783 ], [ -79.310254809569585, 42.356473421338073 ], [ -78.925018339041699, 41.994817327967873 ] ], [ [ -78.80402638076994, 42.136926870107814 ], [ -78.648310952731663, 42.166858142338242 ], [ -78.629183143287804, 42.318565966643277 ], [ -78.794047199142767, 42.439259118710979 ], [ -78.90537728965289, 42.667807693566623 ], [ -79.055218668335584, 42.660197793449655 ], [ -79.149076001515652, 42.444554147289594 ], [ -78.80402638076994, 42.136926870107814 ] ], [ [ -79.828893908470036, 42.815375105595507 ], [ -79.439063040886879, 42.865173874962252 ], [ -79.351126868434235, 43.044568106067381 ], [ -79.710194178266804, 43.241439648866766 ], [ -79.857459610979745, 43.43664735986151 ], [ -80.105185212109376, 43.534420414899571 ], [ -80.113596476145645, 43.752112227277202 ], [ -80.514254125111961, 44.410861443895392 ], [ -80.834549861345465, 44.539515628752277 ], [ -81.226007069133914, 44.399309648551011 ], [ -81.264783074944432, 44.279539009454261 ], [ -81.050359839135297, 44.302390992849958 ], [ -81.002369720690325, 44.217048876013081 ], [ -81.028762980653738, 43.757695759334858 ], [ -80.483019304792535, 43.657986268777861 ], [ -80.175808694948913, 43.112333878354846 ], [ -79.828893908470036, 42.815375105595507 ] ], [ [ -81.593026719311965, 43.798973246865302 ], [ -81.301918175867968, 43.886171842057038 ], [ -81.259795625871007, 44.012926374351458 ], [ -81.334751677446533, 44.211194826930253 ], [ -81.698709233240436, 44.087734839091667 ], [ -81.714259342080055, 43.860436950507228 ], [ -81.593026719311965, 43.798973246865302 ] ], [ [ -81.305632589269507, 44.27559846568262 ], [ -81.298145573643652, 44.256916862480551 ], [ -81.270529798885946, 44.273047939166993 ], [ -81.294331006267413, 44.283846577971978 ], [ -81.305632589269507, 44.27559846568262 ] ], [ [ -115.548168055755085, 41.585584045622873 ], [ -115.317182804949084, 41.611816208330303 ], [ -115.19877402778495, 41.757576850264748 ], [ -114.880476211046201, 41.792921979926433 ], [ -114.807199637567876, 41.866405138863847 ], [ -114.808945187034695, 42.174512458601399 ], [ -115.091004964949235, 42.252843262680535 ], [ -115.305981315557958, 42.140905746625961 ], [ -115.366707881718071, 42.001927119991421 ], [ -115.618666435616603, 41.929301530239343 ], [ -115.731431325681598, 41.762643887646092 ], [ -115.548168055755085, 41.585584045622873 ] ], [ [ -114.524588519062647, 41.787661825174311 ], [ -114.408750705817226, 41.800148354665581 ], [ -114.39309518242149, 41.867230145381512 ], [ -114.54954630712615, 41.915771759107251 ], [ -114.524588519062647, 41.787661825174311 ] ], [ [ -116.073031298723791, 41.834155705588138 ], [ -115.957338547811304, 41.847624211005893 ], [ -115.942705870916328, 41.914816590559852 ], [ -116.09996539513422, 41.962010780272657 ], [ -116.073031298723791, 41.834155705588138 ] ], [ [ -108.298706928704576, 42.629599166065788 ], [ -108.176844679927967, 42.828455157338951 ], [ -107.870254201280957, 42.983340263307376 ], [ -107.738235123651322, 42.955933255125835 ], [ -107.830742794976786, 43.210478096303 ], [ -108.609110791124294, 43.379236839756189 ], [ -108.649924676324204, 43.45788395113879 ], [ -108.69184891603868, 43.329716554962872 ], [ -108.816134560572038, 43.363963475934916 ], [ -108.871618306353184, 43.265954311350114 ], [ -108.848673720244363, 43.006619341351076 ], [ -108.519972360636274, 42.878545526374332 ], [ -108.427716993921123, 42.689137569575273 ], [ -108.298706928704576, 42.629599166065788 ] ], [ [ -111.413750043641301, 42.439109549115024 ], [ -111.410210439864713, 42.446432737102036 ], [ -111.415267536102021, 42.448314047091394 ], [ -111.417226719502082, 42.445802981236454 ], [ -111.413750043641301, 42.439109549115024 ] ], [ [ -111.711086172195422, 42.796040776904775 ], [ -111.654064440168327, 42.811120651425142 ], [ -111.652093953452933, 42.818290444546776 ], [ -111.716708197869224, 42.829324241760567 ], [ -111.711086172195422, 42.796040776904775 ] ], [ [ -109.150324273080088, 43.194447136880349 ], [ -109.023800681665023, 43.211024159300429 ], [ -109.101324901658955, 43.335582753573945 ], [ -109.350329099609638, 43.316505715669962 ], [ -109.150324273080088, 43.194447136880349 ] ], [ [ -111.991675452962667, 43.042329715565351 ], [ -111.98345337273139, 43.050069804715562 ], [ -112.00226706522858, 43.048337484375274 ], [ -111.991675452962667, 43.042329715565351 ] ], [ [ -105.234095104728269, 43.927155032509127 ], [ -105.22527668343497, 43.934544261915178 ], [ -105.235538198350611, 43.94089479118437 ], [ -105.239586239741499, 43.933765220080346 ], [ -105.234095104728269, 43.927155032509127 ] ], [ [ -112.443110000724516, 43.567011959356876 ], [ -112.439606189432325, 43.574303672509586 ], [ -112.445556161933538, 43.580709078551649 ], [ -112.453785544099247, 43.572974136812313 ], [ -112.443110000724516, 43.567011959356876 ] ], [ [ -112.036862192331682, 43.648124696917989 ], [ -112.033325321729038, 43.655404957877735 ], [ -112.039253658562501, 43.661819887935948 ], [ -112.047521840157316, 43.654106890829276 ], [ -112.036862192331682, 43.648124696917989 ] ], [ [ -108.000668468121347, 43.972138576207008 ], [ -107.937270036146799, 43.983435311176656 ], [ -107.938206579952151, 44.026608193175967 ], [ -108.008233040573913, 44.028692518715232 ], [ -108.000668468121347, 43.972138576207008 ] ], [ [ -80.869109765452095, 43.89041905360699 ], [ -80.739719570956765, 43.88754855840908 ], [ -80.72715857081252, 43.973196142958273 ], [ -80.930886454245766, 43.945290903021174 ], [ -80.869109765452095, 43.89041905360699 ] ], [ [ -107.784987569135083, 44.159796092157841 ], [ -107.727906143619265, 44.256912144968425 ], [ -107.805902787116736, 44.318091778479975 ], [ -107.872152313603806, 44.290287904329283 ], [ -107.784987569135083, 44.159796092157841 ] ], [ [ -67.069591278668184, 42.624324549865442 ], [ -67.058418857876802, 42.629702647619538 ], [ -67.065728286256501, 42.637923401060085 ], [ -67.076902364001455, 42.63254476522016 ], [ -67.069591278668184, 42.624324549865442 ] ], [ [ -107.873063432615879, 44.369607502578845 ], [ -107.86919075518243, 44.376771556491867 ], [ -107.874885911571297, 44.3832840497085 ], [ -107.878757986124242, 44.376120238521295 ], [ -107.873063432615879, 44.369607502578845 ] ], [ [ -113.83181878743639, 43.910530825590548 ], [ -113.735383305825337, 43.970644929346982 ], [ -113.925843778954174, 44.083019263400175 ], [ -114.010942427529201, 44.029796718039151 ], [ -113.83181878743639, 43.910530825590548 ] ], [ [ -107.939035394512103, 44.411681440660367 ], [ -107.929922597978845, 44.415753469271358 ], [ -107.949063813126287, 44.414444566333508 ], [ -107.939035394512103, 44.411681440660367 ] ], [ [ -108.06154786723161, 44.424824771053196 ], [ -107.890170006607491, 44.497779308667532 ], [ -107.887212321453021, 44.54795982022975 ], [ -108.031947519123179, 44.581148511634943 ], [ -108.134305706504676, 44.444798063665438 ], [ -108.06154786723161, 44.424824771053196 ] ], [ [ -108.189464802950909, 44.477178992307927 ], [ -108.180823255704993, 44.484677301406776 ], [ -108.191334017882312, 44.490842536899223 ], [ -108.195186975655815, 44.483677492218781 ], [ -108.189464802950909, 44.477178992307927 ] ], [ [ -106.151863892348359, 44.607904654626424 ], [ -106.083038111586177, 44.618812477836272 ], [ -106.158398046171683, 44.664285718298459 ], [ -106.282476716484297, 44.650084702143012 ], [ -106.151863892348359, 44.607904654626424 ] ], [ [ -64.817413815054266, 42.485477532589314 ], [ -64.80613725054863, 42.490722694112208 ], [ -64.813250091330985, 42.49903861149069 ], [ -64.824528438066878, 42.493792894334177 ], [ -64.817413815054266, 42.485477532589314 ] ], [ [ -85.258910234207505, 44.692957827488172 ], [ -85.103087709896968, 44.748656605383076 ], [ -85.034486138942157, 45.108940393000132 ], [ -85.19093420773649, 45.053437130895972 ], [ -85.264290609131805, 44.928590785630959 ], [ -85.258910234207505, 44.692957827488172 ] ], [ [ -108.141255328762995, 44.566717030440614 ], [ -108.144255135942757, 44.659534224457872 ], [ -108.16062192806271, 44.70833578145907 ], [ -108.169284524885768, 44.700849522918496 ], [ -108.141255328762995, 44.566717030440614 ] ], [ [ -106.041636200898182, 44.700330927848569 ], [ -106.032808907645233, 44.707719324175898 ], [ -106.043205387385967, 44.71399298544091 ], [ -106.052031985314741, 44.706604084858711 ], [ -106.041636200898182, 44.700330927848569 ] ], [ [ -106.166725426497635, 44.736012583527625 ], [ -106.106635673874365, 44.73952676176976 ], [ -106.097809773581588, 44.746916165736693 ], [ -106.168312938053077, 44.749670241071684 ], [ -106.166725426497635, 44.736012583527625 ] ], [ [ -65.687706478787916, 42.806152817492979 ], [ -65.676439600133392, 42.811440997953724 ], [ -65.683647871891679, 42.819707016438528 ], [ -65.694916479155538, 42.814418297649404 ], [ -65.687706478787916, 42.806152817492979 ] ], [ [ -115.135341417510887, 44.079274884753815 ], [ -115.140885198781092, 44.129129066220074 ], [ -115.146335327289933, 44.132022276055181 ], [ -115.147995596099946, 44.128365244702366 ], [ -115.135341417510887, 44.079274884753815 ] ], [ [ -65.604541103403761, 42.881533153403488 ], [ -65.580523406576987, 42.929140744025553 ], [ -65.58773223663502, 42.937404526774301 ], [ -65.599019307711714, 42.932125474270094 ], [ -65.604541103403761, 42.881533153403488 ] ], [ [ -114.679736222325602, 44.220124423486027 ], [ -114.670519188571774, 44.222479261561844 ], [ -114.681402020017259, 44.228288885834736 ], [ -114.679736222325602, 44.220124423486027 ] ], [ [ -114.560970992250617, 44.232180366254141 ], [ -114.551818885960145, 44.234869467766764 ], [ -114.570812256015046, 44.232892182465207 ], [ -114.560970992250617, 44.232180366254141 ] ], [ [ -65.521249482961636, 42.956841183106192 ], [ -65.497173589539997, 43.004415858908189 ], [ -65.504380944146078, 43.012679040438741 ], [ -65.515681019839093, 43.007407522300383 ], [ -65.521249482961636, 42.956841183106192 ] ], [ [ -108.602641162783641, 44.835603984906633 ], [ -108.422941850732315, 44.851786461135269 ], [ -108.310295394360324, 44.949095208885034 ], [ -108.444576498885439, 45.00585949357577 ], [ -108.620520025471421, 44.927212239192208 ], [ -108.602641162783641, 44.835603984906633 ] ], [ [ -71.900836911945063, 43.918462567221148 ], [ -71.724116204382341, 43.896471735563679 ], [ -71.663958268225656, 44.020047777242517 ], [ -71.098044900162819, 44.100677529034385 ], [ -71.034846991051765, 44.354532613315357 ], [ -71.206221341165062, 44.397440821219313 ], [ -71.30189144368417, 44.627318919531255 ], [ -71.479851456731822, 44.649595971780236 ], [ -71.652910114450989, 44.563014526750834 ], [ -71.87369645287589, 44.154561606885125 ], [ -71.900836911945063, 43.918462567221148 ] ], [ [ -68.693856272176106, 43.527543354508353 ], [ -68.682670620077545, 43.532988860922565 ], [ -68.701368867876198, 43.535652827732832 ], [ -68.693856272176106, 43.527543354508353 ] ], [ [ -68.343453331128998, 43.477256833254081 ], [ -68.285087771071275, 43.468810318678266 ], [ -68.273886220520865, 43.474233393672826 ], [ -68.339732287500141, 43.490809773605115 ], [ -68.343453331128998, 43.477256833254081 ] ], [ [ -114.263842339933888, 44.564654115213443 ], [ -114.203580544846062, 44.567321073846045 ], [ -114.203986471534094, 44.5742096395904 ], [ -114.264660458002183, 44.568728997144845 ], [ -114.263842339933888, 44.564654115213443 ] ], [ [ -108.901976254023197, 45.225643838362387 ], [ -108.74064645771233, 45.390759595452238 ], [ -108.687405440270823, 45.672790341399761 ], [ -108.500423531716336, 45.828651393159717 ], [ -108.318345909001934, 45.841239915853478 ], [ -108.25483644033622, 45.895105704104999 ], [ -108.275719644360493, 46.042975664929521 ], [ -108.041154550477245, 46.122740791018053 ], [ -108.362939104635174, 46.653805101452171 ], [ -108.704619721777703, 46.806805062060093 ], [ -109.541948253057939, 46.614920861388896 ], [ -110.079421700981698, 46.876235071994699 ], [ -110.168268213548743, 46.820208106454899 ], [ -110.116145243177272, 46.721464627750137 ], [ -110.611130226875275, 46.658176160266535 ], [ -110.67900140449882, 46.61025350166809 ], [ -110.654203672340429, 46.463296491437994 ], [ -110.873541218705014, 46.381744730096813 ], [ -110.770251677721362, 46.194821997623315 ], [ -110.544810420723522, 46.321560496795776 ], [ -110.265436412248405, 46.28101962171813 ], [ -109.93893823726853, 45.943637614501675 ], [ -109.410066210862851, 45.763136408237919 ], [ -108.901976254023197, 45.225643838362387 ] ], [ [ -108.43400814201776, 45.86144469779525 ], [ -108.411318250196132, 45.848497498499974 ], [ -108.392724432317578, 45.864298392372262 ], [ -108.41541615919968, 45.877246553552439 ], [ -108.43400814201776, 45.86144469779525 ] ], [ [ -115.677039639290314, 44.628572882989552 ], [ -115.686070218747616, 44.677879005711681 ], [ -115.688391217408849, 44.681092952539217 ], [ -115.683265461743503, 44.634829603793015 ], [ -115.677039639290314, 44.628572882989552 ] ], [ [ -118.851476481348897, 44.260649805101743 ], [ -118.730676039242539, 44.384324686688345 ], [ -118.952380503599557, 44.420880125877311 ], [ -118.954774724082796, 44.312232205925973 ], [ -118.851476481348897, 44.260649805101743 ] ], [ [ -67.804736268749835, 43.882813950594439 ], [ -67.512036997463923, 43.839665687433708 ], [ -67.46459947479039, 43.971581872768667 ], [ -67.327881972516778, 44.039175614409992 ], [ -67.339361379092168, 44.194601889336724 ], [ -67.191434232730586, 44.282336524722972 ], [ -67.33972375803171, 44.33330611909355 ], [ -67.398547920580029, 44.448080366912038 ], [ -67.738989111427713, 44.545191557166504 ], [ -67.893747188152759, 44.034644667795703 ], [ -67.804736268749835, 43.882813950594439 ] ], [ [ -68.708490441248458, 44.144384148272195 ], [ -68.615259360873935, 44.225866992346013 ], [ -68.72898254789213, 44.292683427484725 ], [ -68.747091406253077, 44.244437677707275 ], [ -68.708490441248458, 44.144384148272195 ] ], [ [ -115.728219926328862, 44.864759019934283 ], [ -115.719707086084071, 44.890796926086736 ], [ -115.743494141865625, 44.934944753840675 ], [ -115.74740001423811, 44.887772832372931 ], [ -115.728219926328862, 44.864759019934283 ] ], [ [ -121.946087937626558, 44.19021714758528 ], [ -121.864571204447145, 44.223188676149064 ], [ -121.876382699322306, 44.265319788455152 ], [ -121.969404452356883, 44.273127469215915 ], [ -121.946087937626558, 44.19021714758528 ] ], [ [ -67.12206113914668, 44.13323666471085 ], [ -67.086218365726538, 44.222733541608022 ], [ -67.093649371590899, 44.230870232806545 ], [ -67.111129481727943, 44.204507009785914 ], [ -67.12206113914668, 44.13323666471085 ] ], [ [ -70.795328805455739, 44.694972343819629 ], [ -70.736025153490672, 44.687354855163221 ], [ -70.691377317168559, 44.746210004102814 ], [ -70.808160299320392, 44.761204491227254 ], [ -70.795328805455739, 44.694972343819629 ] ], [ [ -69.029015138701126, 44.539158349680534 ], [ -68.96903336692769, 44.534351598625562 ], [ -68.958665780994181, 44.536409441468173 ], [ -69.025348884874461, 44.552629931690511 ], [ -69.029015138701126, 44.539158349680534 ] ], [ [ -71.238547709662129, 44.881682164298063 ], [ -71.145206552247117, 44.890978611197646 ], [ -71.147728005177001, 44.999193917020754 ], [ -71.241174376060556, 44.989903206068995 ], [ -71.238547709662129, 44.881682164298063 ] ], [ [ -71.060214536074099, 44.85921567342384 ], [ -70.896777275589315, 44.902982845052804 ], [ -70.875395945049519, 44.987166601517131 ], [ -70.99250075233445, 45.002023450142453 ], [ -71.060214536074099, 44.85921567342384 ] ], [ [ -67.001985750731322, 44.334773369902869 ], [ -66.990613633986456, 44.34008898410972 ], [ -66.998045609501006, 44.348223010234911 ], [ -67.004717761343215, 44.342202812641823 ], [ -67.001985750731322, 44.334773369902869 ] ], [ [ -109.976095595445187, 45.853026853002447 ], [ -109.966753152325964, 45.856027789001118 ], [ -109.977530425591311, 45.862034943849558 ], [ -109.976095595445187, 45.853026853002447 ] ], [ [ -110.04329762065899, 45.889429503387333 ], [ -110.040890564151454, 45.935766416664052 ], [ -110.11236242139617, 45.937052030843873 ], [ -110.056923923586908, 45.913158981209143 ], [ -110.04329762065899, 45.889429503387333 ] ], [ [ -65.718906534209609, 44.313633423967886 ], [ -65.675256912517128, 44.423713244390669 ], [ -65.564357315444767, 44.384292341429472 ], [ -65.395008739090457, 44.533340687635103 ], [ -65.44805537985647, 44.59266812024903 ], [ -65.733434261441161, 44.498724837300927 ], [ -65.718906534209609, 44.313633423967886 ] ], [ [ -65.460254543712523, 44.521685306496067 ], [ -65.444707719449966, 44.504292636396642 ], [ -65.420316092551758, 44.51537601717083 ], [ -65.435859083480921, 44.532769687229504 ], [ -65.460254543712523, 44.521685306496067 ] ], [ [ -110.623412873048267, 46.053834694166873 ], [ -110.56185947245072, 46.065601725640661 ], [ -110.572959247907619, 46.150091461169886 ], [ -110.634811115471052, 46.102451605762013 ], [ -110.623412873048267, 46.053834694166873 ] ], [ [ -116.466182757185152, 45.966513120951944 ], [ -116.46531076522335, 45.97348804139434 ], [ -116.477373242834545, 45.972148751193551 ], [ -116.466182757185152, 45.966513120951944 ] ], [ [ -116.777398976883674, 45.974717406229409 ], [ -116.655529004917838, 45.982810479809935 ], [ -116.593721037109049, 46.045163642560567 ], [ -116.670891133938881, 46.049006342194879 ], [ -116.777398976883674, 45.974717406229409 ] ], [ [ -64.582166577303724, 44.79150189073048 ], [ -64.570609173752999, 44.796655359450178 ], [ -64.577871137081814, 44.804857300919124 ], [ -64.58943040421066, 44.799703375299586 ], [ -64.582166577303724, 44.79150189073048 ] ], [ [ -110.363214627828981, 46.716786445535476 ], [ -110.353983607743459, 46.720904651463641 ], [ -110.373558842215431, 46.719377288697771 ], [ -110.363214627828981, 46.716786445535476 ] ], [ [ -110.31536522182364, 46.802050454084288 ], [ -110.254684503101089, 46.810149207457322 ], [ -110.24543938876451, 46.814259353906778 ], [ -110.323798343741743, 46.85289566570718 ], [ -110.31536522182364, 46.802050454084288 ] ], [ [ -65.248899110151513, 45.423167141974396 ], [ -65.237301179456338, 45.428337774716582 ], [ -65.256268207320858, 45.431306794493942 ], [ -65.248899110151513, 45.423167141974396 ] ], [ [ -71.781153856483328, 46.416750468200576 ], [ -71.625876489694676, 46.41895585624296 ], [ -71.594248452501319, 46.543935292821068 ], [ -71.844991543438553, 46.530947620071998 ], [ -71.781153856483328, 46.416750468200576 ] ], [ [ -86.971953892834506, 47.654729666036609 ], [ -86.968348135690292, 47.657943057408588 ], [ -86.976626624120428, 47.65827351311335 ], [ -86.971953892834506, 47.654729666036609 ] ], [ [ -87.151035407594577, 47.745699262623837 ], [ -87.089172468236782, 47.739923671382762 ], [ -87.085276929178065, 47.74648041346245 ], [ -87.160692205233858, 47.749429690268727 ], [ -87.151035407594577, 47.745699262623837 ] ], [ [ -87.272088574140426, 47.788950794017907 ], [ -87.199380481651389, 47.792856657493665 ], [ -87.264273747176532, 47.880835244409859 ], [ -87.269395819398, 47.879355831482293 ], [ -87.272088574140426, 47.788950794017907 ] ], [ [ -87.259793317817795, 47.816141411960999 ], [ -87.239854883556063, 47.801125144797702 ], [ -87.217493305785453, 47.814513469403103 ], [ -87.237430627730902, 47.829530537691376 ], [ -87.259793317817795, 47.816141411960999 ] ], [ [ -86.770613261837553, 47.814375705858055 ], [ -86.766994110254103, 47.817581256847298 ], [ -86.769706029407459, 47.824398073361486 ], [ -86.775286333742429, 47.81791954661476 ], [ -86.770613261837553, 47.814375705858055 ] ], [ [ -64.334454635375408, 45.932721394664533 ], [ -64.322744511123418, 45.937817948942239 ], [ -64.33007261262938, 45.945962273041189 ], [ -64.341784649037947, 45.940865294163785 ], [ -64.334454635375408, 45.932721394664533 ] ], [ [ -115.941540357354654, 47.479406405795068 ], [ -115.937396976925939, 47.483239006233902 ], [ -115.943068563267218, 47.486039013032567 ], [ -115.945575598965306, 47.482378482524112 ], [ -115.941540357354654, 47.479406405795068 ] ], [ [ -116.043519008364328, 47.512808024300774 ], [ -116.010444513528341, 47.505686970281005 ], [ -115.989497740217502, 47.5202073384811 ], [ -116.016932131267879, 47.533727544992828 ], [ -116.043519008364328, 47.512808024300774 ] ], [ [ -62.867577027106066, 46.092562782925668 ], [ -62.629886512377261, 46.052578661381148 ], [ -62.40810084605949, 46.145984066620187 ], [ -62.350188793641962, 46.30926251146272 ], [ -62.812408137019297, 46.430577201165939 ], [ -62.922307314099434, 46.38428537149953 ], [ -62.994051381490458, 46.17841146857397 ], [ -62.867577027106066, 46.092562782925668 ] ], [ [ -117.861226126859265, 47.484604216044225 ], [ -117.775417816362065, 47.5150488363224 ], [ -117.785806279075757, 47.556394826120837 ], [ -117.881749077926315, 47.565970805354276 ], [ -117.861226126859265, 47.484604216044225 ] ], [ [ -117.882083073892133, 47.567293328408219 ], [ -117.796204133489098, 47.597726342409501 ], [ -117.8517649223989, 47.696932741274203 ], [ -117.937718491074847, 47.666500674100838 ], [ -117.882083073892133, 47.567293328408219 ] ], [ [ -70.278315745197119, 47.60263391035393 ], [ -69.914831006584564, 47.662996260720917 ], [ -69.857482433466771, 47.868703451797707 ], [ -69.912535950163118, 47.896895062820221 ], [ -69.66883421722568, 48.312233344375777 ], [ -69.785380336211972, 48.34736639379576 ], [ -69.762981226230153, 48.429985374297594 ], [ -70.043868871498802, 48.67597977440365 ], [ -70.5595083708224, 48.781191950631587 ], [ -70.435143401022074, 48.998049688221258 ], [ -70.674425699590842, 49.173186337343928 ], [ -70.907932450185612, 49.138377328634732 ], [ -70.981540052302563, 48.87286105267502 ], [ -71.154660094145626, 49.061472854696085 ], [ -71.311015561832804, 49.080288913110856 ], [ -71.261480126823955, 49.263548989132865 ], [ -71.336714548855696, 49.460861242148695 ], [ -71.316485897502858, 49.772242816676275 ], [ -71.466177249409412, 49.935280796959148 ], [ -71.438594208731061, 50.036361144640843 ], [ -71.577966523325927, 50.239262367554105 ], [ -71.591541075614046, 50.427675546806256 ], [ -71.817176120983106, 50.556248404184473 ], [ -71.754400682711122, 51.02480599284744 ], [ -71.916226753671012, 51.268231777182635 ], [ -72.107869520115514, 51.2887557139737 ], [ -72.293465780902764, 51.206302321152286 ], [ -72.379500903316725, 50.885756867627549 ], [ -72.279186928315781, 50.771818072541322 ], [ -72.306022444226002, 50.671334761005667 ], [ -72.133442770221961, 50.467072740971226 ], [ -71.974416871390062, 50.449108342823131 ], [ -72.023134104503328, 50.26767391339672 ], [ -71.924007675493101, 50.152890660092325 ], [ -71.920568575981164, 49.923538462020105 ], [ -71.791407754156467, 49.805597561539592 ], [ -71.63365893624804, 49.787264739690514 ], [ -71.750773242761056, 49.591528674412359 ], [ -71.780220605205187, 49.238875608638004 ], [ -71.560324263488482, 48.983540597619658 ], [ -71.404086351893866, 48.964897016246304 ], [ -71.431375632945688, 48.862835445212376 ], [ -71.326282490723344, 48.661671624583064 ], [ -70.974696925303689, 48.662586009627404 ], [ -70.91121636604602, 48.422010387982397 ], [ -70.804953245608701, 48.345843748073797 ], [ -70.910456452735033, 48.189075730548737 ], [ -71.419659868570534, 48.185837145015377 ], [ -71.533650162379274, 48.114447661906155 ], [ -71.556639444657691, 47.905106133915289 ], [ -71.216280628307743, 47.759048742853132 ], [ -70.486501969134565, 47.883388449809566 ], [ -70.278315745197119, 47.60263391035393 ] ], [ [ -113.742309882040757, 48.374953016081612 ], [ -113.578602850442437, 48.517163448701581 ], [ -113.731778117385048, 48.524108368573785 ], [ -113.837231714712729, 48.67511324812854 ], [ -113.994793193973251, 48.669309722650389 ], [ -114.375512512166864, 48.958359469240534 ], [ -114.507562585595409, 48.978911793731513 ], [ -114.479745630796742, 48.810651010918633 ], [ -114.195173615835813, 48.54390197154153 ], [ -114.204095828164441, 48.438000244230871 ], [ -113.948935090429472, 48.45384784494285 ], [ -113.742309882040757, 48.374953016081612 ] ], [ [ -116.414329478860481, 48.150585384816893 ], [ -116.352696746490778, 48.157688250582922 ], [ -116.343205903555798, 48.160382731956147 ], [ -116.354658963737052, 48.165928335053351 ], [ -116.414329478860481, 48.150585384816893 ] ], [ [ -113.810519317787865, 48.698965354479654 ], [ -113.810665084824564, 48.705660733623567 ], [ -113.812607871326634, 48.70883566633195 ], [ -113.816896708046016, 48.70508611092945 ], [ -113.810519317787865, 48.698965354479654 ] ], [ [ -123.099783838439222, 47.666029735468641 ], [ -122.893783314218354, 47.715790733131641 ], [ -122.957502954274261, 47.920565696569867 ], [ -123.115349032627535, 47.91904624602703 ], [ -123.234910875319059, 47.795949669524582 ], [ -123.099783838439222, 47.666029735468641 ] ], [ [ -114.973124399345522, 48.780637595220107 ], [ -114.954393014684399, 48.806797323092532 ], [ -114.98385370215172, 48.828244037882982 ], [ -115.002580301260323, 48.802086219421987 ], [ -114.973124399345522, 48.780637595220107 ] ], [ [ -115.049333689077159, 48.836091951891483 ], [ -115.147230244380395, 48.99747182703365 ], [ -115.226640198777915, 48.989655175905071 ], [ -115.243685772545874, 48.85007427023929 ], [ -115.049333689077159, 48.836091951891483 ] ], [ [ -121.230026134659369, 48.218962193607119 ], [ -121.14467707620642, 48.250644033758114 ], [ -121.156681245086332, 48.291551997412135 ], [ -121.253728590697861, 48.299466625190277 ], [ -121.230026134659369, 48.218962193607119 ] ], [ [ -121.893559893326227, 48.725547339928468 ], [ -121.807963312130383, 48.757368189819232 ], [ -121.820337731587657, 48.798058737297652 ], [ -121.917991571578298, 48.805623983982251 ], [ -121.893559893326227, 48.725547339928468 ] ], [ [ -71.069923607284792, 49.137005879256783 ], [ -70.945448854122091, 49.122439371819219 ], [ -70.81403461593554, 49.253367684661221 ], [ -70.889888268854051, 49.324567422265112 ], [ -71.112606910749875, 49.330228268065198 ], [ -71.145883451042621, 49.208186126760019 ], [ -71.069923607284792, 49.137005879256783 ] ], [ [ -65.23959500332171, 48.450927104159852 ], [ -64.627811316047868, 48.359350872915698 ], [ -64.318973713959352, 48.418485111181631 ], [ -64.173026910740219, 48.652260676448101 ], [ -64.226734568528983, 48.68177814337686 ], [ -64.127813568624617, 48.964761573838139 ], [ -64.170241762612989, 49.119947597538363 ], [ -64.41735461688296, 49.337072348164199 ], [ -64.84249534990667, 49.516449412515911 ], [ -65.610978838976067, 49.648434356830357 ], [ -66.004118363651884, 49.640883504007995 ], [ -66.502386785448138, 49.510566153686739 ], [ -66.971661603641053, 49.311866859319807 ], [ -67.100471731055947, 49.160558283371834 ], [ -67.164943679959379, 48.957930956847321 ], [ -66.871596893372896, 48.769917398000374 ], [ -65.720317475706437, 48.648755199025366 ], [ -65.23959500332171, 48.450927104159852 ] ], [ [ -66.296668343912501, 48.921970632790625 ], [ -65.966456616098426, 48.878429905117628 ], [ -65.486799108665949, 48.961206587051443 ], [ -65.02503143759418, 48.893555798487085 ], [ -64.766083627223253, 49.018280461791726 ], [ -65.148402605906085, 49.195133282224312 ], [ -65.979045664190309, 49.230167433493705 ], [ -66.263938091264251, 49.086809134329656 ], [ -66.184222327955126, 48.969648006956682 ], [ -66.296668343912501, 48.921970632790625 ] ], [ [ -122.264772265240822, 48.887708841280244 ], [ -121.893873028680972, 48.937055211040935 ], [ -121.869948357656071, 48.960668641194488 ], [ -122.141685105742141, 49.114111806499125 ], [ -122.327486730531064, 49.089340561273339 ], [ -122.264772265240822, 48.887708841280244 ] ], [ [ -122.588235446547287, 49.097878428010169 ], [ -122.316691939041206, 49.154802279059304 ], [ -122.367411577362702, 49.31677903688049 ], [ -122.491204703433809, 49.404929205506775 ], [ -122.750520722095075, 49.307468741303822 ], [ -122.6991062984346, 49.145572701846596 ], [ -122.588235446547287, 49.097878428010169 ] ], [ [ -118.356161846445175, 49.87252949671084 ], [ -118.279100040060783, 49.943025581466941 ], [ -118.476656595863872, 49.962567530272928 ], [ -118.465664325750382, 49.922115022372509 ], [ -118.356161846445175, 49.87252949671084 ] ], [ [ -117.98984605448274, 49.954930544587299 ], [ -117.901677253556585, 49.984780396036612 ], [ -117.969639679631513, 50.12232393265824 ], [ -118.057924379738296, 50.092483983468455 ], [ -117.98984605448274, 49.954930544587299 ] ], [ [ -63.42202400506261, 48.941886697822923 ], [ -63.347263398942921, 48.972132703073875 ], [ -63.393338791596314, 49.021208483678677 ], [ -63.468125174701079, 48.990958867901377 ], [ -63.42202400506261, 48.941886697822923 ] ], [ [ -117.906950811296639, 50.130520256180354 ], [ -117.81857555441006, 50.160286467976157 ], [ -117.829296915725337, 50.200682186101297 ], [ -117.928133681929907, 50.21001736219268 ], [ -117.906950811296639, 50.130520256180354 ] ], [ [ -85.841346235991139, 51.403746865386509 ], [ -85.825894595507648, 51.450159594731787 ], [ -85.835559177134741, 51.457057461825187 ], [ -85.846627988561551, 51.451034277828327 ], [ -85.841346235991139, 51.403746865386509 ] ], [ [ -62.729789948440605, 49.322473638264384 ], [ -62.369911373698308, 49.328320211287483 ], [ -61.907866246237589, 49.509723794446529 ], [ -61.553698036968669, 49.494627037294492 ], [ -61.104264622673711, 49.611338723456335 ], [ -59.044297473392099, 54.373145212631364 ], [ -60.730081854445771, 50.57259869815497 ], [ -60.812902921277349, 50.940462470735987 ], [ -61.186374936321656, 51.087932445791367 ], [ -61.358124130674852, 51.240922296290428 ], [ -61.622016311578598, 51.275902661291411 ], [ -61.834105710952585, 51.079109720803814 ], [ -62.468089144751701, 50.877446002467508 ], [ -63.413670309835979, 51.097420104211722 ], [ -64.003736589248604, 51.118568792821826 ], [ -64.766640838263456, 51.394681905282184 ], [ -65.327676997969689, 51.84228848447836 ], [ -65.399402659362153, 52.044336250734304 ], [ -65.931768143249542, 52.21246789702095 ], [ -66.113453951923915, 52.646482684143209 ], [ -66.087208463159456, 52.90850503173202 ], [ -66.833187957996813, 53.413789461845255 ], [ -67.15072547033175, 53.833864245209568 ], [ -67.173842880101475, 54.459056304904976 ], [ -67.605533330016257, 55.167549611551344 ], [ -67.512060330434196, 55.394171985015028 ], [ -67.341497410683473, 55.512528592208767 ], [ -68.960223514773332, 55.696030632042508 ], [ -69.031907898419107, 55.487436843030864 ], [ -68.894508524396343, 55.07713494493801 ], [ -68.142735933394547, 54.454276730955584 ], [ -68.32057837643066, 53.93419427881939 ], [ -67.948293681313984, 53.426371316688019 ], [ -67.942440691390317, 53.243521781720077 ], [ -67.690878391923079, 52.989637545184216 ], [ -67.932334641670352, 52.469199538443171 ], [ -67.476866918581067, 52.228251633300957 ], [ -67.516458253585128, 52.110200987566287 ], [ -67.755241073941292, 52.09852201726968 ], [ -68.12651979082797, 51.878507519904417 ], [ -68.216201609071334, 51.60155219535423 ], [ -68.025950618826002, 51.475330296100601 ], [ -67.344941926728822, 51.429628271701056 ], [ -67.243798178870705, 51.333494129960272 ], [ -67.295931731136704, 51.174605304775824 ], [ -67.615745734635624, 51.007975318802998 ], [ -68.128691975979976, 51.156222868171966 ], [ -68.368575057987172, 51.12487429468576 ], [ -68.482327721664333, 50.973366771471909 ], [ -68.116129982112767, 50.782662014982421 ], [ -67.737312614987104, 50.734161394261911 ], [ -67.603906209934991, 50.841664494162799 ], [ -66.576708918950814, 50.664325554116047 ], [ -66.311552012260321, 50.670100476572109 ], [ -66.099862698663173, 50.807986301234784 ], [ -65.501988069783849, 50.725260421934919 ], [ -64.642896778683181, 50.728550962587967 ], [ -64.337853249780821, 50.934419073000939 ], [ -64.210831410254954, 50.916624210134685 ], [ -63.791120516562081, 50.708550644985358 ], [ -63.266286887445091, 50.608942281991141 ], [ -62.888321023255223, 50.382538449493182 ], [ -62.808906366172252, 50.243975048128554 ], [ -63.09530538472459, 50.182789395844054 ], [ -62.91619257118424, 50.134118814217807 ], [ -63.135104447853251, 50.167154377075555 ], [ -63.187294995576238, 50.112610487617168 ], [ -63.070908930928326, 50.073642856222214 ], [ -63.412058902822345, 50.040886532288688 ], [ -63.768724549185727, 50.052767325330706 ], [ -64.050386887957146, 49.906021019774492 ], [ -63.37292696988569, 49.613374147072186 ], [ -63.200722896224882, 49.459962621683552 ], [ -62.729789948440605, 49.322473638264384 ] ], [ [ -62.204544714799852, 50.107207398413735 ], [ -62.203796544045794, 50.106413327554613 ], [ -62.202558522256666, 50.106893085882319 ], [ -62.20330646863524, 50.107687182011091 ], [ -62.204544714799852, 50.107207398413735 ] ], [ [ -62.127132090380535, 50.137176090835197 ], [ -61.490054603079074, 50.245750710775049 ], [ -61.380245030463392, 50.355344172472833 ], [ -61.847072394101772, 50.51471885627187 ], [ -62.237771218751085, 50.533904183475784 ], [ -62.213858400592756, 50.424945654551536 ], [ -62.297918143447646, 50.375650073434905 ], [ -62.391344956840584, 50.390283657094884 ], [ -62.407221440920686, 50.434860778311212 ], [ -62.47079907662301, 50.444103961248871 ], [ -62.297413661855863, 50.205610852839968 ], [ -62.219945321113229, 50.235585755713267 ], [ -62.127132090380535, 50.137176090835197 ] ], [ [ -67.440441903408953, 51.709844932655415 ], [ -67.154896297557116, 51.700383286412794 ], [ -67.102074923076415, 51.790014755691189 ], [ -67.271212198785662, 51.849658699470382 ], [ -67.446045537596603, 51.792952030324216 ], [ -67.440441903408953, 51.709844932655415 ] ], [ [ -67.455070220338555, 53.548368514661519 ], [ -67.404846460829873, 53.528472264081607 ], [ -67.364606830599826, 53.577686558662421 ], [ -67.414849957257118, 53.597580770435485 ], [ -67.455070220338555, 53.548368514661519 ] ], [ [ -117.26416034460614, 51.150516590305187 ], [ -117.121148897471784, 51.226354636189825 ], [ -117.142211963963561, 51.306368665014041 ], [ -117.332027885451765, 51.286724324613608 ], [ -117.26416034460614, 51.150516590305187 ] ], [ [ -63.504839658732905, 50.056352277657084 ], [ -63.442667777557375, 50.046898158585613 ], [ -63.390677177704333, 50.101538596980461 ], [ -63.513110149541994, 50.12014666008475 ], [ -63.504839658732905, 50.056352277657084 ] ], [ [ -63.365738482617999, 50.077336089026012 ], [ -63.303566767029693, 50.067842877963997 ], [ -63.251476284676571, 50.122438338989454 ], [ -63.373908887298882, 50.141123337808899 ], [ -63.365738482617999, 50.077336089026012 ] ], [ [ -115.537640971207466, 51.727753623685501 ], [ -115.52812140670224, 51.731919040488279 ], [ -115.538951984489941, 51.73307278782486 ], [ -115.537640971207466, 51.727753623685501 ] ], [ [ -72.629736255019679, 51.550179042107338 ], [ -72.401128646743587, 51.546224430067127 ], [ -72.261049273681024, 51.81819763280091 ], [ -72.436960927775232, 51.897176359477363 ], [ -72.645042135251288, 51.858024391181871 ], [ -72.709130089084823, 51.619179920003091 ], [ -72.629736255019679, 51.550179042107338 ] ], [ [ -118.787090165381969, 51.890740656401881 ], [ -118.632864378122648, 51.927350611700959 ], [ -118.672576306040213, 52.066074061775751 ], [ -118.560674363320132, 52.139399838874702 ], [ -118.892410602303016, 52.144210530594457 ], [ -118.810773870268875, 52.091883139896915 ], [ -118.869471705593867, 52.065052364107082 ], [ -118.787090165381969, 51.890740656401881 ] ], [ [ -72.575807935701292, 52.726129702862863 ], [ -72.126789136076397, 52.780877733902237 ], [ -72.114234155714527, 53.062580623670918 ], [ -72.325354212770762, 53.143949594918915 ], [ -72.591131701499478, 53.0302010953394 ], [ -72.645454679502109, 52.833666018507429 ], [ -72.575807935701292, 52.726129702862863 ] ], [ [ -119.571453264131534, 52.741744974817756 ], [ -119.480897638414675, 52.771413135297045 ], [ -119.49275302460866, 52.810673618528703 ], [ -119.5948724183758, 52.819008484679408 ], [ -119.571453264131534, 52.741744974817756 ] ], [ [ -68.393596818736597, 53.923305611970612 ], [ -68.322678913224152, 53.934440811954964 ], [ -68.269428587428152, 54.188370245737644 ], [ -68.380055319699849, 54.16184853098752 ], [ -68.445376779074437, 53.968885824074071 ], [ -68.393596818736597, 53.923305611970612 ] ], [ [ -120.724087895999546, 54.66369808191714 ], [ -120.57805888023266, 54.738867643709099 ], [ -120.603448096905012, 54.815521222546003 ], [ -120.854331473847026, 54.747998059671815 ], [ -120.724087895999546, 54.66369808191714 ] ], [ [ -114.803258007847035, 55.357684626192658 ], [ -114.640480426535603, 55.39018511098962 ], [ -114.632043754717841, 55.625386721385816 ], [ -114.89053884019954, 55.564897775386846 ], [ -114.803258007847035, 55.357684626192658 ] ], [ [ -117.604580038989226, 55.263269663869167 ], [ -117.335953903435012, 55.28886566591612 ], [ -117.263906963466567, 55.393249795010782 ], [ -117.364692972589211, 55.736376328142875 ], [ -117.550836789806709, 55.894667925640668 ], [ -117.596387901852722, 56.046346784145761 ], [ -118.204186938387011, 55.988410362261952 ], [ -118.163288936786913, 55.855711755033354 ], [ -117.920001928954179, 55.742336586700993 ], [ -117.811018300062372, 55.380379678857125 ], [ -117.604580038989226, 55.263269663869167 ] ] ] } },
{ "type": "Feature", "properties": { "QPF": 0.1, "UNITS": "Inches", "VALID_TIME": "12Z 04/23/26 - 12Z 04/24/26", "PRODUCT": "24-hour QPF", "ISSUE_TIME": "2026-04-21 10:08:37", "START_TIME": "2026-04-23 12:00:00", "END_TIME": "2026-04-24 12:00:00", "fill": "green", "color": "green" }, "geometry": { "type": "Polygon", "coordinates": [ [ [ -87.861689185889475, 22.45478427975883 ], [ -88.011126282677338, 22.736183164857536 ], [ -87.904610973815025, 22.959621852328361 ], [ -88.032663149499086, 23.380842840470965 ], [ -88.230154982894916, 23.41289340231549 ], [ -88.5837690320608, 23.31806339167666 ], [ -88.866327995300963, 23.482745557985908 ], [ -88.958989114657996, 23.791000969872808 ], [ -89.445403680271738, 24.08430133027008 ], [ -89.670356238359574, 24.092549341607487 ], [ -89.791499212762034, 24.188264245837232 ], [ -90.385113196158855, 24.177726608893138 ], [ -90.32468116735437, 24.663035788759998 ], [ -90.902301384066661, 25.19825615420169 ], [ -90.840227514394215, 25.53928942894899 ], [ -90.633737100481738, 25.761926437995939 ], [ -90.6157439956731, 26.149820624263029 ], [ -90.409768866856794, 26.212241473513064 ], [ -90.559896341457844, 26.285267237562358 ], [ -90.594254118820714, 26.743139725465788 ], [ -90.540633341428176, 26.810095665456139 ], [ -91.035833121131233, 26.785462400619593 ], [ -91.256009032780668, 27.110737665986512 ], [ -91.438128764144039, 27.023777468784672 ], [ -92.128701004882842, 27.084034054387544 ], [ -92.224664572587017, 27.19264929614523 ], [ -92.213176725703818, 27.511986602187811 ], [ -92.054941845057883, 27.668768295772185 ], [ -92.051580750945917, 27.805614634006627 ], [ -92.244346758091353, 27.633959055546196 ], [ -92.398666663029772, 27.644419096049795 ], [ -92.603007712187392, 27.731268493240847 ], [ -92.720717085817597, 27.88546909409645 ], [ -92.648575199193417, 28.03676525183543 ], [ -92.510981327027508, 28.041895750288134 ], [ -92.506704535132428, 28.247103152603142 ], [ -92.401695777973927, 28.313783339136851 ], [ -92.546856167315141, 28.384575479427959 ], [ -92.535842169401178, 28.491112118052815 ], [ -92.408159730671912, 28.397811707294839 ], [ -92.019489096186021, 28.390784061886993 ], [ -91.947595023291242, 28.161301699049208 ], [ -91.782742327774855, 28.210859455911731 ], [ -91.761850430371922, 28.332218028999261 ], [ -91.584277896298801, 28.199281538769711 ], [ -91.377244841771585, 28.198193785360456 ], [ -91.109164029202631, 28.481783737318349 ], [ -90.718452313306798, 28.523431127428108 ], [ -90.394580130736799, 28.171901626427726 ], [ -90.14422706841367, 28.030926330702073 ], [ -90.158519357146588, 27.711827801299428 ], [ -90.06525681178627, 27.571869007876487 ], [ -89.714208088677779, 27.354613149286248 ], [ -89.724203901788201, 27.126568382723196 ], [ -89.833546236545402, 26.97042921082847 ], [ -89.63109193357954, 26.727651234493045 ], [ -88.760617265694819, 26.740047608522346 ], [ -88.663256271042385, 26.644594463128271 ], [ -88.510177436693027, 26.638117052871426 ], [ -88.462955839952741, 26.963364658938527 ], [ -88.615485261858396, 27.17549494884652 ], [ -88.594671749404029, 27.380241302868178 ], [ -88.414509513178984, 27.456643886844692 ], [ -88.078516584692039, 27.17488440894634 ], [ -87.865581152053778, 27.161399151996907 ], [ -87.827511047475681, 27.300390105826146 ], [ -87.582680631270421, 27.517205109827305 ], [ -87.671540750578643, 27.749978964993467 ], [ -87.489459275353937, 27.837718734458093 ], [ -86.89803961821994, 27.795075773451828 ], [ -86.55663406287799, 27.507188334177588 ], [ -86.163548952667753, 27.594385953217859 ], [ -85.990301966813931, 27.496454942277822 ], [ -85.574648379567563, 27.536304158312607 ], [ -85.01765284258704, 27.409365457032703 ], [ -84.536302616719041, 27.063938645147026 ], [ -84.227445725644586, 26.538543656628843 ], [ -83.849205400301756, 26.386493544376464 ], [ -83.324160321217278, 25.99536446855473 ], [ -83.17882193184073, 25.654213799106266 ], [ -82.553070291300173, 25.305424915701259 ], [ -82.055307561152517, 25.213595417689781 ], [ -81.969332003184846, 25.06844946370579 ], [ -81.570525477605059, 25.239646315748697 ], [ -81.188196379204257, 25.254369184328993 ], [ -80.969411213690506, 25.391036657156086 ], [ -80.881296480772818, 25.344163384633504 ], [ -80.942030514233551, 25.25803816785853 ], [ -80.900327729832043, 25.108979827494032 ], [ -80.804536219468474, 25.130208114811474 ], [ -80.760402043794585, 25.003824457436174 ], [ -80.699666425782652, 25.089877184286472 ], [ -80.554575041867452, 25.029954153683718 ], [ -80.318146751117723, 25.098746269167002 ], [ -80.25828949050873, 25.031266951604309 ], [ -80.499192710692441, 24.855512211163607 ], [ -80.564450022653801, 24.877474201180128 ], [ -80.51348208126366, 24.948785014287825 ], [ -80.658457585294514, 25.008747965034047 ], [ -80.722748828929383, 24.961637569421612 ], [ -80.681412203843124, 24.812517966125846 ], [ -80.425844362815113, 24.83364646798471 ], [ -80.336199321639555, 24.736621160580398 ], [ -80.134253528224946, 24.733108592548373 ], [ -79.414276672580058, 24.823031040242356 ], [ -78.89479002076375, 25.112681129352612 ], [ -78.090169083646614, 24.867280003768403 ], [ -77.84067837287904, 25.017961009674544 ], [ -77.722086431065662, 24.95818546036395 ], [ -77.477769004101248, 25.067785237662449 ], [ -77.478761641304459, 24.883650642448455 ], [ -77.080498625672817, 25.120003568023272 ], [ -77.31254811520472, 25.155122171072058 ], [ -77.295737407534745, 25.214859292273591 ], [ -76.991172948216047, 25.263146146434636 ], [ -76.90656174544192, 25.029828212375293 ], [ -77.320341447856833, 24.925698189176355 ], [ -77.348997241023113, 24.783526870563751 ], [ -77.091137444850148, 24.929591030389634 ], [ -76.9297870759234, 24.817884845131083 ], [ -76.773424828916959, 24.844865326021846 ], [ -76.840647695763309, 24.392195779504423 ], [ -76.754707271366726, 24.289438263947755 ], [ -76.56735245030896, 24.358395975933657 ], [ -76.414066907947216, 24.254371312519837 ], [ -76.639674955320629, 24.098185664595007 ], [ -76.84854239809016, 23.709267338564487 ], [ -76.393983142073481, 23.498980245562546 ], [ -76.140773440709538, 23.017185176193763 ], [ -75.905671229418118, 22.917534629507394 ], [ -75.378487464403548, 22.451976421604478 ], [ -75.109833108122501, 22.415532302060029 ], [ -75.002277018096336, 22.308535504321529 ], [ -74.694950012695003, 22.358244355928178 ], [ -74.472804365816742, 22.192294090907335 ], [ -73.820143318887645, 22.071783130872753 ], [ -73.761438082878939, 22.024406573285663 ], [ -73.885379719925282, 21.880891077499633 ], [ -73.859723860541123, 21.738644717821181 ], [ -73.153253512244532, 21.46831040932787 ], [ -72.697869642782123, 21.471694034205758 ], [ -72.485759292335061, 21.590402916856217 ], [ -71.8330556876125, 21.354823166212814 ], [ -71.587414802830423, 21.340113746537728 ], [ -71.094698005516207, 21.577781255371178 ], [ -70.944884574771081, 21.57974516627193 ], [ -69.941327958474474, 21.36421037756039 ], [ -69.298445338919549, 21.582828712285142 ], [ -68.995378117186149, 21.453483373171824 ], [ -69.21154712735067, 20.332384365122376 ], [ -69.027493127234209, 21.325541429036974 ], [ -69.190305598234701, 21.381787521368167 ], [ -69.310555395157479, 21.370818082042906 ], [ -69.532221801580036, 21.172040371048258 ], [ -69.81807613224629, 21.135842847373137 ], [ -70.699563906483689, 21.304484322819917 ], [ -70.813023454518927, 21.283445244310911 ], [ -70.990087580174944, 21.086196001510608 ], [ -71.217346344759989, 21.195703042228136 ], [ -71.726443402997234, 21.127006146961278 ], [ -72.28900712514934, 21.305057536530214 ], [ -73.492814341579802, 21.225173938850528 ], [ -73.298253919384265, 21.147545360105511 ], [ -73.466199293140633, 21.034267541501166 ], [ -73.654256457977169, 21.062256615930597 ], [ -73.912430675681975, 21.379404395349216 ], [ -74.329347315491646, 21.554981856441476 ], [ -74.519247817074344, 21.879532638989044 ], [ -75.100166084489445, 22.008039864864891 ], [ -75.301906582971924, 21.990213671455745 ], [ -75.524479920325874, 21.838187439808713 ], [ -75.767691637717604, 21.870632988686321 ], [ -75.928232652567843, 22.119875238860104 ], [ -76.49883582998126, 22.631153493931848 ], [ -76.757105132705163, 22.571541237443984 ], [ -76.887597048636238, 22.702920911685002 ], [ -77.129578553404301, 22.755738601324605 ], [ -77.347887540786601, 22.941088308678651 ], [ -77.339603192227315, 23.034473331433595 ], [ -77.591632137279788, 23.02090640458934 ], [ -77.724179882275962, 23.308164838557936 ], [ -78.005037955617183, 23.617079456127922 ], [ -78.056837769055647, 23.807156146826706 ], [ -77.963785574754539, 23.934529005367899 ], [ -78.003135674789974, 24.032667762228751 ], [ -78.095806730020271, 23.908287610011975 ], [ -78.427546736362743, 23.874595064619374 ], [ -78.806096021409459, 24.056922540029621 ], [ -78.893277545716614, 24.314841119427776 ], [ -79.112879499893964, 24.412149727599747 ], [ -79.674143942339256, 24.365499874019307 ], [ -79.995304059144615, 24.421336852292484 ], [ -80.548399860752284, 24.223600645755731 ], [ -81.395557871557159, 24.303800988263355 ], [ -81.669315152734157, 24.799129480499555 ], [ -82.203135906715119, 24.770254339068551 ], [ -82.443705696736231, 24.888221660822129 ], [ -82.82999223796952, 24.919113784746738 ], [ -82.96414311535483, 25.252547232886378 ], [ -83.49794054103269, 25.506195063236049 ], [ -83.798389764941959, 25.774152735432523 ], [ -84.017019330319457, 26.227894806426306 ], [ -84.701570239550279, 26.525773885338484 ], [ -84.750885208745018, 26.895435835121873 ], [ -85.113871661348725, 27.148374112575652 ], [ -85.342944271038732, 27.209995996253415 ], [ -85.811189722638034, 27.141763270840286 ], [ -85.980778112913242, 27.279999815753659 ], [ -86.134175593008578, 27.29357944776806 ], [ -86.239997346870439, 27.253963061985264 ], [ -86.329760798943823, 27.07919173576957 ], [ -87.181687638834973, 27.406917524120445 ], [ -87.454681163107409, 27.282387767083975 ], [ -87.520234799833162, 26.599794997160487 ], [ -87.99539429881024, 26.695664143354161 ], [ -88.070631839340464, 26.603109567903733 ], [ -88.099228067161647, 26.49011169252757 ], [ -87.949446508534038, 26.2545707124298 ], [ -88.183484306574627, 25.990948410370457 ], [ -88.177656461470974, 25.762028660308395 ], [ -88.081524334704966, 25.636439881344877 ], [ -87.702507787186306, 25.611645289396467 ], [ -87.541866045965449, 25.750136966160522 ], [ -87.167857180190694, 25.484055746167176 ], [ -87.191750478444078, 25.348041261031753 ], [ -87.392642356941536, 25.129622038549478 ], [ -87.380054970765599, 24.762974419889737 ], [ -87.451523234381142, 24.583612883315748 ], [ -87.569632307366248, 24.543806052661846 ], [ -87.580857884157041, 24.315641304102886 ], [ -87.37424047089786, 24.369229608901968 ], [ -87.266670780136337, 24.162376190223192 ], [ -87.657004701649782, 23.724815976577275 ], [ -87.507368920025669, 23.417753382877898 ], [ -87.182314803090065, 23.435195092471638 ], [ -86.995023260936762, 23.324527160219606 ], [ -87.274732909821921, 22.790721563103897 ], [ -87.14855203928424, 22.418306963573414 ], [ -87.861689185889475, 22.45478427975883 ] ], [ [ -73.442551026519197, 21.099961852195086 ], [ -73.44091250517674, 21.09510063172165 ], [ -73.435315101866763, 21.098878938841512 ], [ -73.4397520569172, 21.101851454635003 ], [ -73.442551026519197, 21.099961852195086 ] ], [ [ -88.556068450650173, 24.429701694757462 ], [ -88.345614684955393, 24.420437936564316 ], [ -88.278033231501368, 24.554598869591572 ], [ -88.388258529069148, 24.655571414422774 ], [ -88.591567886389697, 24.616434794180687 ], [ -88.556068450650173, 24.429701694757462 ] ], [ [ -88.527337356425164, 24.977215386208375 ], [ -88.396719131284286, 24.966927286536503 ], [ -88.366328011551175, 25.01588851942423 ], [ -88.490364168351221, 25.103658130290874 ], [ -88.570377268122613, 25.070533706254661 ], [ -88.527337356425164, 24.977215386208375 ] ], [ [ -77.297411477008595, 24.224557383937061 ], [ -77.168314893777548, 24.209038912966239 ], [ -77.249829942114459, 24.361667498034777 ], [ -77.394661787772179, 24.374360633405356 ], [ -77.429593677893024, 24.5190042717757 ], [ -77.556879300164212, 24.531737982363111 ], [ -77.54947150504448, 24.388086624295642 ], [ -77.297411477008595, 24.224557383937061 ] ], [ [ -78.28475963492717, 24.408454262000983 ], [ -78.205738418571897, 24.394912210022738 ], [ -78.064458477538395, 24.503119020247873 ], [ -78.281378712342686, 24.581823175975813 ], [ -78.360177443337278, 24.485979288070361 ], [ -78.28475963492717, 24.408454262000983 ] ], [ [ -80.743902633066213, 24.779933874350967 ], [ -80.736742792018163, 24.77189916576642 ], [ -80.727892882496462, 24.778398855746975 ], [ -80.735052111731264, 24.78643490258365 ], [ -80.743902633066213, 24.779933874350967 ] ], [ [ -80.593821437545827, 24.765475168621393 ], [ -80.58667223508904, 24.757433277130744 ], [ -80.577815449527719, 24.763924061506479 ], [ -80.585391163588127, 24.768333783034336 ], [ -80.593821437545827, 24.765475168621393 ] ], [ [ -80.779399224773314, 24.875193175765283 ], [ -80.776236981630774, 24.867542680791352 ], [ -80.767382277396933, 24.874044745927595 ], [ -80.774549654375932, 24.882078937399619 ], [ -80.779399224773314, 24.875193175765283 ] ], [ [ -80.466877927565889, 24.982836634830548 ], [ -80.459724375480477, 24.974788605887341 ], [ -80.450845239082241, 24.981271905003315 ], [ -80.457998139757791, 24.989321271802353 ], [ -80.466877927565889, 24.982836634830548 ] ], [ [ -80.411363236556127, 25.023355600331037 ], [ -80.404210961809426, 25.015304916212646 ], [ -80.395325968892323, 25.02178491958427 ], [ -80.40247758939978, 25.029836939741134 ], [ -80.411363236556127, 25.023355600331037 ] ], [ [ -90.235081129350647, 25.886937080306716 ], [ -90.176517314847175, 25.877761467300672 ], [ -90.018137624755411, 26.024340506969939 ], [ -90.117891230601586, 26.073303537778639 ], [ -90.235081129350647, 25.886937080306716 ] ], [ [ -80.987056825506784, 25.30819225552316 ], [ -80.979850165170575, 25.30016923597001 ], [ -80.970974986870104, 25.306683310247145 ], [ -80.978181028453093, 25.314707647325331 ], [ -80.987056825506784, 25.30819225552316 ] ], [ [ -91.411434356398871, 27.335474336573093 ], [ -91.139398507476741, 27.420149147342332 ], [ -91.179201782593012, 27.786344683042408 ], [ -91.283375345458111, 27.887488388616543 ], [ -91.438165139884518, 27.891161733711463 ], [ -91.45877838511143, 27.770241506857225 ], [ -91.606594317214757, 27.705126536102441 ], [ -91.353857968124032, 27.539550702288295 ], [ -91.411434356398871, 27.335474336573093 ] ], [ [ -91.90750172479855, 28.030929438214706 ], [ -91.895103114036843, 28.030679432465153 ], [ -91.896681133040943, 28.129259458957947 ], [ -91.905142607927289, 28.122130374732727 ], [ -91.90750172479855, 28.030929438214706 ] ], [ [ -86.728100629554547, 22.395165844590071 ], [ -86.13957463170091, 22.360734300595006 ], [ -86.010208612239126, 22.764488471955069 ], [ -86.185254450841867, 23.081597845553226 ], [ -86.354797574116503, 23.14655110030704 ], [ -86.58023978738818, 23.04983345867679 ], [ -86.728100629554547, 22.395165844590071 ] ], [ [ -99.52634331508591, 23.342438374127997 ], [ -99.387339893701238, 23.407852316455983 ], [ -99.391368324418153, 23.521948515473731 ], [ -99.510606967071496, 23.59465998240487 ], [ -99.622608172641364, 23.46920762782991 ], [ -99.52634331508591, 23.342438374127997 ] ], [ [ -80.556111616706232, 22.86961139031083 ], [ -80.263566763688431, 22.941508276479858 ], [ -80.176791463103029, 23.125651360181987 ], [ -80.268673746807366, 23.193071332212963 ], [ -80.535245773059387, 23.106294056543906 ], [ -80.603674831926924, 22.975285960772176 ], [ -80.556111616706232, 22.86961139031083 ] ], [ [ -90.022177116859652, 24.059060118745457 ], [ -89.954566574912832, 24.072316146782462 ], [ -89.969076129688005, 24.134053621430716 ], [ -90.036718984455391, 24.120789819794272 ], [ -90.022177116859652, 24.059060118745457 ] ], [ [ -89.872230744961797, 24.053954683051124 ], [ -89.854592139555209, 24.068883803510857 ], [ -89.870944324462073, 24.084990449192361 ], [ -89.888583404175776, 24.070058372218831 ], [ -89.872230744961797, 24.053954683051124 ] ], [ [ -99.765335800847851, 24.385954242504525 ], [ -99.728201022295821, 24.51693931058789 ], [ -99.771088141342318, 24.534768614084516 ], [ -99.812490457130977, 24.51423972587537 ], [ -99.765335800847851, 24.385954242504525 ] ], [ [ -90.761137084238499, 24.40188239407631 ], [ -90.641670362087339, 24.45966956912768 ], [ -90.705159203113496, 24.568453283362381 ], [ -90.823155241519032, 24.556268788763298 ], [ -90.761137084238499, 24.40188239407631 ] ], [ [ -81.004502803172414, 24.198513599007011 ], [ -80.954696987657627, 24.193798581449027 ], [ -80.933739410406872, 24.200993027159157 ], [ -81.001406219949658, 24.225771332547247 ], [ -81.004502803172414, 24.198513599007011 ] ], [ [ -78.931437222218122, 24.254590995778024 ], [ -78.909167622295072, 24.270569861534177 ], [ -78.92669700334838, 24.29087327873426 ], [ -78.948968342838072, 24.274891041886086 ], [ -78.931437222218122, 24.254590995778024 ] ], [ [ -100.247843527918789, 25.111473737970403 ], [ -100.128819464290189, 25.235058769410404 ], [ -100.259373948674337, 25.380469148159605 ], [ -100.37199100163329, 25.317963382908093 ], [ -100.247843527918789, 25.111473737970403 ] ], [ [ -100.488844947974727, 25.4202469659568 ], [ -100.420463066865295, 25.499075068213358 ], [ -100.519442170806514, 25.537526561552887 ], [ -100.56406480358342, 25.493821244176125 ], [ -100.488844947974727, 25.4202469659568 ] ], [ [ -80.391634315075621, 25.120664886055238 ], [ -80.366002922256399, 25.156746926623214 ], [ -80.426515509040996, 25.185641433827385 ], [ -80.429222813093986, 25.162933972791869 ], [ -80.391634315075621, 25.120664886055238 ] ], [ [ -87.866478069633928, 26.278114184991207 ], [ -87.845060361237188, 26.295392569013316 ], [ -87.885753133251654, 26.2973142030364 ], [ -87.866478069633928, 26.278114184991207 ] ], [ [ -92.162487721712836, 28.917366312358887 ], [ -91.831080048612606, 28.964269934819335 ], [ -92.0748542492627, 29.303540840949331 ], [ -92.224595438807313, 29.245235917943212 ], [ -92.176205971680133, 29.0848808183881 ], [ -92.230460706661717, 28.994712117700562 ], [ -92.162487721712836, 28.917366312358887 ] ], [ [ -91.383900732561656, 29.687134176469399 ], [ -91.02113351520336, 29.811279621045863 ], [ -90.977494004263832, 30.197100590008841 ], [ -91.051418374359855, 30.471961934168544 ], [ -91.462295226307148, 30.845482071655731 ], [ -92.029073805428709, 31.122511148206208 ], [ -92.180077100997195, 31.109827542455282 ], [ -92.245538778555186, 30.944702184370882 ], [ -92.854789942723585, 30.943846455572636 ], [ -93.352444601717465, 30.740183543142699 ], [ -93.4599902392209, 30.604907149652782 ], [ -93.672012177176327, 30.538644949384885 ], [ -93.655291247859793, 30.432106650361298 ], [ -93.523459244696369, 30.430923882757526 ], [ -93.471511992608839, 30.370399935484627 ], [ -93.681822033493319, 30.417780436529267 ], [ -93.759909717704502, 30.512992811924697 ], [ -93.928202941084407, 30.40419158469712 ], [ -93.815336245373899, 30.251477744426129 ], [ -93.7100318615107, 30.250647528406397 ], [ -93.682682778720647, 30.341386343623356 ], [ -93.209219646527657, 30.287580048895197 ], [ -92.97531068035876, 30.106403382317399 ], [ -92.843017054066593, 30.150137297931373 ], [ -92.369623761021018, 30.142908820638386 ], [ -92.050721959459565, 30.270088636186831 ], [ -91.383900732561656, 29.687134176469399 ] ], [ [ -92.534069891784469, 30.229295318465329 ], [ -92.525802127894266, 30.221886825058917 ], [ -92.52143774935044, 30.229096450720252 ], [ -92.525571568370211, 30.232801271085762 ], [ -92.534069891784469, 30.229295318465329 ] ], [ [ -92.661634776843755, 30.011025996563088 ], [ -92.643460798382677, 30.026226082247792 ], [ -92.661018334502842, 30.041962325422148 ], [ -92.679192551885905, 30.026759794573724 ], [ -92.661634776843755, 30.011025996563088 ] ], [ [ -92.660728146867797, 30.056519306789284 ], [ -92.642547004372304, 30.071718199948855 ], [ -92.66011122640505, 30.08745341517151 ], [ -92.678292608100492, 30.072252080951444 ], [ -92.660728146867797, 30.056519306789284 ] ], [ [ -92.608169252065764, 30.055725466674907 ], [ -92.589981426482893, 30.070918277238619 ], [ -92.607538476290344, 30.08665940459403 ], [ -92.625726546441996, 30.07146415296431 ], [ -92.608169252065764, 30.055725466674907 ] ], [ [ -92.607241541208353, 30.101215256170143 ], [ -92.589046540856813, 30.116406862431148 ], [ -92.606610276010841, 30.132146953626439 ], [ -92.62480552121589, 30.116952910403953 ], [ -92.607241541208353, 30.101215256170143 ] ], [ [ -94.078603181215712, 30.253244157536017 ], [ -94.060576445118315, 30.268601920210525 ], [ -94.078359768971765, 30.284172335565636 ], [ -94.096386599618398, 30.268812148369548 ], [ -94.078603181215712, 30.253244157536017 ] ], [ [ -94.025949174577633, 30.252926204243145 ], [ -93.955255022048703, 30.267936265598401 ], [ -93.954849048931493, 30.313416162461493 ], [ -94.025313198907384, 30.329333188388169 ], [ -94.025949174577633, 30.252926204243145 ] ], [ [ -95.353348703807313, 33.888540278901303 ], [ -94.954425195969094, 33.896585614274812 ], [ -94.899892053021063, 34.099520373747197 ], [ -94.949966849047541, 34.144629359508137 ], [ -94.735850239953663, 34.392289514631145 ], [ -94.790189964428848, 34.527489696851944 ], [ -95.08206593764595, 34.520398494595895 ], [ -95.163884484779103, 34.407737292900279 ], [ -95.246082861892702, 34.542750358515157 ], [ -95.465076067371911, 34.620844150263359 ], [ -95.838546747575862, 34.525486921858217 ], [ -95.869021536706214, 34.367677444438876 ], [ -95.973618995086554, 34.344562587491723 ], [ -95.917020183833671, 34.09698278637137 ], [ -95.353348703807313, 33.888540278901303 ] ], [ [ -75.159980279852647, 33.036814770681588 ], [ -74.956594877975618, 33.156459164819623 ], [ -74.958988533907572, 33.400741217543171 ], [ -75.143285955239094, 33.286528627603978 ], [ -75.138743286961599, 33.361788754127915 ], [ -75.211719515535677, 33.363459149572506 ], [ -75.30177343200225, 33.267626864173394 ], [ -75.271271572388144, 33.179839122045635 ], [ -75.202687246764043, 33.209789138025016 ], [ -75.159980279852647, 33.036814770681588 ] ], [ [ -95.191363653624265, 34.512201223281771 ], [ -95.17280539746983, 34.527532716305579 ], [ -95.191416125330989, 34.542823013738236 ], [ -95.209974360330364, 34.527489487259459 ], [ -95.191363653624265, 34.512201223281771 ] ], [ [ -94.042466291787235, 34.652255630335922 ], [ -93.933101960902519, 34.643931085094515 ], [ -93.858936949534041, 34.72625448294842 ], [ -94.170118182970128, 34.705610642955236 ], [ -94.042466291787235, 34.652255630335922 ] ], [ [ -75.036741015752739, 33.425001107207514 ], [ -74.956437810674785, 33.415039315889544 ], [ -74.92753973478645, 33.472643915900008 ], [ -75.023390680991753, 33.500064341425571 ], [ -75.036741015752739, 33.425001107207514 ] ], [ [ -94.261246569012798, 34.668235888818984 ], [ -94.187800211514173, 34.683194209030738 ], [ -94.187636222928418, 34.705697868320215 ], [ -94.26089450019866, 34.721345101289685 ], [ -94.261246569012798, 34.668235888818984 ] ], [ [ -94.480017613465691, 34.699227913920652 ], [ -93.904232214720466, 34.797661983771754 ], [ -93.767965113418114, 34.732800967050622 ], [ -93.3292427017509, 34.773944353042843 ], [ -92.887211710184886, 34.971326670891926 ], [ -92.754871626541458, 35.164714373437526 ], [ -92.580045816708505, 35.214390587543861 ], [ -92.317444783391608, 35.450251020984396 ], [ -92.13519837849995, 35.738973385890695 ], [ -91.909177419112964, 35.914350637352186 ], [ -90.456967151857924, 36.672256359783773 ], [ -90.1488941045545, 36.902450445261763 ], [ -89.604005977185778, 37.562726666132875 ], [ -89.35369039120701, 37.510052460375348 ], [ -89.275316643197044, 37.567192722384419 ], [ -89.270568234218587, 37.656184149724311 ], [ -89.37946150011733, 37.726632843143427 ], [ -89.263430841330106, 37.789609352327105 ], [ -89.255081388367302, 37.945177223555184 ], [ -88.832511939987896, 38.41975209691924 ], [ -88.187075721503362, 38.906025340694782 ], [ -87.909935802519314, 39.492806235056378 ], [ -87.897950002925199, 39.669136363612438 ], [ -88.049253324115952, 39.844761592915106 ], [ -88.336266471661688, 39.995257951051997 ], [ -88.385287479607229, 40.129369197858416 ], [ -88.306468726676869, 40.456710949213921 ], [ -88.362746047293356, 40.480817375116594 ], [ -88.179476818250208, 40.627834184083952 ], [ -88.167819243398213, 40.803170318603051 ], [ -88.290825154192689, 40.998348719545127 ], [ -88.8365978832243, 41.105623147671139 ], [ -88.834896149072051, 41.287861529208563 ], [ -88.534360791893974, 41.430591792349169 ], [ -88.521827031161649, 41.626998370418839 ], [ -88.328083566129465, 41.903960616457482 ], [ -88.313642639093047, 42.121572864663733 ], [ -88.37084927986055, 42.145456536324161 ], [ -88.310746954981965, 42.165062153943126 ], [ -88.297685303626295, 42.360625997400618 ], [ -88.175689334716708, 42.421426712051868 ], [ -88.165303265615478, 42.573312716602267 ], [ -88.076079837601199, 42.44642139166637 ], [ -87.877019593765482, 42.475362720598426 ], [ -87.80096802312795, 42.646382270734165 ], [ -87.429053327192037, 42.935569871845935 ], [ -87.099119534269164, 43.355315451964017 ], [ -87.071324054140661, 43.70012347024597 ], [ -86.825174445602386, 44.142556239405685 ], [ -86.832466338632855, 44.336605228646313 ], [ -86.657884874060642, 44.501009453250788 ], [ -86.639441407673104, 45.250395857015995 ], [ -86.751235111706166, 45.362062203036828 ], [ -86.675766643085069, 45.529599487936942 ], [ -86.909381670186733, 45.532692660451346 ], [ -87.204543923989533, 45.764740450162847 ], [ -87.578973555700458, 46.374144073882569 ], [ -87.529768866188604, 46.605199840021349 ], [ -87.17040870536249, 46.908280040949052 ], [ -87.212907502808335, 47.078709063054717 ], [ -87.141816943333424, 47.244450215213959 ], [ -86.881612750380839, 47.381342104563686 ], [ -86.91824304598147, 47.613957771389444 ], [ -86.792326988152197, 47.573576195609895 ], [ -86.464951506288443, 47.745469839431657 ], [ -85.531161110990951, 47.724688166111775 ], [ -85.321628114025714, 47.641226135138211 ], [ -85.282463735957748, 47.716187429591933 ], [ -85.1295416379822, 47.687745212776875 ], [ -85.091699926624784, 47.748863264746639 ], [ -84.821652256196955, 47.65138395792934 ], [ -84.657136497717403, 47.726994981925095 ], [ -84.258729104943015, 47.664092450893264 ], [ -83.735034146459526, 47.775754792106326 ], [ -83.960110693890769, 47.893151108436392 ], [ -83.895408459294444, 47.910575800987104 ], [ -83.916303390887606, 47.995589404395041 ], [ -84.226374749414759, 48.284415177646395 ], [ -84.099003687228844, 48.298530069118812 ], [ -84.078887322997744, 48.422805559052243 ], [ -84.306772881663505, 48.62262024557927 ], [ -84.106134022084007, 48.757874154931692 ], [ -84.202253196572144, 49.095563633638335 ], [ -84.501913431621475, 49.332407751668718 ], [ -84.722686800544878, 49.346764501469501 ], [ -85.518318186071383, 49.677155934544537 ], [ -85.394225332028569, 49.692127739291735 ], [ -85.439763476762977, 49.859140876005981 ], [ -85.560303157842753, 49.926370794688083 ], [ -85.549193464881995, 50.028754154966421 ], [ -85.663454115245713, 50.157163367813382 ], [ -85.843342575463623, 50.226629776044831 ], [ -85.721267723000452, 50.467356467493445 ], [ -85.740891632184997, 50.631918198925739 ], [ -85.516930423601806, 50.908006911622351 ], [ -85.528846762411064, 51.091918965251864 ], [ -85.734038561366631, 51.243215034925811 ], [ -85.791346767578801, 51.563837484361798 ], [ -85.87992785582604, 51.648562354230762 ], [ -85.953558716985313, 51.570636179816233 ], [ -86.01953511675498, 51.660828948986691 ], [ -86.14522903595568, 52.224455946032251 ], [ -86.281627428329301, 52.276535448177285 ], [ -86.714704762254172, 52.767906470250139 ], [ -87.062658869749825, 52.946694414323382 ], [ -87.031500290127667, 53.105099943377084 ], [ -87.29326228389472, 53.313146399526161 ], [ -87.149911641033199, 53.506763814840532 ], [ -87.775264858730509, 53.849575773244858 ], [ -88.447813914413373, 53.943150741949083 ], [ -88.628792072617927, 54.060178580291655 ], [ -88.758341078673084, 54.188098714451598 ], [ -88.785887978509294, 54.385275153458821 ], [ -89.005330421402348, 54.547834993087086 ], [ -89.300800883124623, 54.978629305356172 ], [ -89.155607184026294, 55.175887729770544 ], [ -89.300894464548648, 55.334736443225481 ], [ -89.996154651684776, 55.772685852340999 ], [ -90.614535154221642, 55.941909922104905 ], [ -91.012888794966997, 56.428315026037161 ], [ -92.106346610955654, 57.065758725864768 ], [ -93.772617744645927, 57.085589882539125 ], [ -92.711177404205387, 56.450049895246778 ], [ -92.250835618070951, 55.989095196772013 ], [ -92.077251728291003, 55.944754409107638 ], [ -91.89862476171696, 55.692047633487654 ], [ -91.34732762582729, 55.477507127926231 ], [ -91.186325937185273, 55.281233112347223 ], [ -90.719040237982142, 55.108192997843936 ], [ -90.154289396265867, 54.78947390429672 ], [ -90.068563284095362, 54.645722691068194 ], [ -89.686039238184918, 54.505564789119617 ], [ -89.116954413768838, 53.811256159120802 ], [ -87.909746628819718, 53.313394599859436 ], [ -87.793398146554523, 53.051046305317954 ], [ -87.676186297143914, 53.027336405417884 ], [ -87.604952615597398, 52.78948785156831 ], [ -87.294253603970816, 52.578899364388725 ], [ -87.213632797171044, 52.37152808950993 ], [ -87.508425997821021, 51.230689874013891 ], [ -87.641297048802528, 51.194624380246864 ], [ -87.73024164921938, 50.912808199871918 ], [ -87.509028013341975, 50.929656920833736 ], [ -87.484136610967397, 50.845227944849057 ], [ -87.255331319317136, 50.733033476244472 ], [ -87.43409328878829, 50.41235132250614 ], [ -87.395886420035978, 50.16500050895467 ], [ -87.260846814979331, 49.954653783173448 ], [ -87.377143717134828, 49.794271653709188 ], [ -86.73061423406115, 49.613070053185858 ], [ -86.366669686145741, 49.362798139155032 ], [ -86.286029715375548, 49.214538924914407 ], [ -86.304283326804153, 49.02873953810272 ], [ -86.559093220707268, 48.744387395409646 ], [ -86.702718160742066, 48.692004204448004 ], [ -86.660216556776234, 48.607030899615197 ], [ -87.34145049290359, 48.174931960986555 ], [ -87.62835233787149, 47.934645352626148 ], [ -87.779443035603265, 47.684502168633998 ], [ -87.965761274958041, 47.611390927731108 ], [ -87.890406077544185, 47.419731143998092 ], [ -87.741546207810671, 47.351315332437416 ], [ -87.584805287937627, 47.113994239578133 ], [ -87.633667851097073, 46.926032444304958 ], [ -88.358644438522361, 46.569996920275592 ], [ -88.543036663424814, 46.662116093087072 ], [ -88.349613724697491, 46.782476456345059 ], [ -88.706570537865559, 46.794152658201156 ], [ -88.843666356818844, 46.587153871696586 ], [ -89.005726676374607, 46.507534649194262 ], [ -88.922112663301576, 46.422416017814633 ], [ -88.707395389316204, 46.41777611785318 ], [ -88.54538175158666, 46.539533124663762 ], [ -88.60815459961826, 46.431513825393353 ], [ -88.425721175794649, 46.404316739955576 ], [ -88.233883274314238, 46.168820243626634 ], [ -87.899467068285901, 46.133614824550371 ], [ -87.754279212793662, 45.871145018797847 ], [ -87.729738994706153, 45.555040385282936 ], [ -87.411283732589467, 45.348605630247846 ], [ -87.24566187180973, 44.869202420706429 ], [ -87.345862911974947, 44.57293585965575 ], [ -87.289191638477547, 44.527692446322703 ], [ -87.47440620171605, 44.470674239578912 ], [ -87.58225973102671, 44.281429285869756 ], [ -87.52730069331659, 44.214710873403476 ], [ -87.748321178779605, 44.029515962015523 ], [ -87.927687064557603, 44.118184026150928 ], [ -88.17440378999342, 44.021734766613349 ], [ -88.304444865008563, 43.873363987354978 ], [ -88.766258374585647, 44.1362642886061 ], [ -89.144377460917468, 43.733182446485472 ], [ -89.377791351922923, 43.308199580506347 ], [ -89.311397344733152, 42.981300438660291 ], [ -89.48243652495745, 42.747830703369871 ], [ -89.508942993718534, 42.553111711444046 ], [ -89.218769212954555, 42.570305359329851 ], [ -89.09065172631054, 42.740041366499 ], [ -88.803696937500789, 42.552443335288949 ], [ -88.934385772541319, 42.295721159166824 ], [ -88.95305818521463, 42.034859494744047 ], [ -89.355997981623801, 41.654887527785249 ], [ -89.307421261434357, 41.478468638096537 ], [ -89.525572871131956, 41.222559662595756 ], [ -89.581582317464324, 40.917364622910277 ], [ -89.532306098720582, 40.498560591818062 ], [ -89.424749447806164, 40.455644582629759 ], [ -89.216617995757687, 40.558952200898887 ], [ -89.045426542552264, 40.416963337200876 ], [ -89.179203290054446, 40.196870064104473 ], [ -89.469269502114557, 40.056349430042566 ], [ -89.415335709003671, 39.98852956998099 ], [ -89.478639873954734, 39.880260812056818 ], [ -89.367438885552161, 39.810562117130523 ], [ -89.276963151537018, 39.365839829805068 ], [ -88.897842566195521, 38.998861006963665 ], [ -89.015417429163591, 38.93646515389073 ], [ -89.153498511976309, 38.604075174590299 ], [ -89.513585160658096, 38.176059969794977 ], [ -90.27736386491037, 37.595576541473633 ], [ -90.779155435327411, 36.919317692714728 ], [ -91.09591031703286, 36.658710177860819 ], [ -91.946996613594408, 36.226491407250535 ], [ -93.05784957442556, 36.195978918643405 ], [ -93.194266072188114, 36.000378617624051 ], [ -92.731381550044347, 35.613528804065261 ], [ -92.765375177811251, 35.434416632499428 ], [ -93.571532594274743, 35.104092018684845 ], [ -94.176399464991803, 35.040770101516785 ], [ -95.440636349249374, 35.357530342875769 ], [ -96.32681696737599, 35.778454166136974 ], [ -96.725287023961315, 36.158037900413852 ], [ -97.15677413692481, 36.376925809982467 ], [ -97.398985828241948, 36.773940203879356 ], [ -97.723679588272802, 37.039284656835392 ], [ -97.81754858493747, 37.260896014492317 ], [ -97.470728047201646, 38.023397637293435 ], [ -97.518652633512602, 38.200499705072978 ], [ -97.272814614947293, 38.470337811568548 ], [ -97.174200209757117, 38.959216212717671 ], [ -96.903558292213091, 39.448873935994946 ], [ -96.392936735593324, 40.730609569201427 ], [ -96.571364884288172, 41.036106128837737 ], [ -96.457071238107559, 41.16847244256958 ], [ -96.517182089918819, 41.29928617482863 ], [ -96.434901485702696, 41.453032444221392 ], [ -96.521757765373593, 41.605267295446779 ], [ -96.358432363380658, 42.56484871533992 ], [ -96.130911829059286, 42.9568360086352 ], [ -95.975050494104522, 43.563205294898545 ], [ -95.717255706718291, 43.882028193489404 ], [ -95.377292361157316, 44.060958309327191 ], [ -95.182229446952832, 44.34064933327975 ], [ -95.124563892110515, 45.410356425222673 ], [ -95.002128860640724, 46.005861322786544 ], [ -94.822499075750699, 46.217812202899836 ], [ -94.883527813312938, 46.387239406896526 ], [ -94.791219527323051, 46.514055959784123 ], [ -94.852318304643745, 46.725324277039313 ], [ -94.703059414843651, 47.18860286218522 ], [ -94.726877795534449, 47.503645251703439 ], [ -94.55623814413832, 47.691960761500198 ], [ -94.813390446265672, 47.709114765864015 ], [ -94.906998106183593, 47.457658090415514 ], [ -95.279384893360969, 47.45958360189821 ], [ -95.439470424483787, 47.838473432868184 ], [ -95.623578232631104, 47.875632114452472 ], [ -96.054909476192933, 47.433920070085421 ], [ -96.274983362518725, 47.64233006581469 ], [ -96.391127173669105, 47.645751225289757 ], [ -96.473571319038513, 48.000805975759775 ], [ -96.380878709735356, 48.064109369082715 ], [ -96.564502794143436, 48.20466511023853 ], [ -96.780250788673868, 48.038028079309271 ], [ -97.316419133230326, 48.241282434065852 ], [ -97.43427188255086, 48.20028675666812 ], [ -97.498938465770067, 48.049238793230998 ], [ -97.936109717856581, 48.043379706985576 ], [ -98.134172011032803, 48.169841987983773 ], [ -98.139966362943056, 48.336546418276562 ], [ -98.265262985169443, 48.334578442128617 ], [ -98.318316824259924, 48.583482198930398 ], [ -98.195051931989198, 48.793156596445904 ], [ -98.279306729097996, 48.891403169338943 ], [ -98.664831331609918, 49.063116013312467 ], [ -99.136033496946851, 49.002446014204658 ], [ -98.766403543487897, 49.073714866533365 ], [ -99.085993011761843, 49.150444702592814 ], [ -99.154046557658361, 49.252502230828377 ], [ -99.054116067686579, 49.283413687878621 ], [ -99.308534307262875, 49.303092827920622 ], [ -99.378655198898301, 49.26855939853715 ], [ -99.390525433222862, 49.082117287935453 ], [ -99.910866080519696, 48.734420016380632 ], [ -99.933158104431598, 48.567594193116157 ], [ -100.107309873346935, 48.313418499073194 ], [ -100.295280876255802, 48.311400266679399 ], [ -100.395993799734498, 48.422683763330198 ], [ -101.242678742141806, 48.409659388262412 ], [ -101.623090744900679, 48.544863930425173 ], [ -101.739321642987818, 48.082170977082725 ], [ -101.540337007463393, 47.795771646507667 ], [ -101.895632474470446, 47.132670356373872 ], [ -102.310836471821119, 46.862655346487713 ], [ -102.584270997301573, 46.808021541443814 ], [ -102.693347065085362, 46.634698151491634 ], [ -102.781439702438405, 46.656625259403668 ], [ -102.632445995918744, 46.493151174284655 ], [ -102.841565706419246, 46.272967722818208 ], [ -102.857464293832251, 46.06002945894425 ], [ -102.995625527236967, 45.884315781787848 ], [ -103.188062275729436, 45.812457226045908 ], [ -103.487523245344931, 45.541699783845935 ], [ -103.695800877819352, 45.487624764979898 ], [ -103.767344843362025, 45.3391613702942 ], [ -103.954620691973446, 45.326269890991057 ], [ -104.054726646208451, 45.419874144593578 ], [ -104.407224693748759, 44.983611453840552 ], [ -104.639814980306141, 44.886275418838444 ], [ -105.154145362755926, 44.883220078502276 ], [ -105.243397638343367, 45.094979485747658 ], [ -105.366828534308183, 45.169731833830497 ], [ -105.541153758227551, 45.098116959032893 ], [ -105.6830173739896, 45.28084150645175 ], [ -105.92477305049033, 45.267255204673674 ], [ -106.117962043065603, 45.35889877565171 ], [ -106.292570699879434, 45.290952028249755 ], [ -106.432236946253454, 45.4403165243817 ], [ -107.097178709417548, 45.156259639152751 ], [ -107.276159089186223, 45.318448270527981 ], [ -107.29263674083478, 45.44582623327868 ], [ -107.490851269069893, 45.561419346366378 ], [ -107.386421265641019, 45.743331618521751 ], [ -107.31468678457405, 45.662483552684037 ], [ -107.265069881446735, 45.704078788937359 ], [ -107.112969602976293, 45.948312554042694 ], [ -107.137537956464982, 46.138475733360799 ], [ -107.034293975755389, 46.31501438833461 ], [ -107.109342200914455, 46.395383385511359 ], [ -107.067318518524928, 46.546579712027295 ], [ -107.620182621515767, 46.573406915056651 ], [ -107.782673254560393, 46.692317214403346 ], [ -107.890240519223184, 46.939534436590399 ], [ -108.067570269946586, 47.09714448914535 ], [ -108.188399827030608, 47.721854244428457 ], [ -108.3027055589707, 47.84048429850062 ], [ -108.661455866689948, 47.900531273539542 ], [ -108.636262091889975, 48.007248740315887 ], [ -108.519773575106839, 48.036067402855785 ], [ -108.519786508485382, 48.203836730135791 ], [ -108.99284576976595, 48.29328607213322 ], [ -109.002267246807719, 48.192042253180276 ], [ -109.095859777401586, 48.146964210514739 ], [ -109.224957688667473, 48.168139817001489 ], [ -109.751836113308045, 47.927919592016202 ], [ -109.992397458999534, 48.016118439734612 ], [ -109.982365735499087, 48.163866337642673 ], [ -109.586105096723117, 48.455745329297038 ], [ -109.207242411135695, 48.454279082111888 ], [ -109.283864784854259, 48.36100105215727 ], [ -109.187578707854101, 48.330049404692218 ], [ -108.757548553559005, 48.401468697581358 ], [ -108.507301162939626, 48.789974206434565 ], [ -108.526146564790793, 49.080279520310881 ], [ -108.607246387191097, 49.070785234450028 ], [ -108.622652004393061, 49.157101343960235 ], [ -108.520491985354354, 49.126397189105177 ], [ -108.507277151755119, 49.206232038739842 ], [ -108.632617055138468, 49.235400762724893 ], [ -108.578696035881066, 49.284630139317862 ], [ -108.646611228947037, 49.325835346688962 ], [ -108.837285091344839, 49.323276648080906 ], [ -108.926704969117694, 49.261517496756014 ], [ -108.821531929132107, 49.222866627708264 ], [ -108.997348944640962, 49.127886892286348 ], [ -108.988044997999395, 49.269843859968958 ], [ -109.158036889987628, 49.337204217110113 ], [ -110.004150892895353, 49.43964968137572 ], [ -110.414133030729317, 49.410991620522445 ], [ -110.661554842194491, 49.718839423614966 ], [ -110.553499085985493, 49.836625976035762 ], [ -109.899070111582049, 50.022600388318168 ], [ -110.030278216770512, 50.075177766496779 ], [ -109.914422511278389, 50.186526876399327 ], [ -110.142880918816758, 50.314469216913487 ], [ -109.992455744336269, 50.654035792653318 ], [ -109.559724153505698, 50.868448331008054 ], [ -109.099065826734247, 51.389068405733447 ], [ -109.299744387962093, 51.903953374192795 ], [ -109.407260403428197, 51.994093340421259 ], [ -109.508452546706536, 51.971229233056192 ], [ -109.598697857021961, 52.409639800948931 ], [ -109.442017559010822, 52.621182930082774 ], [ -109.505293236829928, 52.741647976756695 ], [ -109.003411501501986, 53.102189560196344 ], [ -108.823292613941121, 53.061339444049949 ], [ -108.782966662967027, 52.98058161433076 ], [ -108.348932764597919, 53.050010824539548 ], [ -108.415980951427457, 53.173913451599105 ], [ -109.016147407192307, 53.348988993904818 ], [ -109.049856065754639, 53.446547133334349 ], [ -109.644951018197489, 53.866243295389836 ], [ -109.669943740694492, 53.983570790548917 ], [ -109.485640032814331, 54.117954931974353 ], [ -109.005899467077455, 54.266079114382386 ], [ -108.855536523947421, 54.448568898934809 ], [ -109.268569360449376, 54.596751871123821 ], [ -109.314314849101379, 54.735395415027554 ], [ -109.691685191604606, 55.041299504548945 ], [ -109.991525929630683, 55.178840443070094 ], [ -110.41466186791493, 55.241495473637855 ], [ -110.714936355972554, 55.487017033777306 ], [ -110.750558448315587, 55.776249634570519 ], [ -110.657928979769281, 55.918000383215229 ], [ -110.097941127648568, 56.204876729206816 ], [ -109.981066385229809, 56.348915899707563 ], [ -109.687445200128153, 56.445635568204828 ], [ -109.610742861934966, 56.657522902721176 ], [ -112.330290705355935, 56.480197787272068 ], [ -112.40550731592711, 56.204731594325544 ], [ -112.528873357159668, 56.137822825315176 ], [ -112.646317260566065, 55.916138488094177 ], [ -112.584153624362102, 55.64861348837772 ], [ -112.406084158467081, 55.859126952569042 ], [ -112.087743759424967, 55.723500424977701 ], [ -112.002660689764369, 55.651771316197937 ], [ -112.03196459833552, 55.474383258991111 ], [ -111.190152445386047, 55.04487868377133 ], [ -110.882763289161161, 54.712675228402851 ], [ -110.693912055456025, 54.646784750951568 ], [ -110.707814738599339, 54.567122869558844 ], [ -110.528836879266905, 54.500351913191651 ], [ -111.000688479056578, 54.264594967395688 ], [ -111.247396051512879, 54.035929791836821 ], [ -111.224713613029138, 53.89867217106427 ], [ -111.061978612707691, 53.751218241558469 ], [ -111.228478027716079, 53.420639967293269 ], [ -111.526207014478686, 53.239190379406352 ], [ -111.510725647636633, 53.100178796460753 ], [ -111.276750117789859, 52.856506881653189 ], [ -111.391951529358721, 52.7676926664913 ], [ -111.310613520022287, 52.693206308066202 ], [ -111.417961981393972, 52.678874079524718 ], [ -111.435370503071852, 52.600269571142888 ], [ -111.578121412961778, 52.6500852017314 ], [ -111.614677871864799, 52.50306640406825 ], [ -111.843116252407853, 52.324273547867747 ], [ -112.043206631649937, 52.332356364541603 ], [ -112.123919239861934, 52.268679534220084 ], [ -112.09505345049601, 52.129231923586673 ], [ -111.549739828404739, 51.849871277470456 ], [ -110.965061734575272, 51.88552517634993 ], [ -110.779688228844861, 51.802125887558205 ], [ -110.406771278144831, 51.381385844268507 ], [ -110.459173951459988, 51.132752880990651 ], [ -110.407216730500622, 51.054723084111188 ], [ -110.250819951347736, 51.031535312178107 ], [ -110.236250823711728, 51.1314952954272 ], [ -110.091155795750865, 51.077158704019183 ], [ -110.079372538085664, 50.996204040309081 ], [ -110.635291926043067, 50.525583937458052 ], [ -110.568600033233665, 50.468802187812116 ], [ -110.68057048501899, 50.419401635550528 ], [ -110.722253382578572, 50.251543092547294 ], [ -110.819461415590439, 50.120514523420809 ], [ -111.043210035660024, 49.958950364671239 ], [ -110.972379078027231, 49.90232094793118 ], [ -111.070261387462651, 49.681130470116834 ], [ -111.235666206001142, 49.591989744661554 ], [ -111.262013346789246, 49.334008031307164 ], [ -111.533500989417433, 49.250064031535494 ], [ -111.54626819120756, 49.148235928102125 ], [ -111.714590229389032, 49.054595068424995 ], [ -111.417966893466968, 48.828013036382963 ], [ -111.068065250728026, 48.795301214769097 ], [ -110.805642723362126, 48.924538971213146 ], [ -110.820330977541886, 49.006838381536298 ], [ -110.474306031572013, 49.088980112574887 ], [ -110.923859386775305, 49.200529686201044 ], [ -110.623323883125806, 49.33078416751966 ], [ -110.434110481789105, 49.161119008955879 ], [ -110.034113897780685, 49.241649877629932 ], [ -109.458531844070833, 49.226699820888101 ], [ -109.313439064609639, 49.117025522256306 ], [ -109.28907077078722, 48.987162967238255 ], [ -109.394006779213385, 48.830607682877144 ], [ -109.783464509935953, 48.695169445033244 ], [ -110.163002046153338, 48.443949128266354 ], [ -110.627589987471197, 47.967908362156145 ], [ -111.101557523293508, 47.749857909766888 ], [ -111.470189363183678, 47.70769742869394 ], [ -111.690694488791536, 47.54278207788547 ], [ -112.191321468175914, 47.54146854720063 ], [ -112.561059128432532, 47.808410110449223 ], [ -112.442561986012649, 48.008436813554944 ], [ -112.506616627330359, 48.150231774102139 ], [ -112.726822534826255, 48.173111649213467 ], [ -113.255467223520128, 48.420455234070367 ], [ -113.292683634463899, 48.626971397589863 ], [ -113.111234437495824, 48.957150640273781 ], [ -113.291702769257867, 48.955360945576302 ], [ -113.486590454638531, 49.125969541004082 ], [ -113.721523918121363, 49.132304297111219 ], [ -113.753965734685124, 49.233728494064302 ], [ -114.005398998684029, 49.311702462648924 ], [ -114.133191907226816, 49.490831186327583 ], [ -114.466441361213967, 49.647185192285477 ], [ -114.486308713017422, 49.853166025279009 ], [ -114.645631206515702, 49.962787226233814 ], [ -114.717334706664502, 50.198125442081746 ], [ -114.78126193875525, 50.115898168098667 ], [ -114.716362754165672, 49.956134793837556 ], [ -114.821258521509804, 49.805558353708356 ], [ -115.028569136711923, 50.006168340364503 ], [ -115.113864852674553, 49.956482821555035 ], [ -115.3984117160811, 50.068403462134611 ], [ -115.807655932448455, 49.888553344160748 ], [ -115.940659556813245, 50.024031235189291 ], [ -116.296085117488587, 50.168378296284189 ], [ -116.644300077430614, 50.136065967155901 ], [ -116.888220745027837, 49.820660959640193 ], [ -116.971398175380926, 49.894084773220072 ], [ -117.187574189559314, 49.812036916715257 ], [ -117.209002488209251, 49.580299322807001 ], [ -117.307220072808846, 49.566406404186871 ], [ -117.454251484044804, 49.365665550763183 ], [ -117.44021195427851, 49.0528366276912 ], [ -117.555693934822898, 48.830046035062139 ], [ -117.348480875668997, 48.894874377305356 ], [ -117.389947564916866, 48.764173769802142 ], [ -117.252301097800597, 48.610865076767645 ], [ -117.223416281617588, 48.361010653438527 ], [ -117.096607209543834, 48.21991559649048 ], [ -116.892968000737511, 48.185924521324097 ], [ -116.988902512291475, 48.168717671478184 ], [ -116.996512407790362, 48.026612296307455 ], [ -116.860644309540191, 48.032551609137528 ], [ -116.848561429381675, 48.112963861440427 ], [ -116.566222518973092, 47.992013219433758 ], [ -116.463457625005191, 48.105351186955794 ], [ -116.47010571908335, 47.956610343294955 ], [ -116.658936092644936, 47.872797218194236 ], [ -116.109976332602116, 47.549923258598731 ], [ -116.295584790588109, 47.402716067746113 ], [ -115.849664533590655, 47.237471299264477 ], [ -115.865408662874714, 47.147296876157469 ], [ -116.023505250461028, 47.197814962353391 ], [ -116.142789256308873, 47.014703301570066 ], [ -115.956574647538901, 47.013263749709061 ], [ -115.734178634550801, 46.866235303651031 ], [ -116.157763019453796, 46.515050253006748 ], [ -116.43843067022874, 46.427054001673348 ], [ -116.314014554600789, 46.383283551924556 ], [ -116.282173328159956, 46.24444058322198 ], [ -116.857352624245181, 46.184011583472518 ], [ -116.884988934945198, 45.947944813995399 ], [ -116.754617918667748, 45.898135083636646 ], [ -116.855584719984279, 45.82216507574762 ], [ -116.928108588262006, 45.957684352099122 ], [ -117.175989841147157, 45.914762986888043 ], [ -117.096805601574943, 45.755030986747016 ], [ -116.922063490295159, 45.799977111104702 ], [ -116.874606490321781, 45.728982630540791 ], [ -116.801700607785349, 45.813625332808826 ], [ -116.516760727283071, 45.752638161177984 ], [ -116.714857761750352, 45.705419532865953 ], [ -116.968028272342636, 45.291618492212208 ], [ -116.818700203455421, 45.355394264988512 ], [ -116.764498636870428, 45.253537639643852 ], [ -116.681697267504973, 45.302716399304117 ], [ -116.660517797726556, 45.088911088349718 ], [ -116.547704802758432, 44.97532068470278 ], [ -116.341141231161487, 45.009445049064496 ], [ -116.349267365664971, 45.167293393849398 ], [ -116.287774216647875, 45.18108338792247 ], [ -116.319972498583439, 45.062448931471529 ], [ -116.236621528976116, 44.963578456917205 ], [ -116.35698628819668, 44.755098866720886 ], [ -116.257712793295809, 44.657849935855694 ], [ -116.303072762601545, 44.587646698582759 ], [ -116.229527803055063, 44.530813929251856 ], [ -116.207622992105712, 44.316024430898167 ], [ -116.078756649202745, 44.39571356183945 ], [ -116.179605300345344, 44.536425760495661 ], [ -116.10236254826367, 44.898874230611824 ], [ -115.971601652631222, 44.689796046503631 ], [ -116.003415722245663, 44.599515077354624 ], [ -115.620575337501919, 44.381303118237064 ], [ -115.50152047227435, 44.155278416601931 ], [ -115.238669489601349, 44.162083715871162 ], [ -115.449381146281212, 44.052206470371196 ], [ -115.34723499202957, 43.93506183179354 ], [ -115.23786595773268, 43.990473469010105 ], [ -114.971865005721796, 43.873960066497744 ], [ -114.974888246809144, 44.125146436027748 ], [ -115.085640411950976, 44.265438703999401 ], [ -114.879309502621481, 44.306130666298856 ], [ -114.738558208457135, 44.258775710624164 ], [ -114.814864852512926, 44.163853757707656 ], [ -114.728756760023785, 44.172926050508487 ], [ -114.669929836542579, 44.023259480460432 ], [ -114.310090050469512, 44.189811709033208 ], [ -114.18982033427946, 43.989815158323637 ], [ -114.022166731534782, 44.006924887888744 ], [ -114.068832392997592, 43.936957826027552 ], [ -113.809315244783789, 43.811007376502857 ], [ -113.690716098947064, 43.804645370461401 ], [ -113.657068929729746, 43.943405765643661 ], [ -113.412283364087187, 43.925870854655713 ], [ -113.257702097413215, 43.745580987374296 ], [ -113.257012630509209, 44.062703846056117 ], [ -112.920795014139799, 43.877998693726802 ], [ -112.882680600164491, 43.9984047790104 ], [ -112.050539273934845, 44.088047088414427 ], [ -111.878045058419417, 43.79988780334368 ], [ -111.985754785559038, 43.699741340564863 ], [ -112.174582734712018, 43.747654580017361 ], [ -112.53206558600921, 43.587377573231166 ], [ -112.159660840638509, 43.339086051425149 ], [ -112.134364781803612, 43.079769155780752 ], [ -112.390405751103856, 42.837364849760348 ], [ -112.249568069582807, 42.8092442024044 ], [ -112.191335833073097, 42.659278625662942 ], [ -111.883535730690014, 42.644122497744448 ], [ -112.002902262450931, 42.742453403802486 ], [ -111.963672661900361, 42.879542608641628 ], [ -111.79627219626687, 42.652136323823441 ], [ -111.686026623690651, 42.647327304848361 ], [ -111.586198681242635, 42.780547469609694 ], [ -111.557399331201651, 42.608244553616487 ], [ -111.712555367911392, 42.62828807271903 ], [ -111.760373134649285, 42.383112386948497 ], [ -111.947781375528649, 42.61281521716954 ], [ -112.078904220483309, 42.5384734092844 ], [ -112.061963657674312, 42.430551824721142 ], [ -111.792596225951371, 42.236370245082483 ], [ -111.942098740887388, 41.93717128568948 ], [ -111.833280304417258, 41.661526945814437 ], [ -111.77570731935117, 41.591632953995642 ], [ -111.568433002248995, 41.598028884733139 ], [ -111.614061467229732, 41.503442379180029 ], [ -111.686110499061186, 41.583659580799008 ], [ -112.041043342526564, 41.420057181539633 ], [ -112.157091416658986, 40.991569999924366 ], [ -112.059613780294228, 40.713564323198334 ], [ -111.652925987287162, 40.48802478513052 ], [ -111.538916691734343, 40.563666495416534 ], [ -111.588966961167728, 40.632449647683046 ], [ -111.518237599766366, 40.897194149504401 ], [ -111.376585669363834, 41.020628645862487 ], [ -111.448691125852577, 42.291402967060364 ], [ -111.346070303136301, 42.388246301768298 ], [ -111.211899533858116, 42.292446189267622 ], [ -111.099138479724502, 42.38652660658164 ], [ -110.995340952308851, 42.264246581961487 ], [ -110.683672652076666, 42.134226467674928 ], [ -110.418832625932808, 42.685609228500013 ], [ -110.446693133016893, 42.87973623046372 ], [ -110.369915599782331, 42.975717706772407 ], [ -109.987424690880204, 42.874045760797792 ], [ -109.948946893821116, 42.75325502353251 ], [ -109.804568820268983, 42.84521366507515 ], [ -109.356274308334633, 42.559170830186758 ], [ -108.826154456555486, 42.370767184147674 ], [ -108.37975573888977, 42.350361478224706 ], [ -108.33213306995323, 42.436557493940676 ], [ -108.189972558455651, 42.444522786281823 ], [ -108.063571604111431, 42.645015962829881 ], [ -107.647796913452481, 42.638926597000051 ], [ -107.197013833918504, 42.34569317142126 ], [ -106.98812816229524, 42.574156276237552 ], [ -106.515506832103057, 42.582602049494383 ], [ -106.468561819135147, 42.473054324609635 ], [ -106.770160119471441, 42.483166283608213 ], [ -106.936474358992427, 42.334060696638517 ], [ -106.862634483212517, 42.265937265715309 ], [ -106.712368665841211, 42.283053489199439 ], [ -106.796239464587615, 42.146589938673955 ], [ -106.6903151765149, 42.053739650373942 ], [ -106.370522038211405, 42.089716628998403 ], [ -106.410027141599357, 42.178142699618355 ], [ -106.187565740863263, 42.297581857207163 ], [ -105.945958209618908, 42.246725930148202 ], [ -105.80029923995798, 42.07719782860157 ], [ -105.78397822437195, 41.925156900494265 ], [ -105.670319290891285, 41.873252032913108 ], [ -105.405297562856248, 41.866751017697631 ], [ -105.180491180552949, 41.96692664573176 ], [ -105.125514850736138, 42.203236168135739 ], [ -104.885343657252179, 42.45623631059928 ], [ -104.892471802279388, 42.825851659018575 ], [ -104.730388543810307, 42.986558675284925 ], [ -104.762573484796292, 43.108171846019943 ], [ -104.967368173562278, 43.075566101158152 ], [ -105.286548491019104, 43.195288194102247 ], [ -105.37274233711122, 43.493958181010932 ], [ -105.258528127378725, 43.543574652481006 ], [ -105.297259486266896, 43.628009478495535 ], [ -105.217343255682977, 43.675656446729079 ], [ -105.294906263383609, 43.844344944916351 ], [ -104.996989786846186, 43.953734324070027 ], [ -104.777547614688345, 44.109375279317412 ], [ -104.779935221455617, 44.180818745213216 ], [ -104.165202094531381, 44.034643546150527 ], [ -104.034221550969377, 43.91614246772599 ], [ -103.863062581181424, 44.010579280358492 ], [ -103.479086189415696, 44.365933189463206 ], [ -103.363283869464496, 45.057744621849032 ], [ -103.203871364460937, 45.078759496970861 ], [ -103.193093136513937, 45.193461944612437 ], [ -102.898950321954942, 45.422832737477279 ], [ -102.511831021129353, 45.527040817438397 ], [ -102.373027682466869, 45.699474992611343 ], [ -102.133210600860991, 45.754435380871271 ], [ -102.024120123022783, 45.928605984206278 ], [ -101.89727038566582, 45.865944925006879 ], [ -101.798323832811519, 45.908555637481996 ], [ -101.944166119415357, 46.087853556473092 ], [ -102.171428902257134, 46.128902729528932 ], [ -102.111935820758092, 46.152304271236986 ], [ -102.178361780581568, 46.347563452338143 ], [ -102.05907144293613, 46.394271098091025 ], [ -101.835851622430653, 46.282213175004529 ], [ -101.41411473082853, 46.395208138717891 ], [ -101.414576825115063, 46.705766585647801 ], [ -101.279355996686434, 46.674608681544846 ], [ -101.223529403384134, 46.760885691063372 ], [ -101.069692305974144, 46.765666680230055 ], [ -100.872968915792242, 47.066890402674012 ], [ -100.805933571194032, 46.984564284226344 ], [ -100.690324044449341, 47.114322079114473 ], [ -100.474087712824172, 47.120384320355555 ], [ -100.512521131280096, 47.24559720284185 ], [ -100.121635010128017, 47.080910208257464 ], [ -100.172789853531555, 46.889898577869189 ], [ -99.933079454249565, 46.83947328042656 ], [ -99.895598171138403, 46.713747414825974 ], [ -99.712083435778368, 46.739323767483469 ], [ -99.625014895609127, 46.846904222095432 ], [ -99.316902549603029, 46.85385590701658 ], [ -99.332615422540542, 46.741245427826541 ], [ -99.215310283129895, 46.654519660767853 ], [ -99.001466726326825, 46.691636422466871 ], [ -98.774130059188195, 46.400133357179868 ], [ -98.499565385268767, 46.444148386146296 ], [ -98.343494308563237, 46.372796435780657 ], [ -98.195606821641917, 46.533912969913175 ], [ -97.303794048890211, 46.507459404193341 ], [ -97.028699138692772, 46.570513048105362 ], [ -96.657332503543429, 46.429371586210621 ], [ -96.531810932645783, 46.261052557866506 ], [ -96.164219337806458, 46.263579568791712 ], [ -96.059327696738521, 45.981763457582439 ], [ -95.90641281331618, 45.9613079784896 ], [ -95.904782499707679, 45.791388507357894 ], [ -95.781453923314501, 45.621784990841505 ], [ -95.6983444689875, 44.468230618709654 ], [ -95.830011818986648, 44.21002595602328 ], [ -95.924754220437819, 44.209586654609332 ], [ -95.958193521105358, 44.073531057090236 ], [ -96.397033019754502, 43.689979930889336 ], [ -96.5649444364754, 42.997005490514766 ], [ -96.853771564529879, 42.603959282078328 ], [ -96.959810351484563, 41.993765317998886 ], [ -97.153803788513045, 41.686206362606583 ], [ -97.203703244372335, 41.292207313513231 ], [ -97.148290484670824, 41.205337655265438 ], [ -97.256113588634051, 41.028814021157423 ], [ -96.903329537781502, 40.550259569219143 ], [ -96.899280144757384, 40.33051659876454 ], [ -97.062448062215253, 40.064620475215875 ], [ -97.008663177757683, 40.021191700390759 ], [ -97.064204511758106, 39.844265793939158 ], [ -97.18953228821502, 39.73249552927318 ], [ -97.280130549181735, 39.179148819506047 ], [ -97.604049197685299, 38.709633692805077 ], [ -97.604772909638058, 38.554405958466525 ], [ -97.930296547820831, 38.016185250088249 ], [ -97.981104144401485, 37.652153208027642 ], [ -98.164514397646656, 37.500049028508812 ], [ -98.158539435069429, 37.14335804030776 ], [ -97.663841325567503, 36.197729754193702 ], [ -96.825131184733038, 35.82443309432422 ], [ -96.044765014419141, 35.183810917271515 ], [ -95.384348695818119, 35.006852866556912 ], [ -95.109695456118033, 34.827356617202682 ], [ -94.480017613465691, 34.699227913920652 ] ], [ [ -111.832492095142953, 40.801518601558669 ], [ -111.700025373639647, 40.880272667580073 ], [ -111.897292642684036, 41.086970618497794 ], [ -111.940430410704806, 40.945982737104465 ], [ -111.832492095142953, 40.801518601558669 ] ], [ [ -111.737547606724817, 41.053425917664853 ], [ -111.703722274916032, 41.056587690141498 ], [ -111.683177223283792, 41.102642628203185 ], [ -111.752574304259738, 41.097265115012434 ], [ -111.737547606724817, 41.053425917664853 ] ], [ [ -111.689139157388226, 41.850789952211926 ], [ -111.5180591933985, 42.04213600135612 ], [ -111.594011369282086, 42.452612647326717 ], [ -111.758109085441134, 41.932303788146612 ], [ -111.689139157388226, 41.850789952211926 ] ], [ [ -106.068970694051401, 42.541195172712669 ], [ -105.977756506031994, 42.590246604982482 ], [ -106.205002618184125, 42.663663004153634 ], [ -106.214757571199499, 42.750159023863539 ], [ -106.48555897299542, 42.733469494997195 ], [ -106.340508758354346, 42.605253923969599 ], [ -106.068970694051401, 42.541195172712669 ] ], [ [ -108.303867190186708, 42.632715296436267 ], [ -108.191713658877049, 42.815190785978764 ], [ -107.955854256505503, 42.955594388811889 ], [ -107.738235123651322, 42.955933255125835 ], [ -107.830742794976786, 43.210478096303 ], [ -108.609110791124294, 43.379236839756189 ], [ -108.649924676324204, 43.457883951138797 ], [ -108.69184891603868, 43.329716554962872 ], [ -108.816134560572038, 43.363963475934916 ], [ -108.871618306353184, 43.265954311350114 ], [ -108.848673720244349, 43.006619341351076 ], [ -108.519972360636274, 42.878545526374332 ], [ -108.427716993921123, 42.689137569575273 ], [ -108.303867190186708, 42.632715296436267 ] ], [ [ -109.015388659316542, 42.601600890352699 ], [ -108.930939186189377, 42.7607433252644 ], [ -109.0429531681973, 42.817642118074787 ], [ -109.02859083143386, 42.884123303909092 ], [ -109.258537221798008, 43.062538014546142 ], [ -109.44810054876281, 43.047818369597437 ], [ -109.416486507778814, 43.137365309920852 ], [ -109.587442221501703, 43.254525427114395 ], [ -109.574108837424859, 43.342550816919228 ], [ -109.821290711227221, 43.488160397880691 ], [ -109.707376165896534, 43.114473576258256 ], [ -109.403180016584798, 42.882842892789796 ], [ -109.37180068214451, 42.748641161011257 ], [ -109.015388659316542, 42.601600890352699 ] ], [ [ -111.301085166088114, 42.434303414957007 ], [ -111.201011320502772, 42.465086100753176 ], [ -111.019171411563491, 42.93558421772412 ], [ -110.861321265753702, 42.508702925108523 ], [ -110.655164094669942, 42.51842661782041 ], [ -110.572822212098856, 42.716300587065845 ], [ -110.514614508917703, 42.983084709167677 ], [ -110.582363647518804, 43.217063759841558 ], [ -110.776528310651287, 43.281912617052996 ], [ -110.885459395037543, 43.452485571098791 ], [ -110.743332102095891, 43.703558544916547 ], [ -110.705831218732612, 43.96049029375785 ], [ -110.261348245001841, 43.851997361901795 ], [ -110.596875630297262, 43.694143757028506 ], [ -110.601511189211081, 43.563454422932338 ], [ -110.76626463935645, 43.419139545959069 ], [ -110.603146584827016, 43.319795196060376 ], [ -110.469087788336807, 43.418019618811911 ], [ -110.476466690162709, 43.654236403956098 ], [ -109.981665092713342, 43.557858760045214 ], [ -109.890019516531495, 43.743149027125057 ], [ -109.701054952698982, 43.684366752269 ], [ -109.542182523739314, 43.826013793221286 ], [ -109.208434105851723, 43.596690749200505 ], [ -108.792746872790403, 43.792605265271291 ], [ -108.88696569766303, 44.347883609799418 ], [ -108.764946345826218, 44.529360354811331 ], [ -108.953245703415092, 44.687973816221792 ], [ -108.876558454836214, 44.75817474985476 ], [ -108.900988292821623, 44.863973469886616 ], [ -109.07768520948423, 44.980024509457593 ], [ -109.185508738925606, 45.288411587517686 ], [ -109.427036669712209, 45.473375560332698 ], [ -109.891165633118334, 45.626558000981007 ], [ -110.692389357075484, 45.627334948359795 ], [ -110.677183800678193, 45.757043481158206 ], [ -110.915664298051112, 45.951491847541085 ], [ -110.873793186548795, 46.083105693365205 ], [ -110.998164756637109, 46.085731532775881 ], [ -111.147197279418947, 46.01786877841063 ], [ -111.117229191959382, 45.703731994026789 ], [ -111.854170944815678, 45.707259630394347 ], [ -112.050350687028967, 45.773622925032313 ], [ -112.269861336008546, 45.556807265776193 ], [ -112.025471339287535, 45.295916315514141 ], [ -112.135703221058776, 45.229314280089497 ], [ -112.188174848098271, 45.350410024624722 ], [ -112.281839893982124, 45.360853836239464 ], [ -112.580140667228918, 45.15455617987655 ], [ -112.580144840833981, 45.055470821881123 ], [ -112.803540586431737, 45.03475597786192 ], [ -112.801935761652359, 44.905514447967178 ], [ -112.650844833662603, 44.712366884735737 ], [ -112.124060676224644, 44.644030682352849 ], [ -112.367378168468676, 44.489706422271716 ], [ -112.63571008914704, 44.597086896703196 ], [ -112.933967227528697, 44.936269446545687 ], [ -113.02728747418341, 44.927455663978321 ], [ -113.035056586012416, 44.815340892019734 ], [ -113.155077841221058, 44.9663746183165 ], [ -113.222662158894607, 44.841307676060865 ], [ -113.290029407873234, 44.875039819866885 ], [ -113.353852030179425, 45.004136786957517 ], [ -113.185656835855596, 45.126609618770715 ], [ -113.182642692542515, 45.270486773244222 ], [ -113.480778824620273, 45.230447394762955 ], [ -113.731181128681811, 45.527519758724388 ], [ -113.716940150657692, 45.657841060238333 ], [ -113.590381444370109, 45.7887300717138 ], [ -113.301282985556966, 45.883914913842695 ], [ -113.153371078369133, 45.883267856132669 ], [ -113.354249813976409, 45.671238925164481 ], [ -113.324773648180937, 45.351646868240344 ], [ -113.145857028464661, 45.397911441295918 ], [ -113.059261635125608, 45.290769817789759 ], [ -112.921813769180346, 45.282156951023815 ], [ -112.775500245124306, 45.489288092772014 ], [ -112.793014341387561, 45.745255036176445 ], [ -112.717758703791077, 45.923605750433282 ], [ -112.978651282694699, 46.113647938331475 ], [ -112.792612616181998, 46.44686423456713 ], [ -112.798142781724991, 46.087477115538171 ], [ -112.5924823258174, 45.977832978070921 ], [ -112.718045535248848, 45.816458758600547 ], [ -112.677406473183993, 45.648619998681198 ], [ -112.390441723688298, 45.618927384083619 ], [ -112.34760649212906, 45.914268914934041 ], [ -112.208792044790783, 46.05500968022811 ], [ -112.23143482194746, 46.258141186875363 ], [ -112.085646008114352, 46.305116764698681 ], [ -111.876162789641981, 46.171773853975523 ], [ -111.681494946838782, 46.335790193473962 ], [ -111.74550752386709, 46.543447315125164 ], [ -112.037678265553126, 46.667328617213677 ], [ -112.058638075497853, 46.831403065666557 ], [ -111.940537989252434, 46.864960735756476 ], [ -111.707536867549763, 46.738196605292984 ], [ -111.736621542005352, 46.693189960286482 ], [ -111.488058727625571, 46.592926541962001 ], [ -111.314777604284956, 46.366745838757922 ], [ -111.140997724276019, 46.377970060978534 ], [ -111.115891519324123, 46.468449229693526 ], [ -111.35729371341364, 46.729346764547799 ], [ -111.183414006538655, 46.798961467106018 ], [ -110.595366701943419, 46.807279128197209 ], [ -110.364915089043151, 47.099703829445716 ], [ -110.236850360390235, 47.077818513403884 ], [ -110.281051611227952, 47.36214265080703 ], [ -110.226391873703349, 47.408579174534069 ], [ -110.057937825927226, 47.503696064088714 ], [ -109.729991169932418, 47.445833150029905 ], [ -109.750311703247718, 47.532958483136653 ], [ -109.919734216584231, 47.53726665781997 ], [ -109.808186345984893, 47.735239709568091 ], [ -110.361381017688657, 47.820889195813038 ], [ -111.554723345459109, 47.311084474940287 ], [ -112.13361576799862, 47.234501997924696 ], [ -112.768655125575151, 47.57889714772142 ], [ -112.761889183903122, 47.736694145897175 ], [ -112.862895976312714, 47.76065690691776 ], [ -112.893416569042685, 47.607633154170301 ], [ -113.060879966317884, 47.818924820375926 ], [ -113.264320995085811, 47.830066017410473 ], [ -113.333000133724312, 48.013658151224078 ], [ -113.462802892472723, 47.980715671182566 ], [ -113.432493007593948, 47.791159899948809 ], [ -113.653763825117252, 48.005285163680952 ], [ -113.463260192812456, 48.06499105547784 ], [ -113.71431881305223, 48.241038331274382 ], [ -113.832171320431485, 48.200263545038823 ], [ -114.111537896322716, 48.325189152269644 ], [ -114.058335337262022, 48.074951352904534 ], [ -114.151270158917484, 47.918444418104869 ], [ -114.350881723119713, 48.114550875507156 ], [ -114.533582955561215, 48.090607220172224 ], [ -114.659399025801576, 48.331252557587362 ], [ -115.06736114162473, 48.493284248267308 ], [ -115.21808151686281, 48.458134149613329 ], [ -115.307343439583207, 48.292544369577257 ], [ -115.560481941022161, 48.15727536004907 ], [ -115.693276064755963, 48.43883817205861 ], [ -115.57233753135398, 48.480608776811977 ], [ -115.360487513315135, 48.386912114730649 ], [ -115.348160856320845, 48.599926293607737 ], [ -115.518574830462796, 48.75088758534919 ], [ -115.343913698046279, 48.873261162739375 ], [ -115.376686635931549, 49.150642338083969 ], [ -115.560406869976546, 49.115616087473093 ], [ -115.502196168537921, 48.920362334577632 ], [ -115.676303424864386, 48.791652237432459 ], [ -115.810422885473898, 48.820010278714683 ], [ -115.920893968744579, 48.747827410223032 ], [ -115.865431610775317, 48.904625574818326 ], [ -115.919921638670118, 49.013478264088924 ], [ -116.06484776300826, 48.951315255723159 ], [ -116.118539192935302, 48.775074764111352 ], [ -116.183691058242459, 48.892896658795081 ], [ -116.281730906315545, 48.903704098147934 ], [ -116.304474769452696, 48.752939455275289 ], [ -115.957895245924334, 48.634743268731121 ], [ -115.880770700479673, 48.672098677613221 ], [ -115.932549167215839, 48.540595412217584 ], [ -115.821998404618938, 48.425657972084011 ], [ -115.842550593612913, 48.141822196618882 ], [ -116.034779236365537, 48.40368171983777 ], [ -115.993813818529858, 48.492173792470723 ], [ -116.141751393510475, 48.666192577185143 ], [ -116.217520627906623, 48.655907396945203 ], [ -116.343512198513196, 48.497806280156354 ], [ -116.243728246137536, 48.424020913839001 ], [ -116.262459221457803, 48.253356330100004 ], [ -116.119043625161396, 48.240974229163996 ], [ -116.104798448296137, 48.164365526233873 ], [ -115.889966779395053, 48.073647252225392 ], [ -115.770302329344617, 48.103040662184682 ], [ -115.801277695514926, 48.048091896515274 ], [ -115.594789399494971, 47.888974050738284 ], [ -115.424550536724325, 47.875358775203324 ], [ -115.458198611192216, 47.787296814853093 ], [ -115.312273544549342, 47.611564057119104 ], [ -114.885676258036227, 47.548574710093078 ], [ -114.860296135888575, 47.466303614023218 ], [ -115.000312993208979, 47.282465561640038 ], [ -114.854690236091528, 47.148347899941314 ], [ -114.622598232434939, 47.039655555990421 ], [ -114.481531275538686, 47.110319305862603 ], [ -114.281322625768709, 47.049431030559354 ], [ -114.031463898539073, 46.867722340181729 ], [ -114.051967518937204, 46.3537453327598 ], [ -113.982856909581045, 46.146581530444493 ], [ -114.096542032531758, 46.049772438041181 ], [ -113.891424619648376, 45.908402925497228 ], [ -113.747390904915505, 45.912398350960686 ], [ -113.962402348872729, 45.802203556574895 ], [ -114.188532986576291, 45.869157339868011 ], [ -114.266961620234554, 45.732543198553941 ], [ -114.17919998719799, 45.612369572258274 ], [ -114.337015265706086, 45.527755154488432 ], [ -114.543703146138796, 45.635911262710337 ], [ -114.631032023806256, 45.523766143407684 ], [ -114.523041753322246, 45.491727666967321 ], [ -114.591368776329887, 45.377098951912082 ], [ -114.147405231546941, 45.501255493616888 ], [ -114.07088699120969, 45.426333711711969 ], [ -113.984877386406566, 45.608702647517532 ], [ -113.827901807472756, 45.561072373834875 ], [ -113.899831916855945, 45.467995257295385 ], [ -113.570668950695278, 44.983126316637581 ], [ -113.635669198185767, 44.890422941837549 ], [ -113.387893817086066, 44.655269975781351 ], [ -113.762892119056943, 44.80013022992145 ], [ -113.733462117614152, 45.010346700210327 ], [ -113.872750295812736, 45.047775969094161 ], [ -113.979924317786839, 44.683392675593225 ], [ -113.69124060990228, 44.495694853015138 ], [ -113.65229026962507, 44.326213404190085 ], [ -114.091631304487962, 44.615729479952449 ], [ -114.063033348280825, 44.31868513714295 ], [ -114.194720664840105, 44.370972336086567 ], [ -114.213951819882681, 44.26970663474772 ], [ -113.607235391821192, 43.998324673519917 ], [ -113.539308135030865, 44.033608376692897 ], [ -113.565978333583558, 44.161232124019357 ], [ -113.428020186671148, 44.21820416731785 ], [ -113.48993848510807, 44.298868100994305 ], [ -113.369783698971958, 44.33837155167663 ], [ -113.073835910413081, 44.052366722225003 ], [ -112.957479828824432, 44.076339664708058 ], [ -112.979016806240509, 44.192284161329951 ], [ -112.783251980065216, 44.114408148990549 ], [ -112.747774217291692, 44.250376438096112 ], [ -112.532341970089391, 44.23012176109949 ], [ -112.160598769906272, 44.350116137038299 ], [ -111.684889612628112, 44.294125870873138 ], [ -111.401179242433358, 44.154517835363905 ], [ -111.29295970509861, 44.228872473937585 ], [ -111.178406646007588, 44.078521215092131 ], [ -111.127286572755068, 43.60559671791323 ], [ -111.316117283807841, 43.828610043380316 ], [ -111.540634563138923, 43.733423776219617 ], [ -111.575099135152144, 43.653236867018101 ], [ -111.471422361460895, 43.501548258944339 ], [ -111.652319902199125, 43.507191985974224 ], [ -111.846822262025995, 43.149843172005518 ], [ -111.541617631985858, 43.029104998634971 ], [ -111.466321601999539, 43.114353091976852 ], [ -111.398869838067384, 43.068016599308748 ], [ -111.422917660708492, 42.882570481247534 ], [ -111.27248535731681, 42.808581409685125 ], [ -111.301085166088114, 42.434303414957007 ] ], [ [ -111.417226719502082, 42.445802981236447 ], [ -111.413750043641301, 42.439109549115024 ], [ -111.410210439864713, 42.446432737102036 ], [ -111.417226719502082, 42.445802981236447 ] ], [ [ -106.182650646213389, 42.991363595085154 ], [ -106.176259753083045, 42.987402563117911 ], [ -106.170844011255397, 42.992077168445846 ], [ -106.177235309760377, 42.996038549237284 ], [ -106.182650646213389, 42.991363595085154 ] ], [ [ -106.187532215242527, 43.034531171251054 ], [ -106.181138517928929, 43.030571474031618 ], [ -106.17867369411799, 43.035066663166575 ], [ -106.181870750569217, 43.037046688602778 ], [ -106.187532215242527, 43.034531171251054 ] ], [ [ -106.044717629851988, 43.086554079305778 ], [ -106.023489208058919, 43.109536150717226 ], [ -106.079098809125313, 43.127935476826742 ], [ -106.076678902485412, 43.106364256340591 ], [ -106.044717629851988, 43.086554079305778 ] ], [ [ -106.354967917369024, 43.198094763213248 ], [ -106.197718252461144, 43.229354432330247 ], [ -106.186040168981521, 43.33636239608235 ], [ -106.064906447069546, 43.3197528001322 ], [ -106.010085618984363, 43.522400930438806 ], [ -106.409417027400764, 43.71925814626541 ], [ -106.428085354361272, 43.930021257758575 ], [ -106.832012586954534, 44.142598745753375 ], [ -106.932261610964147, 44.395075939203672 ], [ -106.909183444766938, 44.633359032465172 ], [ -107.189236715443172, 44.686592960283448 ], [ -107.481614450626807, 45.073697301790041 ], [ -107.398722736978669, 45.160580230480512 ], [ -107.494520627697597, 45.218674442414112 ], [ -107.456418769810995, 45.39250281459006 ], [ -108.220781907721417, 45.3200689675473 ], [ -108.009857068599118, 44.969796580833048 ], [ -108.065830282598753, 44.83703909709692 ], [ -107.696695549106636, 44.560807475443852 ], [ -107.252638697112218, 43.986098659279548 ], [ -107.302434510808581, 43.676505026766115 ], [ -108.110190708337967, 43.625032814966659 ], [ -108.184780883951262, 43.489663525608499 ], [ -108.046337262695488, 43.415513543430095 ], [ -107.690966340799505, 43.439671678928057 ], [ -107.312409153838445, 43.279617732430395 ], [ -107.02632117163111, 43.378645564961019 ], [ -106.768765988096106, 43.221520383406627 ], [ -106.354967917369024, 43.198094763213248 ] ], [ [ -111.727507609555843, 42.811445280538862 ], [ -111.711086172195422, 42.796040776904775 ], [ -111.652093953452933, 42.818290444546776 ], [ -111.716708197869224, 42.829324241760567 ], [ -111.727507609555843, 42.811445280538862 ] ], [ [ -109.160757365029411, 43.200609965464004 ], [ -109.023800681665023, 43.211024159300429 ], [ -109.101324901658955, 43.335582753573945 ], [ -109.350329099609638, 43.316505715669962 ], [ -109.160757365029411, 43.200609965464004 ] ], [ [ -112.00226706522858, 43.048337484375274 ], [ -111.991675452962653, 43.042329715565344 ], [ -111.98345337273139, 43.050069804715555 ], [ -111.993255645715834, 43.05149564609664 ], [ -112.00226706522858, 43.048337484375274 ] ], [ [ -111.902522545275133, 43.210172629549611 ], [ -111.874548985786106, 43.230163185460484 ], [ -111.881185161288101, 43.268788649126599 ], [ -111.921396071507104, 43.252042541623965 ], [ -111.902522545275133, 43.210172629549611 ] ], [ [ -110.388737460352573, 43.363802466251386 ], [ -110.370008401159936, 43.358828917378652 ], [ -110.35920290540686, 43.366247811019463 ], [ -110.373035326195236, 43.378152798771708 ], [ -110.388737460352573, 43.363802466251386 ] ], [ [ -108.744711536551833, 43.57937483085999 ], [ -108.691362186886181, 43.583298840858696 ], [ -108.756672665260936, 43.621870836295045 ], [ -108.883165117020383, 43.61250362525162 ], [ -108.744711536551833, 43.57937483085999 ] ], [ [ -105.239586239741499, 43.933765220080339 ], [ -105.234095104728269, 43.927155032509127 ], [ -105.225276683434984, 43.934544261915178 ], [ -105.235538198350625, 43.94089479118437 ], [ -105.239586239741499, 43.933765220080339 ] ], [ [ -109.541491726667289, 43.692520441543742 ], [ -109.498790237189269, 43.69584005474028 ], [ -109.493075932045883, 43.717969858669399 ], [ -109.53163587123079, 43.714974927345899 ], [ -109.541491726667289, 43.692520441543742 ] ], [ [ -112.453785544099247, 43.572974136812313 ], [ -112.443110000724502, 43.567011959356876 ], [ -112.439606189432325, 43.574303672509586 ], [ -112.445556161933538, 43.580709078551649 ], [ -112.453785544099247, 43.572974136812313 ] ], [ [ -112.047521840157316, 43.654106890829276 ], [ -112.036862192331668, 43.648124696917982 ], [ -112.033325321729023, 43.655404957877735 ], [ -112.039253658562501, 43.661819887935941 ], [ -112.047521840157316, 43.654106890829276 ] ], [ [ -108.01111188546345, 43.978334630263468 ], [ -107.941578131759528, 43.979679251844047 ], [ -107.938206579952151, 44.02660819317596 ], [ -108.008233040573913, 44.028692518715232 ], [ -108.01111188546345, 43.978334630263468 ] ], [ [ -107.795437390506407, 44.16599636853649 ], [ -107.722284533614584, 44.2141264044579 ], [ -107.805902787116736, 44.318091778479975 ], [ -107.872152313603792, 44.290287904329276 ], [ -107.795437390506407, 44.16599636853649 ] ], [ [ -104.511458471636672, 44.445987901186513 ], [ -104.443823056249187, 44.432161001394512 ], [ -104.394487134678045, 44.49482894310308 ], [ -104.482285420565645, 44.517123240162974 ], [ -104.511458471636672, 44.445987901186513 ] ], [ [ -107.878757986124242, 44.376120238521295 ], [ -107.873063432615879, 44.369607502578845 ], [ -107.86919075518243, 44.376771556491867 ], [ -107.874885911571297, 44.3832840497085 ], [ -107.878757986124242, 44.376120238521295 ] ], [ [ -113.836300598135466, 43.917036915476494 ], [ -113.735383305825337, 43.970644929346982 ], [ -113.925843778954174, 44.083019263400175 ], [ -114.010942427529187, 44.029796718039151 ], [ -113.836300598135466, 43.917036915476494 ] ], [ [ -107.949063813126287, 44.414444566333508 ], [ -107.939035394512103, 44.411681440660359 ], [ -107.929922597978845, 44.415753469271358 ], [ -107.940409838292311, 44.421935444757594 ], [ -107.949063813126287, 44.414444566333508 ] ], [ [ -108.07158116937066, 44.427581185574589 ], [ -107.890170006607477, 44.497779308667532 ], [ -107.887212321453006, 44.54795982022975 ], [ -108.031947519123165, 44.581148511634936 ], [ -108.134305706504676, 44.444798063665438 ], [ -108.07158116937066, 44.427581185574589 ] ], [ [ -108.195186975655815, 44.483677492218781 ], [ -108.189464802950894, 44.47717899230792 ], [ -108.180823255704979, 44.484677301406776 ], [ -108.191334017882298, 44.490842536899216 ], [ -108.195186975655815, 44.483677492218781 ] ], [ [ -106.162256848183276, 44.614175764990172 ], [ -106.083038111586177, 44.618812477836272 ], [ -106.158398046171683, 44.664285718298459 ], [ -106.282476716484297, 44.650084702143005 ], [ -106.162256848183276, 44.614175764990172 ] ], [ [ -108.15177193107921, 44.572880657195228 ], [ -108.132602033045686, 44.574208571197353 ], [ -108.16062192806271, 44.70833578145907 ], [ -108.169284524885768, 44.700849522918489 ], [ -108.15177193107921, 44.572880657195228 ] ], [ [ -106.052031985314727, 44.706604084858711 ], [ -106.041636200898168, 44.700330927848569 ], [ -106.032808907645233, 44.707719324175898 ], [ -106.043205387385953, 44.71399298544091 ], [ -106.052031985314727, 44.706604084858711 ] ], [ [ -106.177133201833897, 44.742277377260265 ], [ -106.166725426497621, 44.736012583527625 ], [ -106.097809773581602, 44.746916165736693 ], [ -106.168312938053077, 44.749670241071676 ], [ -106.177133201833897, 44.742277377260265 ] ], [ [ -115.139128097042061, 44.08582739640368 ], [ -115.135341417510887, 44.079274884753808 ], [ -115.146335327289933, 44.132022276055181 ], [ -115.147995596099946, 44.128365244702366 ], [ -115.139128097042061, 44.08582739640368 ] ], [ [ -114.683178406757136, 44.221153521875287 ], [ -114.679736222325602, 44.220124423486027 ], [ -114.670519188571774, 44.222479261561844 ], [ -114.681402020017245, 44.228288885834736 ], [ -114.683178406757136, 44.221153521875287 ] ], [ [ -114.570812256015046, 44.232892182465207 ], [ -114.560970992250617, 44.232180366254141 ], [ -114.551818885960131, 44.234869467766764 ], [ -114.562005937209634, 44.237283510113329 ], [ -114.570812256015046, 44.232892182465207 ] ], [ [ -114.396855861800034, 44.294334458061634 ], [ -114.277818939327204, 44.436688730595534 ], [ -114.369465343818348, 44.557323287428424 ], [ -114.272044834126419, 44.653887878490536 ], [ -114.313002028154756, 44.736273203175912 ], [ -113.987706128224119, 45.028344050806488 ], [ -113.990828113221966, 45.33309234500733 ], [ -114.205967632645923, 45.336413911647867 ], [ -114.182525973712046, 45.069266416882257 ], [ -114.557356263443069, 44.662147587247162 ], [ -114.55131001823969, 44.516922544664162 ], [ -114.396855861800034, 44.294334458061634 ] ], [ [ -108.613216608427706, 44.841730710171603 ], [ -108.422941850732315, 44.851786461135269 ], [ -108.310295394360324, 44.949095208885034 ], [ -108.444576498885425, 45.00585949357577 ], [ -108.620520025471421, 44.927212239192208 ], [ -108.613216608427706, 44.841730710171603 ] ], [ [ -114.266112758101556, 44.567887884701307 ], [ -114.263842339933888, 44.564654115213436 ], [ -114.203580544846062, 44.567321073846045 ], [ -114.205211857541684, 44.575471016581915 ], [ -114.266112758101556, 44.567887884701307 ] ], [ [ -108.517737350618972, 45.084881808448465 ], [ -108.423178488725767, 45.113001463244672 ], [ -108.417112851313803, 45.156345882616279 ], [ -108.558807314015709, 45.168443574433198 ], [ -108.517737350618972, 45.084881808448465 ] ], [ [ -108.393009147222813, 45.158031996940529 ], [ -108.342893158014022, 45.147796333163086 ], [ -108.312653867171562, 45.163631078874886 ], [ -108.348666909342128, 45.1890144892064 ], [ -108.393009147222813, 45.158031996940529 ] ], [ [ -108.233232884333574, 45.190580582424822 ], [ -108.196468426816665, 45.188824009449732 ], [ -108.193969970011977, 45.214731744178366 ], [ -108.231925726768097, 45.224984309267086 ], [ -108.233232884333574, 45.190580582424822 ] ], [ [ -114.250929671709969, 44.742586702625189 ], [ -114.237286374867054, 44.735319050328869 ], [ -114.227052827748423, 44.74500958436964 ], [ -114.24155062845098, 44.756517233710547 ], [ -114.250929671709969, 44.742586702625189 ] ], [ [ -114.634153180569541, 44.724912727098747 ], [ -114.603670593699263, 44.836235130492909 ], [ -114.684863836748264, 44.838057188803987 ], [ -114.727789681222532, 44.780109728872915 ], [ -114.634153180569541, 44.724912727098747 ] ], [ [ -114.577478817211599, 44.730776335168862 ], [ -114.543412535460533, 44.742947536058928 ], [ -114.540895673028842, 44.756189380451445 ], [ -114.581817652353536, 44.751967019286148 ], [ -114.577478817211599, 44.730776335168862 ] ], [ [ -108.912117385852099, 45.228340735465636 ], [ -108.74064645771233, 45.390759595452231 ], [ -108.687405440270823, 45.672790341399761 ], [ -108.500423531716322, 45.828651393159717 ], [ -108.31834590900192, 45.841239915853478 ], [ -108.25483644033622, 45.895105704104992 ], [ -108.275719644360478, 46.042975664929514 ], [ -108.041154550477231, 46.122740791018053 ], [ -108.36293910463516, 46.653805101452164 ], [ -108.704619721777689, 46.806805062060093 ], [ -109.541948253057939, 46.614920861388896 ], [ -110.079421700981698, 46.876235071994699 ], [ -110.168268213548743, 46.820208106454899 ], [ -110.116145243177272, 46.72146462775013 ], [ -110.611130226875275, 46.658176160266535 ], [ -110.67900140449882, 46.61025350166809 ], [ -110.654203672340429, 46.463296491437987 ], [ -110.873541218705014, 46.381744730096813 ], [ -110.770251677721362, 46.194821997623315 ], [ -110.544810420723522, 46.321560496795776 ], [ -110.265436412248391, 46.281019621718123 ], [ -109.93893823726853, 45.943637614501675 ], [ -109.410066210862851, 45.763136408237919 ], [ -108.912117385852099, 45.228340735465636 ] ], [ [ -115.683265461743503, 44.634829603793015 ], [ -115.677039639290314, 44.628572882989552 ], [ -115.688391217408849, 44.681092952539217 ], [ -115.69083443710268, 44.677357880567833 ], [ -115.683265461743503, 44.634829603793015 ] ], [ [ -113.027850866753283, 45.035243181165022 ], [ -112.979890543132782, 45.039770660695439 ], [ -112.998296026493904, 45.104852582521936 ], [ -113.030889154758768, 45.099622227738521 ], [ -113.027850866753283, 45.035243181165022 ] ], [ [ -114.910967532367181, 44.86914005429928 ], [ -114.845187199886482, 44.897647882983271 ], [ -114.850281265041886, 45.046660731846337 ], [ -115.001915205084913, 44.924460612226078 ], [ -114.910967532367181, 44.86914005429928 ] ], [ [ -115.185322913401578, 44.861804663495533 ], [ -115.223963483822374, 44.944212963532628 ], [ -115.159004805039302, 45.037568729210925 ], [ -115.293674458188164, 45.118329656953584 ], [ -115.372918011141849, 45.014798228986862 ], [ -115.185322913401578, 44.861804663495533 ] ], [ [ -114.652221175133491, 44.960919663101386 ], [ -114.648358557812571, 44.956996938421092 ], [ -114.64205483360044, 44.96196927240657 ], [ -114.650278854721492, 44.966306049310958 ], [ -114.652221175133491, 44.960919663101386 ] ], [ [ -115.730864692810769, 44.867933711428527 ], [ -115.719707086084057, 44.890796926086736 ], [ -115.743494141865625, 44.934944753840675 ], [ -115.74740001423811, 44.887772832372931 ], [ -115.730864692810769, 44.867933711428527 ] ], [ [ -115.154248348325638, 44.951614988088039 ], [ -115.134531435467721, 44.945055442444357 ], [ -115.100459129732968, 44.957308231404802 ], [ -115.137213996722096, 44.957744046570824 ], [ -115.154248348325638, 44.951614988088039 ] ], [ [ -114.60531378163526, 45.008963506658759 ], [ -114.403927365216632, 45.115925677212232 ], [ -114.502345916151512, 45.235322849203328 ], [ -114.659172130084045, 45.154539141425616 ], [ -114.60531378163526, 45.008963506658759 ] ], [ [ -115.549404532521365, 45.017443590844742 ], [ -115.514180813476358, 45.005388324800521 ], [ -115.414441702190913, 45.053578474627621 ], [ -115.504032239726698, 45.100142255841398 ], [ -115.549404532521365, 45.017443590844742 ] ], [ [ -114.849181837431871, 45.178036960514603 ], [ -114.754501680138333, 45.252564895367861 ], [ -114.774714170782659, 45.315159442116069 ], [ -114.92639997785615, 45.234725104204557 ], [ -114.849181837431871, 45.178036960514603 ] ], [ [ -115.43859318764035, 45.137411928094636 ], [ -115.419272714074495, 45.133001645405784 ], [ -115.384716525006326, 45.143177433400211 ], [ -115.42336146918737, 45.152002688931873 ], [ -115.43859318764035, 45.137411928094636 ] ], [ [ -115.38404164656184, 45.229611679709485 ], [ -115.36991716180367, 45.231117971430393 ], [ -115.38435268459456, 45.255477553776331 ], [ -115.38444340294636, 45.251151338779373 ], [ -115.38404164656184, 45.229611679709485 ] ], [ [ -112.641570603119362, 45.501621225991798 ], [ -112.583644265109356, 45.503243129191148 ], [ -112.549973584765524, 45.552947272435581 ], [ -112.629163030450428, 45.582927390216092 ], [ -112.641570603119362, 45.501621225991798 ] ], [ [ -115.364006845119889, 45.274907669045582 ], [ -115.292060415071973, 45.282555953590531 ], [ -115.307215185704052, 45.410332017426988 ], [ -115.374453601981116, 45.403195830711041 ], [ -115.364006845119889, 45.274907669045582 ] ], [ [ -109.9813044572455, 45.854904059574231 ], [ -109.976095595445187, 45.853026853002447 ], [ -109.966753152325964, 45.856027789001111 ], [ -109.977530425591311, 45.862034943849551 ], [ -109.9813044572455, 45.854904059574231 ] ], [ [ -115.922515363627667, 45.322519667558687 ], [ -115.828042681600948, 45.354405180661708 ], [ -115.852530746211073, 45.394885104232458 ], [ -115.908561819119683, 45.407471474524201 ], [ -115.922515363627667, 45.322519667558687 ] ], [ [ -114.853700077354375, 45.457816749406845 ], [ -114.7693659622757, 45.509581318230339 ], [ -114.85292912044352, 45.643842362588245 ], [ -114.946626428150594, 45.53431098587815 ], [ -114.853700077354375, 45.457816749406845 ] ], [ [ -110.053541995722213, 45.892053497835093 ], [ -110.040890564151454, 45.935766416664052 ], [ -110.112362421396156, 45.937052030843873 ], [ -110.056923923586908, 45.913158981209136 ], [ -110.053541995722213, 45.892053497835093 ] ], [ [ -110.388549840708905, 45.972614505686195 ], [ -110.301518640963451, 45.966672815659862 ], [ -110.345106657825085, 46.08281586594844 ], [ -110.404423099127186, 46.056781946454464 ], [ -110.388549840708905, 45.972614505686195 ] ], [ [ -115.085484388433386, 45.562900329831812 ], [ -115.069844751745919, 45.564533525193696 ], [ -115.057178628492252, 45.591682698617262 ], [ -115.0872624161658, 45.588542849536836 ], [ -115.085484388433386, 45.562900329831812 ] ], [ [ -115.885818383467068, 45.499072045963047 ], [ -115.518203607818705, 45.646366819305051 ], [ -115.61622214758691, 45.756385260921249 ], [ -115.789998400434413, 45.789346436294764 ], [ -115.677358764949787, 45.865941725456771 ], [ -115.657951279303887, 46.147107429267635 ], [ -115.44206798604192, 46.426944587421048 ], [ -115.744940756588974, 46.476303310608337 ], [ -115.937653643747566, 46.224382589256031 ], [ -115.84737815085532, 46.019543681760368 ], [ -116.012600094204998, 45.874189697556055 ], [ -116.215480417538487, 45.850572745637379 ], [ -116.158017583764547, 45.697649443854417 ], [ -116.022127070172616, 45.678089284634105 ], [ -116.067058587888681, 45.566913219030049 ], [ -116.219464253776707, 45.505580457601496 ], [ -115.885818383467068, 45.499072045963047 ] ], [ [ -115.244304513482248, 45.632334848167886 ], [ -115.21842227292484, 45.626448691973494 ], [ -115.146693639204344, 45.685598638886077 ], [ -115.23471108990735, 45.702183618498935 ], [ -115.244304513482248, 45.632334848167886 ] ], [ [ -110.629395644137787, 46.060186978190565 ], [ -110.56185947245072, 46.065601725640661 ], [ -110.572959247907619, 46.150091461169886 ], [ -110.634811115471052, 46.102451605762013 ], [ -110.629395644137787, 46.060186978190565 ] ], [ [ -88.487485752456649, 46.575707171430906 ], [ -88.481639929059014, 46.571282726089834 ], [ -88.475203354191137, 46.575300905866676 ], [ -88.481048909908779, 46.5797256196661 ], [ -88.487485752456649, 46.575707171430906 ] ], [ [ -112.084921609712552, 45.958996909870947 ], [ -112.018475268203673, 45.986229861808802 ], [ -112.046596407529549, 46.091536737912428 ], [ -112.107814943933363, 46.063925658862971 ], [ -112.084921609712552, 45.958996909870947 ] ], [ [ -114.587430268215542, 45.764719056887003 ], [ -114.259716136159, 45.862080932719586 ], [ -114.272127609247335, 46.374879707080545 ], [ -114.103949461294917, 46.646534431914318 ], [ -114.116045636770167, 46.81693825620777 ], [ -114.388999971725553, 46.968166650540766 ], [ -114.476347824626828, 46.909416071776036 ], [ -114.431591844931035, 46.786021821647566 ], [ -114.577773687000388, 46.682804928038848 ], [ -114.816631216205792, 46.875479757298905 ], [ -114.880314957245332, 47.076299289932351 ], [ -115.187399048704435, 47.193794465872188 ], [ -115.02536590367842, 46.790396305318268 ], [ -114.879730198328218, 46.698533192900534 ], [ -115.225149395897461, 46.599154235615984 ], [ -115.232696049509826, 46.491519552858946 ], [ -115.402525818354746, 46.388286933196881 ], [ -114.92283188956722, 46.552179179338609 ], [ -114.74092754563118, 46.573098079690247 ], [ -114.660647212487646, 46.507133699880185 ], [ -115.169443589536584, 46.391126727269487 ], [ -115.397781218848493, 46.168887691158403 ], [ -115.507925983212274, 46.163007671057144 ], [ -115.252438163478104, 46.069745020408064 ], [ -114.983489113365778, 46.257248681101508 ], [ -114.736036745953754, 46.200061970969273 ], [ -114.867132248416368, 46.122434670255757 ], [ -114.69754944153334, 46.032540310368582 ], [ -114.779553253872464, 45.938384647482607 ], [ -114.551728652552185, 45.875698428615735 ], [ -114.623231732557372, 45.825516067207545 ], [ -114.587430268215542, 45.764719056887003 ] ], [ [ -114.894712865667898, 45.797740363390105 ], [ -114.849475997024712, 45.802396593577768 ], [ -114.822167688007568, 45.848156518684561 ], [ -114.835305078079699, 45.851962693160814 ], [ -114.894712865667898, 45.797740363390105 ] ], [ [ -115.121254015397795, 45.881676744632529 ], [ -114.96699818202039, 45.891226245201409 ], [ -114.91306743555748, 46.05341509922571 ], [ -115.214031714951858, 46.035141445587854 ], [ -115.256599039154452, 45.974902321599238 ], [ -115.121254015397795, 45.881676744632529 ] ], [ [ -115.357641242729315, 45.899883616438842 ], [ -115.330549942199696, 45.94568185247244 ], [ -115.440899616820019, 45.998464630790465 ], [ -115.461914359394171, 45.953307592143275 ], [ -115.357641242729315, 45.899883616438842 ] ], [ [ -115.535785899115353, 45.924004863733977 ], [ -115.528829333478598, 45.920447105399298 ], [ -115.498135420420155, 45.949474330293555 ], [ -115.537120524178249, 45.95822536479649 ], [ -115.535785899115353, 45.924004863733977 ] ], [ [ -116.477373242834545, 45.972148751193544 ], [ -116.466182757185152, 45.966513120951937 ], [ -116.46531076522335, 45.973488041394333 ], [ -116.477373242834545, 45.972148751193544 ] ], [ [ -116.788609068640426, 45.980334850020043 ], [ -116.655529004917838, 45.982810479809942 ], [ -116.593721037109049, 46.045163642560567 ], [ -116.670891133938881, 46.049006342194879 ], [ -116.788609068640426, 45.980334850020043 ] ], [ [ -109.498819894647269, 46.7007851353098 ], [ -109.252786024918876, 46.71874143623598 ], [ -109.318910394247808, 46.972620285241433 ], [ -109.444639398295806, 46.982549242264938 ], [ -109.409928797706527, 46.919401169382809 ], [ -109.631309543517716, 46.839531155370395 ], [ -109.642092570589625, 46.775088957678847 ], [ -109.498819894647269, 46.7007851353098 ] ], [ [ -110.373558842215431, 46.719377288697764 ], [ -110.363214627828967, 46.716786445535476 ], [ -110.353983607743459, 46.720904651463641 ], [ -110.364885675894357, 46.726851197665354 ], [ -110.373558842215431, 46.719377288697764 ] ], [ [ -110.321375117678272, 46.808375876000206 ], [ -110.31536522182364, 46.802050454084281 ], [ -110.24543938876451, 46.81425935390677 ], [ -110.323798343741743, 46.85289566570718 ], [ -110.321375117678272, 46.808375876000206 ] ], [ [ -109.238779812508227, 47.016515721145467 ], [ -109.041090725448782, 47.242114065648664 ], [ -109.40854611401295, 47.34684748229062 ], [ -109.546317016318312, 47.311488323352869 ], [ -109.580093445900715, 47.034041330487923 ], [ -109.238779812508227, 47.016515721145467 ] ], [ [ -114.551418325589566, 46.816770044840524 ], [ -114.517762409485854, 46.9479008948528 ], [ -114.632303923810994, 46.939085867284852 ], [ -114.629608725314284, 46.872906922018288 ], [ -114.551418325589566, 46.816770044840524 ] ], [ [ -86.976626624120428, 47.65827351311335 ], [ -86.971953892834506, 47.654729666036609 ], [ -86.968348135690306, 47.657943057408595 ], [ -86.971463110055893, 47.660305749897958 ], [ -86.976626624120428, 47.65827351311335 ] ], [ [ -87.160692205233858, 47.749429690268727 ], [ -87.089172468236782, 47.739923671382762 ], [ -87.085276929178065, 47.74648041346245 ], [ -87.150170718202801, 47.755728988531921 ], [ -87.160692205233858, 47.749429690268727 ] ], [ [ -87.276496117165038, 47.795826171964677 ], [ -87.199380481651389, 47.792856657493665 ], [ -87.264273747176517, 47.880835244409852 ], [ -87.269395819398014, 47.879355831482286 ], [ -87.276496117165038, 47.795826171964677 ] ], [ [ -86.775286333742415, 47.81791954661476 ], [ -86.766994110254103, 47.817581256847298 ], [ -86.769706029407459, 47.824398073361486 ], [ -86.775286333742415, 47.81791954661476 ] ], [ [ -115.156490666609557, 47.394081486453672 ], [ -115.058341125144551, 47.404007800134494 ], [ -115.24959652694308, 47.511934985959897 ], [ -115.2035290232335, 47.474191078076998 ], [ -115.156490666609557, 47.394081486453672 ] ], [ [ -115.945575598965306, 47.482378482524105 ], [ -115.941540357354654, 47.479406405795068 ], [ -115.937396976925939, 47.483239006233902 ], [ -115.943068563267218, 47.486039013032567 ], [ -115.945575598965306, 47.482378482524105 ] ], [ [ -116.04881103531757, 47.513946575712495 ], [ -116.010444513528341, 47.505686970281012 ], [ -115.989497740217502, 47.5202073384811 ], [ -116.016932131267879, 47.533727544992828 ], [ -116.04881103531757, 47.513946575712495 ] ], [ [ -108.977267290143473, 48.172800956389935 ], [ -108.973994952520542, 48.171978236014162 ], [ -108.967932669019774, 48.1734446428583 ], [ -108.974799709417852, 48.17716550349472 ], [ -108.977267290143473, 48.172800956389935 ] ], [ [ -113.744195993803302, 48.375899827224949 ], [ -113.578602850442422, 48.517163448701581 ], [ -113.731778117385048, 48.524108368573785 ], [ -113.837231714712729, 48.675113248128532 ], [ -113.994793193973237, 48.669309722650389 ], [ -114.375512512166864, 48.958359469240541 ], [ -114.507562585595409, 48.978911793731505 ], [ -114.479745630796742, 48.810651010918633 ], [ -114.195173615835813, 48.543901971541523 ], [ -114.204095828164441, 48.438000244230871 ], [ -113.744195993803302, 48.375899827224949 ] ], [ [ -116.417324258498596, 48.152520314482757 ], [ -116.414329478860495, 48.1505853848169 ], [ -116.343205903555798, 48.160382731956147 ], [ -116.354658963737052, 48.165928335053344 ], [ -116.417324258498596, 48.152520314482757 ] ], [ [ -115.056793676511305, 48.502739595295083 ], [ -115.036315321553815, 48.496349040264462 ], [ -115.032841024776189, 48.505103544537732 ], [ -115.039273899117092, 48.509515855358408 ], [ -115.056793676511305, 48.502739595295083 ] ], [ [ -116.672155757030652, 48.378621772190549 ], [ -116.647395893622914, 48.381271712091298 ], [ -116.67574685460356, 48.445708050882125 ], [ -116.683337835634745, 48.398512853992102 ], [ -116.672155757030652, 48.378621772190549 ] ], [ [ -113.816896708046016, 48.70508611092945 ], [ -113.81051931778785, 48.698965354479654 ], [ -113.81260787132662, 48.708835666331943 ], [ -113.816896708046016, 48.70508611092945 ] ], [ [ -115.196504598532982, 48.615033332541792 ], [ -115.129978449674525, 48.630025753415467 ], [ -115.087656680666214, 48.667809701374544 ], [ -115.213165247147415, 48.716295470522532 ], [ -115.267138701056865, 48.650033937336637 ], [ -115.196504598532982, 48.615033332541792 ] ], [ [ -116.707140341052849, 48.522421859220543 ], [ -116.682544909312455, 48.604225276109403 ], [ -116.538519707586744, 48.64562473438864 ], [ -116.480918397862439, 48.840882562463364 ], [ -116.835343457201262, 48.992281182860665 ], [ -116.637271792230223, 49.097157236534379 ], [ -116.844242277912599, 49.368388294403573 ], [ -116.886774188209614, 49.572826061315169 ], [ -116.957688078823864, 49.584808398023583 ], [ -117.170441034540843, 49.459079361469051 ], [ -117.194708509354442, 49.121499905052197 ], [ -117.07917424517143, 49.008111982084991 ], [ -117.215451435337172, 48.930382937797923 ], [ -117.13659221245571, 48.89272404395885 ], [ -116.910110716933616, 48.984296159579777 ], [ -116.934938881851693, 48.897659746123139 ], [ -116.758953075395965, 48.748383788096987 ], [ -116.707140341052849, 48.522421859220543 ] ], [ [ -114.66731186482275, 48.750746872600516 ], [ -114.616565148657003, 48.751433426564731 ], [ -114.603317405431909, 48.777871105094498 ], [ -114.623830226305742, 48.784289541417877 ], [ -114.66731186482275, 48.750746872600516 ] ], [ [ -114.78858468324438, 48.780979686678833 ], [ -114.656724672370856, 48.96132013000156 ], [ -114.990625365163282, 48.99929935508888 ], [ -114.934015855456678, 48.889843037052685 ], [ -114.754953524223794, 48.909990469645727 ], [ -114.78858468324438, 48.780979686678833 ] ], [ [ -113.803084427497538, 48.873948235800974 ], [ -113.781740868409926, 48.863346270807433 ], [ -113.776859229765435, 48.876354364830554 ], [ -113.785223433799501, 48.879774111845414 ], [ -113.803084427497538, 48.873948235800974 ] ], [ [ -114.977186130755342, 48.783596482584265 ], [ -114.954393014684399, 48.806797323092532 ], [ -114.98385370215172, 48.828244037882982 ], [ -115.002580301260309, 48.802086219421987 ], [ -114.977186130755342, 48.783596482584265 ] ], [ [ -114.045950863508097, 48.872440622388091 ], [ -113.974956890628278, 48.941822109417217 ], [ -113.992760934392123, 48.956913264004918 ], [ -114.064198136624384, 48.933543849027636 ], [ -114.045950863508097, 48.872440622388091 ] ], [ [ -113.8611505328779, 48.931398472807658 ], [ -113.854901843368623, 48.952894637781114 ], [ -113.869528319161475, 48.976652285684665 ], [ -113.870524493202169, 48.951458085445154 ], [ -113.8611505328779, 48.931398472807658 ] ], [ [ -115.055062517039829, 48.838884797721647 ], [ -115.067897582460603, 48.921467883806152 ], [ -115.14723024438041, 48.99747182703365 ], [ -115.226640198777915, 48.989655175905071 ], [ -115.243685772545888, 48.85007427023929 ], [ -115.055062517039829, 48.838884797721647 ] ], [ [ -114.079815806354588, 49.18295658507877 ], [ -114.035966577772058, 49.187012239987851 ], [ -114.120876342254917, 49.254306637632638 ], [ -114.142724377067296, 49.198003957791457 ], [ -114.079815806354588, 49.18295658507877 ] ], [ [ -116.320437309557775, 49.004557609667771 ], [ -116.300544444977476, 49.001594000110202 ], [ -116.297572200592768, 49.006935047673586 ], [ -116.303706156930218, 49.014683957527893 ], [ -116.320437309557775, 49.004557609667771 ] ], [ [ -116.38094509013014, 49.019221941796062 ], [ -116.32538171035722, 49.025008734100481 ], [ -116.38590354094336, 49.08996780262067 ], [ -116.397283795321727, 49.038482161899985 ], [ -116.38094509013014, 49.019221941796062 ] ], [ [ -116.028054565650592, 49.118537740784035 ], [ -115.919502430972372, 49.146362276033642 ], [ -115.919084157281034, 49.171519795887619 ], [ -115.95853355458695, 49.175875304027244 ], [ -116.028054565650592, 49.118537740784035 ] ], [ [ -115.709402303704309, 49.150886190898305 ], [ -115.687761705841652, 49.194905060679858 ], [ -115.778430419495834, 49.185771805726986 ], [ -115.732487841094851, 49.167392389970097 ], [ -115.709402303704309, 49.150886190898305 ] ], [ [ -116.179722780784203, 49.123900737773042 ], [ -115.949349487441864, 49.271635872048506 ], [ -115.912901155795183, 49.506465735508513 ], [ -116.274610598505163, 49.594811932277906 ], [ -116.103541962164229, 49.645633049376649 ], [ -116.097262550222496, 49.75250941057746 ], [ -116.025010187978268, 49.72025851391372 ], [ -115.992069285888221, 49.873414235133872 ], [ -116.23877840134638, 49.804046953330371 ], [ -116.360651407031838, 49.906032895905227 ], [ -116.701257085250873, 49.847434379574828 ], [ -116.758325200412685, 49.461064623597714 ], [ -116.6729261646081, 49.323713485922624 ], [ -116.581194471776939, 49.207787592477857 ], [ -116.412542190929898, 49.199449106302829 ], [ -116.342977869726155, 49.440291045536306 ], [ -116.257422018167375, 49.387830845472934 ], [ -116.179722780784203, 49.123900737773042 ] ], [ [ -116.051680286530285, 49.137056735726148 ], [ -116.044455212231952, 49.133608927614851 ], [ -116.039184694325428, 49.138336081218071 ], [ -116.04641066966964, 49.141784082694272 ], [ -116.051680286530285, 49.137056735726148 ] ], [ [ -115.494149457793668, 49.297869061251149 ], [ -115.43627825484694, 49.324497599715947 ], [ -115.505141096693634, 49.427074339156157 ], [ -115.669279131573973, 49.343076399343367 ], [ -115.494149457793668, 49.297869061251149 ] ], [ [ -115.215434227208959, 49.450573092279306 ], [ -115.108671946284602, 49.54435142732121 ], [ -115.129363929941306, 49.606229700696389 ], [ -115.299598744826952, 49.509071074643614 ], [ -115.215434227208959, 49.450573092279306 ] ], [ [ -115.43047787383783, 49.492035197493202 ], [ -115.2648483729579, 49.73738726648714 ], [ -115.538165270297156, 49.840407757020145 ], [ -115.63122072243209, 49.701387701503016 ], [ -115.43047787383783, 49.492035197493202 ] ], [ [ -109.636403934539743, 50.842742332913289 ], [ -109.632503740200093, 50.838913032528694 ], [ -109.626786711407163, 50.843400112089149 ], [ -109.633545739981557, 50.844985957621212 ], [ -109.636403934539743, 50.842742332913289 ] ], [ [ -85.844099272438356, 51.410356085657142 ], [ -85.830283694665837, 51.409772488813545 ], [ -85.835559177134741, 51.457057461825187 ], [ -85.846627988561536, 51.451034277828327 ], [ -85.844099272438356, 51.410356085657142 ] ], [ [ -108.767239065954115, 53.04477809795786 ], [ -108.727051434433776, 53.043235323079998 ], [ -108.711302360848038, 53.06819668227574 ], [ -108.770595443482748, 53.06457335287476 ], [ -108.767239065954115, 53.04477809795786 ] ], [ [ -87.989113044215415, 53.395296708145437 ], [ -87.982816190279678, 53.391131782703198 ], [ -87.979151913543546, 53.394989224678184 ], [ -87.982300167244674, 53.397071732839571 ], [ -87.989113044215415, 53.395296708145437 ] ], [ [ -111.112250502333609, 56.081608836478537 ], [ -110.857765367096988, 56.156384757587581 ], [ -110.850488551954783, 56.253361511477593 ], [ -111.324839362592485, 56.453877345091122 ], [ -111.694645491021646, 56.331860664200171 ], [ -111.646317074756908, 56.161444468405108 ], [ -111.112250502333609, 56.081608836478537 ] ], [ [ -72.258942810067495, 33.880627714858079 ], [ -72.151792899749324, 33.865527217956497 ], [ -72.054026818999432, 33.981660375067314 ], [ -72.306000021220186, 34.055577335048881 ], [ -72.367727251558335, 33.980053901970777 ], [ -72.258942810067495, 33.880627714858079 ] ], [ [ -68.384089980975276, 33.792893861608569 ], [ -68.330440371673092, 33.822668893638237 ], [ -68.325131155364161, 33.844795235106453 ], [ -68.397566706187817, 33.833767890133316 ], [ -68.384089980975276, 33.792893861608569 ] ], [ [ -68.250967389144861, 33.77083171539806 ], [ -68.17600713158609, 33.774006476724594 ], [ -68.165330651724346, 33.818253606752549 ], [ -68.234887438777889, 33.837650859365226 ], [ -68.250967389144861, 33.77083171539806 ] ], [ [ -66.540405589118848, 33.522913010062368 ], [ -66.223576044252269, 33.462600236868994 ], [ -66.192060431577218, 33.584446887799288 ], [ -66.419228832798041, 33.671269562368053 ], [ -66.531997420552273, 33.629456103360127 ], [ -66.540405589118848, 33.522913010062368 ] ], [ [ -66.24139621905266, 33.608085404550394 ], [ -66.21949381573971, 33.619858932234301 ], [ -66.23363247600679, 33.6380992460996 ], [ -66.255537914715603, 33.626323788764971 ], [ -66.24139621905266, 33.608085404550394 ] ], [ [ -68.250993083644659, 34.000881367223229 ], [ -68.229226780504121, 34.012910710531315 ], [ -68.243739250646371, 34.030954549827172 ], [ -68.265508408505923, 34.018923285492207 ], [ -68.250993083644659, 34.000881367223229 ] ], [ [ -66.229977699769961, 33.652221730376439 ], [ -66.208065523895286, 33.663992300117194 ], [ -66.222207871009232, 33.682231421572894 ], [ -66.244123118968474, 33.670458908229556 ], [ -66.229977699769961, 33.652221730376439 ] ], [ [ -67.030577179668597, 33.885833253492805 ], [ -66.39667563748759, 33.866640397704543 ], [ -66.272192986111094, 34.025328624192156 ], [ -66.074844704384432, 34.034926238427666 ], [ -66.010412562574089, 34.228495206149844 ], [ -63.577262482777257, 42.675538093783722 ], [ -63.950986416367343, 42.739954182837621 ], [ -64.054742321508613, 42.891244197745181 ], [ -64.374212679872542, 43.034203488825788 ], [ -64.73401399328651, 43.049847821550614 ], [ -65.16366145131569, 42.705749409259255 ], [ -65.202288043983415, 42.578646765084827 ], [ -65.10653344022262, 42.496086002199114 ], [ -65.17725863575123, 42.262713184593274 ], [ -64.917607141879813, 42.256567459969361 ], [ -64.885097469472441, 42.363072210078258 ], [ -65.004176744213538, 42.300876673817655 ], [ -64.894990071350605, 42.460987745671659 ], [ -64.823539007330993, 42.367054680845996 ], [ -64.570313663841802, 42.502876219468604 ], [ -64.353778519408223, 42.421686343605401 ], [ -64.406345278879442, 42.334240312909508 ], [ -64.13961817581594, 42.110032298280061 ], [ -64.949454005381725, 41.822870757852073 ], [ -64.970479790839946, 41.669829822550767 ], [ -64.717171996611512, 41.40295694978434 ], [ -64.964643554797334, 41.175862406437453 ], [ -65.084520597813466, 41.173707483220909 ], [ -65.14170100737212, 40.981357225288846 ], [ -65.806742934971936, 40.771058381253674 ], [ -65.911255795298615, 40.922994788662891 ], [ -66.054273514354264, 40.908797661589546 ], [ -66.172197315165903, 40.70369177757685 ], [ -66.040054081822618, 40.457284947355802 ], [ -66.519437970707727, 40.310963037070827 ], [ -66.459351496699796, 40.121189748290917 ], [ -66.498322673729646, 39.69945575904827 ], [ -66.363008351563195, 39.202823367984003 ], [ -66.451841998660953, 38.651579837478167 ], [ -66.331467881070608, 38.472659286693769 ], [ -66.601810871336269, 38.313676061142075 ], [ -66.666386184198217, 38.074664321154394 ], [ -66.782841126883014, 37.98047316228925 ], [ -66.799072243954754, 37.596570902026315 ], [ -66.926430041300463, 37.549547396742319 ], [ -66.946475846012007, 37.256844094576209 ], [ -67.195546530477387, 37.070421302793449 ], [ -67.219621056994228, 36.960424681389014 ], [ -66.920240700761966, 36.70497201585215 ], [ -67.0592416487126, 36.591314864333548 ], [ -67.104754997006594, 36.41617458920981 ], [ -67.568606543541506, 36.173543663862631 ], [ -67.502489864389545, 36.006161858425394 ], [ -67.387492317616065, 36.013526691883655 ], [ -67.382780138969252, 35.921211433000693 ], [ -67.294606477091662, 35.89911050740141 ], [ -67.354403676736922, 35.886249078072211 ], [ -67.328258094520763, 35.767389495387732 ], [ -67.59967441302166, 35.622250160362604 ], [ -67.777987772897148, 35.697629021697161 ], [ -68.103542906170205, 35.598249114048407 ], [ -68.190184904847342, 35.47505969018372 ], [ -68.143145434545318, 35.360206715504148 ], [ -68.001297048117621, 35.329587994356956 ], [ -68.023062945440941, 35.241516816192508 ], [ -68.346549665213104, 35.065343284392867 ], [ -68.218841928909981, 34.822478242109788 ], [ -68.138244055741268, 34.809213814857358 ], [ -68.217365362316144, 34.677213746775152 ], [ -68.154500444889862, 34.628286827276099 ], [ -67.998784174769156, 34.694341996151138 ], [ -67.949131152907782, 34.632821634063212 ], [ -68.040591788943033, 34.487253752471844 ], [ -67.838668576624428, 34.43795126113141 ], [ -67.896214113525843, 34.39426263809257 ], [ -67.829057223887702, 34.137443172429009 ], [ -67.626776801214049, 34.168641789440805 ], [ -67.541078484197129, 34.065728556912703 ], [ -67.168038179621618, 34.001801423775241 ], [ -67.030577179668597, 33.885833253492805 ] ], [ [ -66.453923569051796, 35.066874969666522 ], [ -66.181269582668548, 35.014330413248295 ], [ -65.946819322716252, 35.15673349536312 ], [ -65.785725289652817, 35.12798161913063 ], [ -65.689055760174739, 35.487774310389639 ], [ -65.997671296163006, 35.494415069638322 ], [ -66.528281612343108, 35.309592323976531 ], [ -66.59728261132139, 35.206752791437609 ], [ -66.453923569051796, 35.066874969666522 ] ], [ [ -66.012875654289104, 35.035081311403999 ], [ -66.008674087278507, 35.029733059581893 ], [ -66.002142483318167, 35.033172713401228 ], [ -66.006343147557899, 35.038521486457256 ], [ -66.012875654289104, 35.035081311403999 ] ], [ [ -66.733323353998188, 35.712154316308023 ], [ -66.515071540631141, 35.672209585424561 ], [ -66.446242078569483, 35.708439589408108 ], [ -66.478743106165837, 35.810387204951404 ], [ -66.587490229532918, 35.826887001461991 ], [ -66.733323353998188, 35.712154316308023 ] ], [ [ -67.158447280294496, 36.059308823024871 ], [ -67.151574717864918, 36.050829452978249 ], [ -67.145426257058574, 36.057115859114475 ], [ -67.148861814438135, 36.061355951973177 ], [ -67.158447280294496, 36.059308823024871 ] ], [ [ -67.364323490936599, 36.139577650666418 ], [ -67.346944232135996, 36.136675388211344 ], [ -67.3313539742405, 36.232851469707988 ], [ -67.34185071817484, 36.22728765342665 ], [ -67.364323490936599, 36.139577650666418 ] ], [ [ -65.490376004577456, 36.342795129984644 ], [ -65.407997484837992, 36.488514167717369 ], [ -64.087573713516946, 41.051734992405756 ], [ -64.473506015407366, 40.506760759337524 ], [ -64.542692519144737, 40.157918151927539 ], [ -64.89777164025331, 39.745305132533176 ], [ -64.888841304978413, 39.585427975729985 ], [ -64.94821908799068, 39.573126266919274 ], [ -64.894603207802163, 39.405339226849485 ], [ -65.045147171472266, 39.250349478854091 ], [ -65.200037979311361, 39.200195160571106 ], [ -65.416715819348838, 39.260202560545849 ], [ -65.683788882449448, 39.699176442582832 ], [ -65.926479244336946, 39.837042624062263 ], [ -66.120473714894274, 39.794938186170796 ], [ -66.110278940800256, 39.522357905475026 ], [ -65.885934279833876, 39.213365181068241 ], [ -65.937838989794898, 38.973081696242303 ], [ -65.61247681778903, 38.777063036720925 ], [ -65.545432123804972, 38.520352945621788 ], [ -65.643443117354295, 38.264569778577915 ], [ -65.936720499441151, 38.042131134665595 ], [ -65.885011654500033, 37.801082206132563 ], [ -65.748382956640512, 37.69089286317125 ], [ -65.741618092481843, 37.507337285639281 ], [ -65.875319295921244, 36.937039716007845 ], [ -66.117313979689371, 36.750542168973453 ], [ -66.035731347580281, 36.619740860763251 ], [ -65.715229630484927, 36.540700024475392 ], [ -65.490376004577456, 36.342795129984644 ] ], [ [ -64.068268080524291, 41.133791294304928 ], [ -64.063918728523134, 41.12853440902974 ], [ -64.048128301958116, 41.179716607183543 ], [ -64.055111964041373, 41.176442234225632 ], [ -64.068268080524291, 41.133791294304928 ] ], [ [ -64.824528438066878, 42.493792894334177 ], [ -64.817413815054266, 42.485477532589314 ], [ -64.80613725054863, 42.4907226941122 ], [ -64.813250091330985, 42.49903861149069 ], [ -64.824528438066878, 42.493792894334177 ] ], [ [ -67.025531736590551, 36.646407685294456 ], [ -66.982179719656358, 36.738226047377381 ], [ -67.051444004445074, 36.765370537749298 ], [ -67.090989892889127, 36.687982971546525 ], [ -67.025531736590551, 36.646407685294456 ] ], [ [ -106.727394922553998, 39.069538573065898 ], [ -106.528382767009262, 39.168068731990651 ], [ -106.517590717398548, 39.301910425910251 ], [ -106.628200134299931, 39.464885957165286 ], [ -106.870899108716884, 39.367001008480472 ], [ -106.654122025360437, 39.381576314200302 ], [ -106.652310219215678, 39.248607237530962 ], [ -106.852945808529881, 39.27948405518255 ], [ -106.727394922553998, 39.069538573065898 ] ], [ [ -66.911642258928453, 37.622636296176168 ], [ -66.861487206428507, 37.629751372990548 ], [ -66.849895599329855, 37.673323430048377 ], [ -66.925042311166209, 37.663088135943127 ], [ -66.911642258928453, 37.622636296176168 ] ], [ [ -89.716089373517917, 39.845617315881483 ], [ -89.514005459665867, 39.863717599591219 ], [ -89.48778519367778, 39.92465622534889 ], [ -89.708583611725743, 39.993136883894223 ], [ -89.764513803817124, 39.911021173435046 ], [ -89.716089373517917, 39.845617315881483 ] ], [ [ -106.398034418843054, 39.723189619809339 ], [ -106.370659934239654, 39.736028477649036 ], [ -106.348667150562989, 39.75603898096665 ], [ -106.420698553356644, 39.751377511213164 ], [ -106.398034418843054, 39.723189619809339 ] ], [ [ -107.272074220729493, 39.811816029025749 ], [ -107.22123581545388, 39.830405321661217 ], [ -107.257795367952639, 39.934969905451112 ], [ -107.298478622792459, 39.869293508131051 ], [ -107.272074220729493, 39.811816029025749 ] ], [ [ -105.718829384539305, 40.111993878098225 ], [ -105.689706762365375, 40.172926721157644 ], [ -105.731028496973209, 40.229582464948507 ], [ -105.749041587521646, 40.169334511944854 ], [ -105.718829384539305, 40.111993878098225 ] ], [ [ -106.749498971558637, 40.28595424650694 ], [ -106.627875267120189, 40.422843158813293 ], [ -106.624789614476725, 41.061696770283874 ], [ -107.224061795818827, 41.356494367792365 ], [ -107.276886340382532, 41.106204911287442 ], [ -107.196019579495697, 41.067739600709075 ], [ -107.180379704073061, 40.936803141341116 ], [ -107.422967988960195, 40.829703926982013 ], [ -107.442338769186634, 40.749638597703417 ], [ -107.290570944768461, 40.696697205185075 ], [ -107.130842649807562, 40.742002799135768 ], [ -107.130204212355522, 40.815171210327378 ], [ -106.954034988058112, 40.801502447488105 ], [ -106.749498971558637, 40.28595424650694 ] ], [ [ -107.195383574019203, 40.847728568551091 ], [ -107.191887493414868, 40.844444271844004 ], [ -107.183064788464904, 40.848568356509162 ], [ -107.193137267062923, 40.854927297019941 ], [ -107.195383574019203, 40.847728568551091 ] ], [ [ -105.974226917420793, 40.341792002128813 ], [ -105.86992691767415, 40.450531465553823 ], [ -105.732675877461162, 40.501188403570872 ], [ -106.01693852198035, 40.74111452173517 ], [ -105.974226917420793, 40.341792002128813 ] ], [ [ -105.832474318593, 40.369908622822614 ], [ -105.746179194570743, 40.375151785367194 ], [ -105.75386216491367, 40.448772020796468 ], [ -105.840218462152833, 40.443527125640863 ], [ -105.832474318593, 40.369908622822614 ] ], [ [ -111.155835490813274, 40.657736804060661 ], [ -111.079994475993431, 40.672124703739541 ], [ -111.090274506265189, 40.737500093160008 ], [ -111.223726859842827, 40.718318676921527 ], [ -111.155835490813274, 40.657736804060661 ] ], [ [ -106.346905890783106, 41.096484583021898 ], [ -106.190700443995027, 41.462502567602058 ], [ -106.601988661059323, 41.655786864445446 ], [ -106.687642138770826, 41.452938076306424 ], [ -106.635423290130802, 41.302685397304955 ], [ -106.346905890783106, 41.096484583021898 ] ], [ [ -106.484406255736886, 41.268470610199778 ], [ -106.346490848151035, 41.365018882723078 ], [ -106.505585890372402, 41.468397836318104 ], [ -106.561800008275767, 41.417167946557022 ], [ -106.484406255736886, 41.268470610199778 ] ], [ [ -111.173054194757995, 40.766683893280316 ], [ -111.056834015671512, 40.769683691387158 ], [ -111.043018451487711, 40.808040588863726 ], [ -111.153129987824443, 40.825194536491829 ], [ -111.173054194757995, 40.766683893280316 ] ], [ [ -115.511211122508456, 40.385944700563563 ], [ -115.440851749184532, 40.533679131761602 ], [ -115.498140224079577, 40.612361026027187 ], [ -115.570391262529867, 40.474220859870911 ], [ -115.511211122508456, 40.385944700563563 ] ], [ [ -89.577054421134733, 42.494262830664049 ], [ -89.549001674456903, 42.576037482591538 ], [ -89.571628919915597, 42.594091099180964 ], [ -89.58671365330062, 42.533679920993748 ], [ -89.577054421134733, 42.494262830664049 ] ], [ [ -108.552827326428954, 42.318379789168695 ], [ -108.556938182101007, 42.348673596322641 ], [ -108.596637230118176, 42.349221745977765 ], [ -108.579057752190678, 42.328672935410403 ], [ -108.552827326428954, 42.318379789168695 ] ], [ [ -78.784798959549633, 42.131486710971892 ], [ -78.630195651656948, 42.18715686550194 ], [ -78.629183143287804, 42.318565966643277 ], [ -78.794047199142767, 42.439259118710979 ], [ -78.90537728965289, 42.667807693566623 ], [ -79.055218668335584, 42.660197793449655 ], [ -79.141692585351166, 42.429471176950905 ], [ -78.784798959549633, 42.131486710971892 ] ], [ [ -112.102036710767763, 42.126826079192256 ], [ -112.060753657356258, 42.255313793574558 ], [ -112.100882759190696, 42.293070524791787 ], [ -112.172978304788131, 42.222834226457032 ], [ -112.102036710767763, 42.126826079192256 ] ], [ [ -113.784324552880079, 42.095650061340784 ], [ -113.522200115761848, 42.156331526559846 ], [ -113.475757793996053, 42.336748727047478 ], [ -113.752789911102639, 42.374313923901802 ], [ -113.784324552880079, 42.095650061340784 ] ], [ [ -113.718836873712874, 42.268016803590776 ], [ -113.638329492952309, 42.266027837368526 ], [ -113.627977276727634, 42.277335997415058 ], [ -113.704113944960554, 42.300276905717283 ], [ -113.718836873712874, 42.268016803590776 ] ], [ [ -113.023453633845548, 42.311223460885657 ], [ -112.907085902610305, 42.393468503035763 ], [ -112.978408474127605, 42.554813543032431 ], [ -113.09199678673086, 42.525206402131225 ], [ -113.147736945394882, 42.413561872505696 ], [ -113.023453633845548, 42.311223460885657 ] ], [ [ -114.220006538465583, 42.203451326880568 ], [ -114.206041143054506, 42.217237394678506 ], [ -114.225819872570071, 42.233612087261662 ], [ -114.246764961722164, 42.21293143610994 ], [ -114.220006538465583, 42.203451326880568 ] ], [ [ -112.768709189542577, 42.380094493107251 ], [ -112.667434233807583, 42.460657956931236 ], [ -112.660406556024483, 42.592781193612339 ], [ -112.821895635885767, 42.676985240596665 ], [ -112.911846796952958, 42.568351373012874 ], [ -112.768709189542577, 42.380094493107251 ] ], [ [ -89.71304480609416, 43.266092858082381 ], [ -89.649952274136794, 43.333522776956784 ], [ -89.793392327247403, 43.320282685395796 ], [ -89.740874830478134, 43.301501168907578 ], [ -89.71304480609416, 43.266092858082381 ] ], [ [ -112.417708942644083, 42.579240646887683 ], [ -112.30168320292492, 42.595931290337617 ], [ -112.297449504952837, 42.714935700427027 ], [ -112.570354022296698, 42.769516187536212 ], [ -112.417708942644083, 42.579240646887683 ] ], [ [ -79.805144441957722, 42.807305859664531 ], [ -79.439063040886865, 42.865173874962252 ], [ -79.351126868434235, 43.044568106067381 ], [ -79.710194178266804, 43.241439648866766 ], [ -79.85745961097976, 43.43664735986151 ], [ -80.105185212109376, 43.534420414899571 ], [ -80.113596476145645, 43.752112227277195 ], [ -80.514254125111961, 44.410861443895385 ], [ -80.834549861345465, 44.539515628752277 ], [ -81.226007069133914, 44.399309648551011 ], [ -81.264783074944432, 44.279539009454261 ], [ -81.050359839135297, 44.302390992849958 ], [ -81.002369720690325, 44.217048876013081 ], [ -81.028762980653738, 43.757695759334858 ], [ -80.483019304792535, 43.657986268777861 ], [ -80.175808694948913, 43.112333878354846 ], [ -79.805144441957722, 42.807305859664531 ] ], [ [ -79.821222513869998, 42.90200152581275 ], [ -79.565571264567922, 42.92439063834702 ], [ -79.521823978885209, 43.05154053383518 ], [ -79.805295777319813, 43.183961500168827 ], [ -79.92778948363781, 43.368560113677312 ], [ -80.076580284247754, 43.373507965640385 ], [ -80.131962655157054, 43.20525040009241 ], [ -79.821222513869998, 42.90200152581275 ] ], [ [ -80.877626553046738, 43.897989573725503 ], [ -80.750232088713233, 43.881418360681991 ], [ -80.72715857081252, 43.973196142958273 ], [ -80.930886454245766, 43.945290903021174 ], [ -80.877626553046738, 43.897989573725503 ] ], [ [ -80.779361209026803, 44.106963143706423 ], [ -80.65358954810506, 44.119039065934224 ], [ -80.586316728260101, 44.221992808311043 ], [ -80.735619007333128, 44.390460672490065 ], [ -80.896075677276542, 44.288621303036678 ], [ -80.779361209026803, 44.106963143706423 ] ], [ [ -107.415757077170724, 43.625689140995355 ], [ -107.392449534400171, 43.630702951873104 ], [ -107.418374112318418, 43.646310935483228 ], [ -107.415757077170724, 43.625689140995355 ] ], [ [ -68.511246254222314, 42.189594660393155 ], [ -68.192447625723531, 42.150090638714438 ], [ -68.032550418740954, 42.222631972644493 ], [ -68.134638301029455, 42.252931302037439 ], [ -68.169161618701054, 42.346793984844361 ], [ -68.371154075160462, 42.376608302468966 ], [ -68.579303473112105, 42.347684022762948 ], [ -68.511246254222314, 42.189594660393155 ] ], [ [ -65.213920926813529, 41.673022571268092 ], [ -64.993429949459227, 41.740803436309498 ], [ -64.929093090353703, 41.95355673634436 ], [ -65.068577168057516, 42.08852514465778 ], [ -65.051524684323752, 42.212420104702964 ], [ -65.27301115110339, 42.144751999938649 ], [ -65.368539060486455, 42.026659338689214 ], [ -65.425662958399499, 41.835135812993052 ], [ -65.213920926813529, 41.673022571268092 ] ], [ [ -66.475675841598047, 41.967719291352324 ], [ -66.423353202562666, 41.974557777522662 ], [ -66.356751562967219, 42.068233667756438 ], [ -66.495205123853836, 42.07507528351816 ], [ -66.475675841598047, 41.967719291352324 ] ], [ [ -65.588326916621213, 41.824400885743074 ], [ -65.443953244599655, 41.838155583703887 ], [ -65.399568002868051, 41.987140029236713 ], [ -65.469716594663566, 42.154840017006691 ], [ -65.367810815126802, 42.294132802996785 ], [ -65.418863559258369, 42.324790305950046 ], [ -65.363882360739666, 42.575789057578049 ], [ -65.445380860764985, 42.573976319642284 ], [ -65.489958152192997, 42.425493408143858 ], [ -65.731908277751756, 42.219928470343035 ], [ -65.737435997435313, 41.997899096805554 ], [ -65.588326916621213, 41.824400885743074 ] ], [ [ -68.102112874534399, 42.262296483426994 ], [ -68.078572414638003, 42.273882470601137 ], [ -68.094230344685542, 42.291301979382297 ], [ -68.117774156396877, 42.279714784362149 ], [ -68.102112874534399, 42.262296483426994 ] ], [ [ -81.573110091154703, 43.795442563446827 ], [ -81.301918175867968, 43.886171842057045 ], [ -81.259795625871007, 44.012926374351466 ], [ -81.334751677446533, 44.211194826930253 ], [ -81.69870923324045, 44.087734839091674 ], [ -81.714259342080055, 43.860436950507228 ], [ -81.573110091154703, 43.795442563446827 ] ], [ [ -81.553075611698901, 43.882709007054885 ], [ -81.38492538042739, 43.935503041089532 ], [ -81.417344001815053, 44.154082552856963 ], [ -81.688358142259773, 44.000526798380903 ], [ -81.553075611698901, 43.882709007054885 ] ], [ [ -68.839060546718642, 42.422142824696074 ], [ -68.609894096677465, 42.381396404951289 ], [ -68.570728104281031, 42.545799218875018 ], [ -68.662794826067966, 42.633077639136744 ], [ -68.816983511872564, 42.618608478061503 ], [ -68.902323187826539, 42.50519776825238 ], [ -68.839060546718642, 42.422142824696074 ] ], [ [ -66.279088902588171, 42.025545665732167 ], [ -66.157000064902846, 42.065723863910392 ], [ -66.101139145310469, 42.257217435676488 ], [ -65.87637194379532, 42.27272068039612 ], [ -65.629717447478527, 42.425997011807254 ], [ -65.508977559088237, 42.828778515341192 ], [ -65.265085753394459, 43.03329495723689 ], [ -65.325346684277889, 43.102541891890489 ], [ -65.445036999595374, 43.040340443874832 ], [ -65.361505234119704, 43.314922687422268 ], [ -65.632502750467367, 43.42487549148256 ], [ -65.665059080100434, 43.518516909692991 ], [ -65.613838097595178, 43.687100090581033 ], [ -65.296699933680884, 43.923335666323595 ], [ -65.257665084788755, 44.049382913430087 ], [ -65.368058381172077, 44.089072014375155 ], [ -65.3965861321077, 44.2627235491546 ], [ -65.555984727790076, 44.243977928501224 ], [ -65.532729953321635, 44.335329068572186 ], [ -65.309415538238937, 44.475830794548436 ], [ -65.330522351067728, 44.57408843225695 ], [ -65.007540563502403, 44.522608061265686 ], [ -64.646314237929033, 44.655160449085791 ], [ -64.663478971754301, 44.730874504236823 ], [ -64.354242110796335, 44.761463863953423 ], [ -64.266136409574045, 45.032445383412195 ], [ -64.46089612122995, 45.166625277740124 ], [ -64.873842002743459, 45.137853918737207 ], [ -64.867669985251524, 45.060224083439628 ], [ -65.103793759418281, 45.097752151099087 ], [ -65.203928170579701, 45.204576573490321 ], [ -65.164249877274841, 45.329501496578125 ], [ -64.821524905262194, 45.428285558664271 ], [ -64.607772416757214, 45.830750053170341 ], [ -65.056698811470582, 46.053752086122458 ], [ -65.054964289469126, 46.140416192181448 ], [ -65.141891939773814, 46.146968024151711 ], [ -65.238662223733144, 46.364190954901979 ], [ -65.381708307567408, 46.407828892616401 ], [ -65.377601069593865, 46.486925787479443 ], [ -65.73385733062841, 46.45445145418087 ], [ -65.833155776503418, 46.339491591907446 ], [ -66.014265902124848, 46.330333294997132 ], [ -65.907509086471421, 46.270952816584412 ], [ -65.894292596872063, 46.145786036367682 ], [ -65.38386214762825, 46.060971112878839 ], [ -65.388658344003403, 45.757182568899111 ], [ -65.679240825870011, 45.60596396375184 ], [ -65.708268748599806, 45.479630015798087 ], [ -65.50071203280342, 45.382082080821107 ], [ -65.625798341229597, 45.379634492637024 ], [ -65.62312937587258, 45.320710465970684 ], [ -65.421604574970473, 45.238697870623554 ], [ -65.577636787492295, 45.168571173464812 ], [ -65.581130171913301, 45.256536096351354 ], [ -65.846302524013211, 45.369949175505816 ], [ -65.901805715009232, 45.291156274609087 ], [ -65.868419222150379, 45.198670098137455 ], [ -65.697393915457397, 45.150423461059063 ], [ -65.765923064436066, 45.095435246504742 ], [ -65.664254223576123, 45.057809471215535 ], [ -65.674813179966534, 44.840521947694064 ], [ -65.909913981980409, 44.694704566215933 ], [ -66.527526325278259, 44.555311183431265 ], [ -66.66577392672346, 44.400830127988883 ], [ -66.795057874822476, 43.996009483674143 ], [ -66.931869643360358, 43.979784901034158 ], [ -67.01218870097766, 44.12378302708197 ], [ -66.802161907346189, 44.42144245265348 ], [ -66.876755438737661, 44.447580909333006 ], [ -66.930883374292293, 44.367983854932568 ], [ -66.972442843825107, 44.46894524474132 ], [ -66.923962307676845, 44.600171031689833 ], [ -66.947437630612555, 44.48712105320778 ], [ -66.848577550477216, 44.472286994623119 ], [ -66.786463972831456, 44.682049643525701 ], [ -66.887354548748249, 45.15610457086197 ], [ -66.848399934750745, 45.302985961267495 ], [ -67.114288772884692, 45.451051565972335 ], [ -67.242912181631624, 45.716345872436349 ], [ -67.558331239162641, 45.595456320579174 ], [ -67.605720742757853, 45.645698427325755 ], [ -67.701880149905193, 45.529103523686885 ], [ -67.875199994812675, 45.539027509975192 ], [ -68.036908401973648, 45.192230678040495 ], [ -68.203252190253693, 45.150463747907168 ], [ -68.456622379187053, 44.815614753041572 ], [ -68.746521591483713, 44.674633409915401 ], [ -68.946970452247839, 44.615160019576209 ], [ -68.914283022219408, 44.77037975072264 ], [ -69.085247205312797, 44.895943587287505 ], [ -69.40586704547087, 44.924794157050727 ], [ -69.445485588479855, 44.77767013171033 ], [ -69.324542397991507, 44.543083049706482 ], [ -69.473750392835498, 44.213779686447495 ], [ -69.398359776710308, 43.809093167922704 ], [ -69.293088103349618, 43.669852504584647 ], [ -68.795635814662063, 43.600069397774895 ], [ -68.742328358295111, 43.460512367130512 ], [ -68.643253024384279, 43.490398754771689 ], [ -68.577356217193497, 43.473929322569013 ], [ -68.637055689542862, 43.401459160317387 ], [ -68.071447875350827, 43.363672366205087 ], [ -67.745679818150805, 43.22741894645354 ], [ -67.465195386366531, 43.362143996450193 ], [ -67.348764171433317, 43.344671162826444 ], [ -67.487749887648732, 43.248104007216156 ], [ -67.243957397892601, 43.056668455996039 ], [ -67.219927290618784, 42.838808515461949 ], [ -67.096685092717266, 42.72426294815746 ], [ -67.104127774461347, 42.681071648951303 ], [ -67.351553602455951, 42.800364114641461 ], [ -67.462246726817995, 42.728545490352893 ], [ -67.762380728946354, 42.950663639994396 ], [ -67.931847207942639, 42.739623195150578 ], [ -67.737179381832362, 42.606912668060794 ], [ -67.639982510914294, 42.414903102242064 ], [ -67.329766780052495, 42.341997320632935 ], [ -66.997693858915611, 42.487211559589127 ], [ -67.020058910580389, 42.586531485857087 ], [ -66.794107092002889, 42.500042174627168 ], [ -66.763635135078616, 42.324669945110806 ], [ -66.612592283391564, 42.360583569947735 ], [ -66.570795245922056, 42.472243227035847 ], [ -66.612521244655042, 42.293872820160509 ], [ -66.694436718208109, 42.217773084170702 ], [ -66.570207704611605, 42.160846335859588 ], [ -66.324891416864148, 42.315155927642735 ], [ -66.211598701256037, 42.497270752514879 ], [ -66.015108735604301, 42.517498171439442 ], [ -65.975345242705473, 42.415063222550906 ], [ -66.248982664230468, 42.303085809862488 ], [ -66.279088902588171, 42.025545665732167 ] ], [ [ -67.076902364001455, 42.63254476522016 ], [ -67.069591278668184, 42.624324549865442 ], [ -67.058418857876788, 42.629702647619538 ], [ -67.065728286256501, 42.637923401060078 ], [ -67.076902364001455, 42.63254476522016 ] ], [ [ -65.694916479155538, 42.814418297649404 ], [ -65.687706478787916, 42.806152817492979 ], [ -65.676439600133392, 42.811440997953724 ], [ -65.683647871891679, 42.819707016438528 ], [ -65.694916479155538, 42.814418297649404 ] ], [ [ -65.611749657412702, 42.889798058494065 ], [ -65.59326125607997, 42.886813823114665 ], [ -65.58773223663502, 42.937404526774301 ], [ -65.599019307711714, 42.932125474270094 ], [ -65.611749657412702, 42.889798058494065 ] ], [ [ -65.52845657247039, 42.965105498408576 ], [ -65.509956649080024, 42.962114328436378 ], [ -65.504380944146078, 43.012679040438741 ], [ -65.515681019839093, 43.007407522300383 ], [ -65.52845657247039, 42.965105498408576 ] ], [ [ -68.701368867876198, 43.535652827732832 ], [ -68.693856272176106, 43.527543354508346 ], [ -68.682670620077545, 43.532988860922565 ], [ -68.691100499909723, 43.537710227278964 ], [ -68.701368867876198, 43.535652827732832 ] ], [ [ -68.350933167743918, 43.485382979296716 ], [ -68.285087771071275, 43.468810318678266 ], [ -68.273886220520865, 43.474233393672826 ], [ -68.310544393498915, 43.486588636365518 ], [ -68.350933167743918, 43.485382979296716 ] ], [ [ -67.812202391050576, 43.890940254943445 ], [ -67.512036997463923, 43.839665687433708 ], [ -67.46459947479039, 43.971581872768667 ], [ -67.327881972516778, 44.039175614409992 ], [ -67.339361379092168, 44.194601889336724 ], [ -67.191434232730586, 44.282336524722965 ], [ -67.33972375803171, 44.33330611909355 ], [ -67.398547920580029, 44.448080366912038 ], [ -67.738989111427713, 44.545191557166504 ], [ -67.893747188152759, 44.034644667795703 ], [ -67.812202391050576, 43.890940254943445 ] ], [ [ -68.71134736026238, 44.151797851052812 ], [ -68.615259360873935, 44.225866992346006 ], [ -68.728982547892116, 44.292683427484725 ], [ -68.747091406253077, 44.244437677707275 ], [ -68.71134736026238, 44.151797851052812 ] ], [ [ -67.129489445350004, 44.141376475289874 ], [ -67.110719166140981, 44.138566660398254 ], [ -67.093649371590885, 44.230870232806545 ], [ -67.10500419329469, 44.225544210182619 ], [ -67.129489445350004, 44.141376475289874 ] ], [ [ -69.036634051916977, 44.54720034992058 ], [ -69.029015138701126, 44.539158349680534 ], [ -68.958665780994181, 44.536409441468173 ], [ -68.99581195982762, 44.548544683684433 ], [ -69.036634051916977, 44.54720034992058 ] ], [ [ -67.004717761343215, 44.342202812641823 ], [ -67.001985750731322, 44.334773369902869 ], [ -66.990613633986456, 44.34008898410972 ], [ -66.998045609501006, 44.348223010234904 ], [ -67.004717761343215, 44.342202812641823 ] ], [ [ -65.726230703584449, 44.321818120594259 ], [ -65.675256912517128, 44.423713244390669 ], [ -65.564357315444767, 44.384292341429472 ], [ -65.395008739090457, 44.533340687635096 ], [ -65.44805537985647, 44.59266812024903 ], [ -65.733434261441161, 44.498724837300919 ], [ -65.726230703584449, 44.321818120594259 ] ], [ [ -64.58943040421066, 44.799703375299586 ], [ -64.582166577303724, 44.791501890730473 ], [ -64.570609173752999, 44.796655359450178 ], [ -64.577871137081814, 44.804857300919124 ], [ -64.58943040421066, 44.799703375299586 ] ], [ [ -65.256268207320858, 45.431306794493935 ], [ -65.248899110151498, 45.423167141974389 ], [ -65.237301179456338, 45.428337774716582 ], [ -65.245726328948962, 45.433150449339664 ], [ -65.256268207320858, 45.431306794493935 ] ], [ [ -109.790865560176428, 43.881077761537682 ], [ -109.76440886718845, 43.904829073291104 ], [ -109.697624544372815, 43.940399717726926 ], [ -109.800198246528652, 43.942439837878808 ], [ -109.790865560176428, 43.881077761537682 ] ], [ [ -113.13019949708908, 43.707672999928064 ], [ -113.116982333499863, 43.727231647576673 ], [ -113.140227414520496, 43.761515455043771 ], [ -113.145958868894667, 43.724414331044031 ], [ -113.13019949708908, 43.707672999928064 ] ], [ [ -110.404971795352822, 43.961612208260654 ], [ -110.394441847653695, 43.971142466816318 ], [ -110.418213626207006, 43.969189864089664 ], [ -110.404971795352822, 43.961612208260654 ] ], [ [ -109.59274602659363, 44.163242214349197 ], [ -109.593325543141574, 44.16708921940554 ], [ -109.596975981342553, 44.164643892169586 ], [ -109.59274602659363, 44.163242214349197 ] ], [ [ -114.018017099073177, 43.78245519236016 ], [ -113.966840034702884, 43.816826104734155 ], [ -113.988158816431365, 43.836417112314422 ], [ -114.048446772828598, 43.808515220255501 ], [ -114.018017099073177, 43.78245519236016 ] ], [ [ -68.542077360271989, 42.858371108106674 ], [ -68.261510833094178, 42.965124606065906 ], [ -68.442150385256596, 43.227112051073007 ], [ -68.609975348729591, 43.148106512117657 ], [ -68.639703117708137, 43.019999689170902 ], [ -68.542077360271989, 42.858371108106674 ] ], [ [ -109.538641655894011, 44.204412554479859 ], [ -109.514927816921215, 44.247360143879561 ], [ -109.419389925069709, 44.307977390025684 ], [ -109.501353728040954, 44.301697364400425 ], [ -109.538641655894011, 44.204412554479859 ] ], [ [ -81.298145573643652, 44.256916862480544 ], [ -81.270529798885931, 44.273047939166986 ], [ -81.294331006267413, 44.283846577971985 ], [ -81.298145573643652, 44.256916862480544 ] ], [ [ -112.375271997335219, 44.029196991018836 ], [ -112.356386651264259, 44.038321608161539 ], [ -112.379174407734581, 44.050963097786109 ], [ -112.386664736417316, 44.035517180910162 ], [ -112.375271997335219, 44.029196991018836 ] ], [ [ -108.905764149025259, 44.415557226384948 ], [ -108.896268314325752, 44.433512781367412 ], [ -108.909456759271279, 44.44117224041706 ], [ -108.916196642659955, 44.432048100077601 ], [ -108.905764149025259, 44.415557226384948 ] ], [ [ -111.427257694661421, 44.308099877023054 ], [ -111.43016027342145, 44.325153843253958 ], [ -111.452543546750405, 44.314548814398023 ], [ -111.427257694661421, 44.308099877023054 ] ], [ [ -68.636166002164998, 43.180980701002241 ], [ -68.612469813899907, 43.192570295825291 ], [ -68.628366350354213, 43.209847154494966 ], [ -68.652065888556777, 43.198256426474472 ], [ -68.636166002164998, 43.180980701002241 ] ], [ [ -112.986154626593503, 44.230628854308733 ], [ -113.001241270690855, 44.311543333479648 ], [ -113.127427299688875, 44.338443376666305 ], [ -113.025817623320904, 44.28102226633883 ], [ -112.986154626593503, 44.230628854308733 ] ], [ [ -113.582767308228341, 44.185612499297861 ], [ -113.574164723924099, 44.20381953333677 ], [ -113.609801951495882, 44.200294075945465 ], [ -113.582767308228341, 44.185612499297861 ] ], [ [ -110.367297734703655, 44.483769159747894 ], [ -110.307997722441513, 44.491454156969695 ], [ -110.309702436204034, 44.540240312636676 ], [ -110.371379614669507, 44.509342623082993 ], [ -110.367297734703655, 44.483769159747894 ] ], [ [ -68.613213223356425, 43.265864733196267 ], [ -68.589493971468343, 43.277445224671276 ], [ -68.605400154738646, 43.294714825248121 ], [ -68.629122765099638, 43.283133207973094 ], [ -68.613213223356425, 43.265864733196267 ] ], [ [ -68.554949695425293, 43.257491317484323 ], [ -68.496696059924261, 43.249099227008656 ], [ -68.461416300738236, 43.303082764525726 ], [ -68.559337248166514, 43.317184640725912 ], [ -68.554949695425293, 43.257491317484323 ] ], [ [ -68.438452335839173, 43.240688463723416 ], [ -68.414718658781055, 43.252248514563519 ], [ -68.430590188512951, 43.26953577319982 ], [ -68.454327243417112, 43.257974595609333 ], [ -68.438452335839173, 43.240688463723416 ] ], [ [ -65.366208431949786, 42.768250649193497 ], [ -65.342235840641877, 42.779448709278512 ], [ -65.357492326383195, 42.797044975619798 ], [ -65.381468626897401, 42.785845771526184 ], [ -65.366208431949786, 42.768250649193497 ] ], [ [ -65.308527526270012, 42.758834609759802 ], [ -65.284550699587982, 42.770025832227446 ], [ -65.299795547382871, 42.787627885945923 ], [ -65.323776089322934, 42.77643551913598 ], [ -65.308527526270012, 42.758834609759802 ] ], [ [ -65.269966697713059, 42.885820306110105 ], [ -65.245954907452372, 42.896997822665391 ], [ -65.261212391476406, 42.91458935826536 ], [ -65.285227911018865, 42.903410708297841 ], [ -65.269966697713059, 42.885820306110105 ] ], [ [ -65.212226692956222, 42.876380989634718 ], [ -65.18821067389139, 42.887551668306763 ], [ -65.203456486393236, 42.905148997518651 ], [ -65.22747624080327, 42.893977185097683 ], [ -65.212226692956222, 42.876380989634718 ] ], [ [ -69.736446266892983, 43.599136908607065 ], [ -69.66417444063066, 43.604187075343766 ], [ -69.570255158819833, 43.78884981911613 ], [ -69.618491749098425, 43.97081772020276 ], [ -69.746738650397674, 44.025045273284604 ], [ -69.876290580230787, 43.742802654795099 ], [ -69.736446266892983, 43.599136908607065 ] ], [ [ -113.209176365544209, 44.450413119869467 ], [ -113.24008585274882, 44.613336640253863 ], [ -113.352078742034095, 44.65874324925278 ], [ -113.356707249398028, 44.571774277518841 ], [ -113.209176365544209, 44.450413119869467 ] ], [ [ -115.766649102799221, 44.198313587607245 ], [ -115.75773805020674, 44.235830259951442 ], [ -115.733677897742666, 44.281964131425362 ], [ -115.795948422546132, 44.275081723879723 ], [ -115.766649102799221, 44.198313587607245 ] ], [ [ -65.186417907718322, 42.960975571795018 ], [ -65.162378528875948, 42.97213707490468 ], [ -65.177632747243692, 42.989727343118595 ], [ -65.201675870830869, 42.978564713533359 ], [ -65.186417907718322, 42.960975571795018 ] ], [ [ -65.128642141995684, 42.951514555763268 ], [ -65.104598542372315, 42.96266922064261 ], [ -65.119841066322223, 42.98026528592473 ], [ -65.143888416758784, 42.969109494231077 ], [ -65.128642141995684, 42.951514555763268 ] ], [ [ -111.964766105353547, 44.612997279592925 ], [ -111.941243809797641, 44.617261811443456 ], [ -111.989038441699506, 44.612982043201448 ], [ -111.964766105353547, 44.612997279592925 ] ], [ [ -111.845488228709016, 44.624935119874017 ], [ -111.829190883375901, 44.670433451339612 ], [ -111.877016829978302, 44.666183353482104 ], [ -111.869539404614713, 44.623659141347225 ], [ -111.845488228709016, 44.624935119874017 ] ], [ [ -109.08950897469154, 44.845826595232111 ], [ -109.06612026976488, 44.851857077004212 ], [ -109.092640418475725, 44.867106871747467 ], [ -109.08950897469154, 44.845826595232111 ] ], [ [ -108.967565205263796, 44.841897768490249 ], [ -108.946029245630669, 44.860683267528508 ], [ -108.972532775488048, 44.875948872942068 ], [ -108.994066665272584, 44.857162025560044 ], [ -108.967565205263796, 44.841897768490249 ] ], [ [ -110.180508593020974, 44.83409722715767 ], [ -110.169777897170221, 44.853255157478102 ], [ -110.184724712177115, 44.860676729247302 ], [ -110.199063500839969, 44.850920068861228 ], [ -110.180508593020974, 44.83409722715767 ] ], [ [ -110.369745783950322, 44.877827100312842 ], [ -110.311953220349636, 44.896423022527195 ], [ -110.296628690447406, 44.929223279035661 ], [ -110.38897347961111, 44.921792159391217 ], [ -110.369745783950322, 44.877827100312842 ] ], [ [ -115.877675303052413, 44.430716479981569 ], [ -115.854663993093993, 44.442385898736489 ], [ -115.883484698435822, 44.457432937440799 ], [ -115.892083964540632, 44.438239348624919 ], [ -115.877675303052413, 44.430716479981569 ] ], [ [ -112.537777470217875, 44.758843516735993 ], [ -112.527451585741261, 44.779946614102379 ], [ -112.546858271611512, 44.808375703716337 ], [ -112.555364724552945, 44.77736858356576 ], [ -112.537777470217875, 44.758843516735993 ] ], [ [ -110.683505344872415, 44.937975122893405 ], [ -110.675237741400167, 45.027609263864697 ], [ -110.75911935384805, 45.027590345346987 ], [ -110.71931807034025, 45.002468291201922 ], [ -110.683505344872415, 44.937975122893405 ] ], [ [ -110.442480811052448, 44.951904758967032 ], [ -110.444159681683203, 44.96229005095158 ], [ -110.455861801595759, 44.959428996943259 ], [ -110.442480811052448, 44.951904758967032 ] ], [ [ -110.568078904531063, 44.976130688613473 ], [ -110.566045019803624, 44.993511208293164 ], [ -110.594869940828119, 44.991158075525505 ], [ -110.568078904531063, 44.976130688613473 ] ], [ [ -107.62742146514735, 45.257128000805622 ], [ -107.605325589034194, 45.297145058800119 ], [ -107.637578013167442, 45.333583081354583 ], [ -107.686838165064117, 45.291780628423197 ], [ -107.62742146514735, 45.257128000805622 ] ], [ [ -112.389200585188121, 44.945094453350677 ], [ -112.397116998529881, 45.007601904509627 ], [ -112.49527961644705, 44.998620494959532 ], [ -112.423551518585867, 44.966390160607261 ], [ -112.389200585188121, 44.945094453350677 ] ], [ [ -112.524616373245124, 45.018917248992906 ], [ -112.511460585724933, 45.040238292959373 ], [ -112.530984454108975, 45.053529101291559 ], [ -112.545047626341329, 45.03715257036508 ], [ -112.524616373245124, 45.018917248992906 ] ], [ [ -112.172852737856886, 45.096846952445773 ], [ -112.171107635801462, 45.114228414507977 ], [ -112.178970961940607, 45.130744505852242 ], [ -112.181915253676237, 45.113256848784204 ], [ -112.172852737856886, 45.096846952445773 ] ], [ [ -110.70019157872747, 45.408872068957216 ], [ -110.692711143670635, 45.412915420272668 ], [ -110.70215622664783, 45.420726278390333 ], [ -110.704198940451548, 45.411977651180592 ], [ -110.70019157872747, 45.408872068957216 ] ], [ [ -110.646497287452576, 45.453864987496111 ], [ -110.61216735769824, 45.505259351021969 ], [ -110.657697277260368, 45.521573885637686 ], [ -110.696687040970488, 45.49838859410562 ], [ -110.646497287452576, 45.453864987496111 ] ], [ [ -117.114698148381166, 45.04359438212542 ], [ -116.858254486910056, 45.2393665314152 ], [ -117.365805599100526, 45.32847447235735 ], [ -117.386752223568422, 45.242976452230806 ], [ -117.254693007017025, 45.193527644752585 ], [ -117.253810603826892, 45.113985207254693 ], [ -117.139442285231496, 45.163674395525121 ], [ -117.178027179255565, 45.094252436805348 ], [ -117.114698148381166, 45.04359438212542 ] ], [ [ -108.411318250196132, 45.848497498499974 ], [ -108.392724432317578, 45.864298392372262 ], [ -108.41541615919968, 45.877246553552439 ], [ -108.43400814201776, 45.86144469779525 ], [ -108.411318250196132, 45.848497498499974 ] ], [ [ -117.214077388625739, 45.075324276132932 ], [ -117.197133060743226, 45.092025118527545 ], [ -117.220790884801914, 45.103987248132263 ], [ -117.237732220386221, 45.087285392459023 ], [ -117.214077388625739, 45.075324276132932 ] ], [ [ -116.815398704536989, 45.207947178453466 ], [ -116.798361311937128, 45.224597109495178 ], [ -116.822001914302348, 45.236596998952081 ], [ -116.839036393546394, 45.219946082205858 ], [ -116.815398704536989, 45.207947178453466 ] ], [ [ -113.022569250539107, 45.715079035369484 ], [ -112.996827549628279, 45.741146314917046 ], [ -112.906052335581322, 45.777700090108809 ], [ -113.043527432784316, 45.824338755753573 ], [ -113.022569250539107, 45.715079035369484 ] ], [ [ -117.711960213298525, 45.233094519478605 ], [ -117.622314896957619, 45.24374804950692 ], [ -117.610443914251036, 45.281503042604427 ], [ -117.724700208004691, 45.286108187381586 ], [ -117.711960213298525, 45.233094519478605 ] ], [ [ -66.764248399337063, 44.620019524984158 ], [ -66.739980152937576, 44.631262758173548 ], [ -66.755778821865846, 44.648534010446191 ], [ -66.780050786278935, 44.637289761062974 ], [ -66.764248399337063, 44.620019524984158 ] ], [ [ -66.705335681006801, 44.611147489434558 ], [ -66.681062805575721, 44.622383899790528 ], [ -66.696849476244935, 44.639661067849651 ], [ -66.721126039494294, 44.628423657967332 ], [ -66.705335681006801, 44.611147489434558 ] ], [ [ -66.499226670845601, 44.579947626736924 ], [ -66.445502137434659, 44.586680859925835 ], [ -66.432911151613695, 44.628599818460643 ], [ -66.513406557699469, 44.618921884250163 ], [ -66.499226670845601, 44.579947626736924 ] ], [ [ -113.120065687491902, 45.902102670949773 ], [ -113.096981018354739, 45.931398825451517 ], [ -113.153453244579623, 45.926115931621254 ], [ -113.145345783286416, 45.905449412352553 ], [ -113.120065687491902, 45.902102670949773 ] ], [ [ -117.816579304103755, 45.411839056155713 ], [ -117.804086755203372, 45.431485817608063 ], [ -117.845997114417784, 45.426486924508545 ], [ -117.816579304103755, 45.411839056155713 ] ], [ [ -118.153415855886152, 45.403792831039539 ], [ -117.997032171399866, 45.689208683188866 ], [ -118.114571024467324, 45.872681619823652 ], [ -117.924689941363226, 45.855694743248534 ], [ -117.79530346938094, 46.086311610770139 ], [ -117.522909535840625, 45.98568176304093 ], [ -117.381090897294996, 46.12772643565976 ], [ -117.585715166981899, 46.244964063929999 ], [ -117.631463867891071, 46.177757561494644 ], [ -117.752054075944642, 46.289989426939471 ], [ -117.860032462552454, 46.243801456540446 ], [ -117.80932204624213, 46.163798716684539 ], [ -117.913399071143118, 46.062042241474721 ], [ -118.064133949468143, 46.169776905007552 ], [ -118.102139390466178, 46.086085334719492 ], [ -118.018420599972046, 45.98499376969756 ], [ -118.154392197317463, 46.033347566484395 ], [ -118.232316775044609, 45.848180310673555 ], [ -118.596925913943579, 45.594824340967399 ], [ -118.466356859738653, 45.423184420505649 ], [ -118.153415855886152, 45.403792831039539 ] ], [ [ -65.444707719449966, 44.504292636396634 ], [ -65.420316092551744, 44.515376017170823 ], [ -65.435859083480906, 44.532769687229504 ], [ -65.460254543712523, 44.52168530649606 ], [ -65.444707719449966, 44.504292636396634 ] ], [ [ -66.314171549068703, 44.683246114606547 ], [ -66.196363408506031, 44.665212764828951 ], [ -66.146563575094348, 44.760117060285751 ], [ -66.275093656975471, 44.779790432148388 ], [ -66.314171549068703, 44.683246114606547 ] ], [ [ -115.855236140311177, 45.722065625384893 ], [ -115.790728102054402, 45.746248150101607 ], [ -115.872050672024031, 45.797691352788107 ], [ -115.892404126415911, 45.778281048190124 ], [ -115.855236140311177, 45.722065625384893 ] ], [ [ -115.813666013505426, 45.812601545730814 ], [ -115.793288455968664, 45.831998358317414 ], [ -115.841502256530958, 45.826798854407684 ], [ -115.813666013505426, 45.812601545730814 ] ], [ [ -116.942324576270693, 45.754596604466251 ], [ -116.925211125541793, 45.771192064341228 ], [ -116.949004198986543, 45.783129059295995 ], [ -116.966114686098337, 45.766532661301099 ], [ -116.942324576270693, 45.754596604466251 ] ], [ [ -117.345263400942969, 45.890366941012054 ], [ -117.325928179529896, 45.897484018385697 ], [ -117.349803629346624, 45.909360818321495 ], [ -117.345263400942969, 45.890366941012054 ] ], [ [ -117.283395272708731, 45.89034286616419 ], [ -117.209113277703779, 45.910956430574743 ], [ -117.209030937043948, 45.954005644314194 ], [ -117.299533348343303, 45.958000302288667 ], [ -117.283395272708731, 45.89034286616419 ] ], [ [ -100.409833873053273, 47.080023189992438 ], [ -100.389670113182305, 47.094891707848333 ], [ -100.4115111242116, 47.108619231401498 ], [ -100.431674119898261, 47.093749845854511 ], [ -100.409833873053273, 47.080023189992438 ] ], [ [ -100.348072751498648, 47.081692710211911 ], [ -100.327898681988358, 47.096554775025297 ], [ -100.34973089439049, 47.110288889629686 ], [ -100.369904208395184, 47.095425957210807 ], [ -100.348072751498648, 47.081692710211911 ] ], [ [ -69.358641358720845, 45.47606081476254 ], [ -69.211433989583085, 45.448862914351409 ], [ -69.144531180493018, 45.541339810380876 ], [ -69.260675043377404, 45.607727748698046 ], [ -69.358641358720845, 45.47606081476254 ] ], [ [ -66.102309211709539, 45.17595256125113 ], [ -66.043116472707041, 45.16691095610058 ], [ -65.933668266470121, 45.252372655650333 ], [ -66.080767670246004, 45.246042071497129 ], [ -66.102309211709539, 45.17595256125113 ] ], [ [ -65.945298036448378, 45.282975749432225 ], [ -65.920765831156004, 45.29406286481953 ], [ -65.936526094546622, 45.311321368792278 ], [ -65.961062133996876, 45.300233314543767 ], [ -65.945298036448378, 45.282975749432225 ] ], [ [ -67.983949597077356, 45.626533007714684 ], [ -67.899529529308893, 45.737867895147389 ], [ -67.99929517603249, 45.788379178450114 ], [ -68.047786720556374, 45.693695748751594 ], [ -67.983949597077356, 45.626533007714684 ] ], [ [ -66.585094695237558, 45.423342655784509 ], [ -66.466321898289621, 45.405569333376036 ], [ -66.363349907644135, 45.470296499637286 ], [ -66.419567942119485, 45.558885326958475 ], [ -66.598018373450813, 45.5855304923655 ], [ -66.585094695237558, 45.423342655784509 ] ], [ [ -116.475140215091301, 46.408448008463886 ], [ -116.457824933142362, 46.424921273877416 ], [ -116.481724446084016, 46.436856693226865 ], [ -116.49903678471486, 46.420382543542644 ], [ -116.475140215091301, 46.408448008463886 ] ], [ [ -113.399371480669544, 47.007096982990873 ], [ -113.376007020190173, 47.014937993452435 ], [ -113.401599970014715, 47.018223463296977 ], [ -113.399371480669544, 47.007096982990873 ] ], [ [ -113.307747402132648, 47.016491928168833 ], [ -113.213967348470447, 47.015063530408909 ], [ -113.174008492863237, 47.033612729010535 ], [ -113.292204043141979, 47.094933905676612 ], [ -113.307747402132648, 47.016491928168833 ] ], [ [ -65.802758452612522, 45.740740810067912 ], [ -65.683736629985148, 45.722528622538142 ], [ -65.583446112539477, 45.808999369447946 ], [ -65.665356332273234, 45.879861510847135 ], [ -65.782388231290426, 45.839454765046966 ], [ -65.802758452612522, 45.740740810067912 ] ], [ [ -87.239854883556063, 47.801125144797702 ], [ -87.217493305785453, 47.814513469403103 ], [ -87.237430627730902, 47.829530537691376 ], [ -87.259793317817795, 47.816141411960999 ], [ -87.239854883556063, 47.801125144797702 ] ], [ [ -113.545811970732416, 47.114872163671023 ], [ -113.456306270808966, 47.177372045464296 ], [ -113.575159384664516, 47.259644547154082 ], [ -113.597937167050361, 47.164131659599271 ], [ -113.545811970732416, 47.114872163671023 ] ], [ [ -95.749030646815072, 47.967177002451834 ], [ -95.499387858887133, 47.967946596756221 ], [ -95.487220085132321, 48.02646381620184 ], [ -95.749651815817742, 48.04236884239841 ], [ -95.749030646815072, 47.967177002451834 ] ], [ [ -114.543311692416367, 47.107060500339131 ], [ -114.532849670182941, 47.11659740949797 ], [ -114.54559561162138, 47.11776860244732 ], [ -114.543311692416367, 47.107060500339131 ] ], [ [ -115.041339659755224, 47.098332630433006 ], [ -115.029194767247176, 47.10949043648516 ], [ -115.072001341826393, 47.105150244106596 ], [ -115.041339659755224, 47.098332630433006 ] ], [ [ -95.687569924507756, 48.092693871256813 ], [ -95.500078495064486, 48.093242394155894 ], [ -95.487894329109281, 48.151698199206152 ], [ -95.687823575860051, 48.126082539224527 ], [ -95.687569924507756, 48.092693871256813 ] ], [ [ -94.562606998446796, 48.093387153475355 ], [ -94.443503499800443, 48.151522100725309 ], [ -94.474287369683722, 48.235021546514169 ], [ -94.562243762724478, 48.168500174962659 ], [ -94.562606998446796, 48.093387153475355 ] ], [ [ -63.95101792184758, 45.674042218664773 ], [ -63.928506412509286, 45.677800553118509 ], [ -63.943966645256921, 45.695171783332356 ], [ -63.95101792184758, 45.674042218664773 ] ], [ [ -63.894080708359098, 45.657330569212277 ], [ -63.869215219863108, 45.668126038799464 ], [ -63.884663007585644, 45.6855032333306 ], [ -63.909532614651027, 45.674706868712917 ], [ -63.894080708359098, 45.657330569212277 ] ], [ [ -64.034599804661866, 45.704667497635953 ], [ -64.005767127609445, 45.697363864797595 ], [ -63.973995047510165, 45.728881297610442 ], [ -64.019146653541583, 45.751060870311292 ], [ -64.034599804661866, 45.704667497635953 ] ], [ [ -63.820930093515372, 45.689070279969201 ], [ -63.736756570572354, 45.690140455287391 ], [ -63.708894604192729, 45.77293945199736 ], [ -63.81554363896791, 45.76855597718631 ], [ -63.820930093515372, 45.689070279969201 ] ], [ [ -64.357441073948962, 45.863180805188421 ], [ -64.170205953951509, 45.891530121309302 ], [ -64.146986286394082, 46.040307536596522 ], [ -64.400769516242164, 46.080915889579558 ], [ -64.448592783831586, 45.936140413589321 ], [ -64.357441073948962, 45.863180805188421 ] ], [ [ -64.341784649037947, 45.940865294163785 ], [ -64.334454635375408, 45.932721394664526 ], [ -64.322744511123418, 45.937817948942239 ], [ -64.33007261262938, 45.945962273041189 ], [ -64.341784649037947, 45.940865294163785 ] ], [ [ -95.688840103680704, 48.259549563226102 ], [ -95.501233810152286, 48.3017755198956 ], [ -95.501883114293747, 48.41839178915474 ], [ -95.714345866987145, 48.317806430166705 ], [ -95.688840103680704, 48.259549563226102 ] ], [ [ -64.508646345772846, 45.974448037312833 ], [ -64.453995851096977, 45.98055747762443 ], [ -64.426678143535057, 46.063280269544947 ], [ -64.533620878403909, 46.058513191193953 ], [ -64.508646345772846, 45.974448037312833 ] ], [ [ -113.323967079345323, 47.565389631125313 ], [ -113.316873527400872, 47.571681492388294 ], [ -113.326758366088569, 47.579236298089072 ], [ -113.327322178463675, 47.57072327035285 ], [ -113.323967079345323, 47.565389631125313 ] ], [ [ -114.6814076086021, 47.458620176474213 ], [ -114.621185746939588, 47.470217444519307 ], [ -114.631635564356515, 47.518647212609991 ], [ -114.692187402172124, 47.508435342849786 ], [ -114.6814076086021, 47.458620176474213 ] ], [ [ -68.771671508524193, 46.685961280946046 ], [ -68.650895184421159, 46.669688728570151 ], [ -68.602508054344256, 46.763824865999268 ], [ -68.764511350792731, 46.785636483594246 ], [ -68.771671508524193, 46.685961280946046 ] ], [ [ -116.389056012864245, 47.378217021162627 ], [ -116.35765674727493, 47.378195940119234 ], [ -116.310287002, 47.401139206856456 ], [ -116.369921667067899, 47.430437247359379 ], [ -116.389056012864245, 47.378217021162627 ] ], [ [ -94.686126872365548, 48.518633972031921 ], [ -94.660821843671826, 48.568494275783053 ], [ -94.685894102017414, 48.58516267240168 ], [ -94.711082688927888, 48.568571317957755 ], [ -94.686126872365548, 48.518633972031921 ] ], [ [ -114.6450872979715, 47.580886713575836 ], [ -114.585825006522356, 47.620594484230338 ], [ -114.637188344479796, 47.834529513638302 ], [ -114.69320859748936, 47.737039651016829 ], [ -114.6450872979715, 47.580886713575836 ] ], [ [ -65.340042610639912, 46.408380950087462 ], [ -65.325329710742693, 46.420861696563094 ], [ -65.355884713995579, 46.425544474625397 ], [ -65.340042610639912, 46.408380950087462 ] ], [ [ -94.874332578067978, 48.643547446966267 ], [ -94.849167001104888, 48.651839575026045 ], [ -94.899474853196011, 48.651870384520926 ], [ -94.874332578067978, 48.643547446966267 ] ], [ [ -94.685719290397245, 48.635035774550602 ], [ -94.622354154829708, 48.751212632793894 ], [ -94.773491094983143, 48.734830338681007 ], [ -94.713760278018754, 48.7139965146973 ], [ -94.685719290397245, 48.635035774550602 ] ], [ [ -115.104909867607418, 47.671526161898136 ], [ -115.071264119223017, 47.69946928544671 ], [ -115.083144002033393, 47.715212756584137 ], [ -115.147165347380906, 47.691835757906006 ], [ -115.104909867607418, 47.671526161898136 ] ], [ [ -115.05205899712189, 47.716920790664972 ], [ -115.052676114439464, 47.785988780991175 ], [ -115.08861163510268, 47.782387897568398 ], [ -115.077905531158052, 47.71997290345201 ], [ -115.05205899712189, 47.716920790664972 ] ], [ [ -94.937155239371819, 48.726642463890116 ], [ -94.9119722793818, 48.734936288869889 ], [ -94.962326535602742, 48.73495168510658 ], [ -94.937155239371819, 48.726642463890116 ] ], [ [ -99.975847333879756, 48.770240673055575 ], [ -99.93340144183145, 48.800329981077496 ], [ -100.109651141371074, 48.796028030111884 ], [ -100.103041080014265, 48.790655899073023 ], [ -99.975847333879756, 48.770240673055575 ] ], [ [ -115.088814015705083, 47.882473374408093 ], [ -115.061042575093154, 47.899343371635524 ], [ -115.036039494119507, 47.914521129362669 ], [ -115.123431573523604, 47.905781151669586 ], [ -115.088814015705083, 47.882473374408093 ] ], [ [ -115.34070518233149, 47.881058473813169 ], [ -115.343190832723693, 47.892083442843507 ], [ -115.353656182665759, 47.882564044249513 ], [ -115.34070518233149, 47.881058473813169 ] ], [ [ -113.669816918818398, 48.026991582599649 ], [ -113.659753732625674, 48.046896104539535 ], [ -113.674962248308304, 48.051811169102237 ], [ -113.687596355042103, 48.044315919116798 ], [ -113.669816918818398, 48.026991582599649 ] ], [ [ -115.219856436464141, 47.904547235982335 ], [ -115.125404526768619, 48.032338585568546 ], [ -115.358128110104616, 48.072279411124974 ], [ -115.26818356354201, 48.144662735081184 ], [ -115.300335401607327, 48.261634291562338 ], [ -115.306765098174154, 48.150275523712587 ], [ -115.526882737709172, 48.034021843590629 ], [ -115.481740276300584, 47.946706419034918 ], [ -115.219856436464141, 47.904547235982335 ] ], [ [ -94.747798821813404, 48.91732185850649 ], [ -94.713659120595295, 48.942144024976358 ], [ -94.747657943211934, 48.967049399006342 ], [ -94.790315047724562, 48.942235760983273 ], [ -94.747798821813404, 48.91732185850649 ] ], [ [ -113.748891365409406, 48.103960609570187 ], [ -113.741623473521685, 48.123597473387221 ], [ -113.760530766594655, 48.159757051631047 ], [ -113.76205717954295, 48.121698743510166 ], [ -113.748891365409406, 48.103960609570187 ] ], [ [ -117.005581082051535, 47.84899982130726 ], [ -116.944347008162509, 47.986603860809211 ], [ -117.17299481643127, 47.901316696751159 ], [ -117.105154490928925, 47.868692922382138 ], [ -117.005581082051535, 47.84899982130726 ] ], [ [ -98.475523267623075, 49.070524423631909 ], [ -98.285908322290254, 49.070310093733781 ], [ -98.229482433757141, 49.082791095087472 ], [ -98.28740957840904, 49.110855499305345 ], [ -98.475523267623075, 49.070524423631909 ] ], [ [ -115.899347857831657, 48.113979563446819 ], [ -115.888912077789243, 48.12350844012245 ], [ -115.905108243078899, 48.138721120602767 ], [ -115.909503679209166, 48.121372642004616 ], [ -115.899347857831657, 48.113979563446819 ] ], [ [ -115.115327134266721, 48.283638605320306 ], [ -115.091166932733017, 48.288849002693929 ], [ -115.116870320645049, 48.29050784874569 ], [ -115.115327134266721, 48.283638605320306 ] ], [ [ -115.05584329537993, 48.300781152798059 ], [ -115.026042895255685, 48.337430566629877 ], [ -115.070626865477209, 48.366706245294907 ], [ -115.088022965366306, 48.331289996599892 ], [ -115.05584329537993, 48.300781152798059 ] ], [ [ -114.978842050896745, 48.381391974384698 ], [ -114.94715794658778, 48.381425871636026 ], [ -114.931077437352442, 48.388900912373202 ], [ -114.952735522299122, 48.406412927379421 ], [ -114.978842050896745, 48.381391974384698 ] ], [ [ -112.756015977323216, 49.140990104663501 ], [ -112.458710212932971, 49.249761313391062 ], [ -112.427516982589012, 49.308218941925716 ], [ -112.51056951261063, 49.34992779355656 ], [ -112.71976016206645, 49.277874509885017 ], [ -112.788791200465056, 49.214913801765768 ], [ -112.756015977323216, 49.140990104663501 ] ], [ [ -116.324042949154659, 49.625883260626814 ], [ -116.312810630392988, 49.632596336722457 ], [ -116.329355713183787, 49.647575323994047 ], [ -116.330394327971533, 49.630790552007838 ], [ -116.324042949154659, 49.625883260626814 ] ], [ [ -110.862568986345622, 50.123874848189203 ], [ -110.843510347656206, 50.139343836226345 ], [ -110.867646680952021, 50.151558890474462 ], [ -110.886702940692032, 50.136089314900389 ], [ -110.862568986345622, 50.123874848189203 ] ], [ [ -117.309718157331176, 49.576161991165478 ], [ -117.291939902270059, 49.592275688431613 ], [ -117.316799132363727, 49.603799736757253 ], [ -117.334574112801945, 49.587685423293635 ], [ -117.309718157331176, 49.576161991165478 ] ], [ [ -117.247026528766952, 49.582902460974367 ], [ -117.239896007030296, 49.597866353602214 ], [ -117.271876170378192, 49.594432635469857 ], [ -117.247026528766952, 49.582902460974367 ] ], [ [ -66.280209806079071, 48.905229867366003 ], [ -65.637182350308592, 48.89812134715379 ], [ -65.486799108665949, 48.961206587051443 ], [ -65.02503143759418, 48.893555798487085 ], [ -64.766083627223253, 49.018280461791726 ], [ -65.148402605906085, 49.195133282224312 ], [ -65.979045664190309, 49.230167433493705 ], [ -66.263938091264237, 49.086809134329648 ], [ -66.184222327955126, 48.969648006956682 ], [ -66.31425655567034, 48.966837590091721 ], [ -66.280209806079071, 48.905229867366003 ] ], [ [ -85.626733799531735, 51.28573752166772 ], [ -85.562074887354925, 51.282927338326054 ], [ -85.55449472303556, 51.350845802466665 ], [ -85.642729431521758, 51.340865529857908 ], [ -85.626733799531735, 51.28573752166772 ] ], [ [ -109.200112228626125, 51.162321837262709 ], [ -109.196709882516046, 51.219665136717751 ], [ -109.212302395749504, 51.234952170750567 ], [ -109.235353736003916, 51.217117918382435 ], [ -109.200112228626125, 51.162321837262709 ] ], [ [ -115.182352694278308, 51.484876861708457 ], [ -115.099511806001658, 51.506502975578819 ], [ -115.197537019905525, 51.640432147227273 ], [ -115.09616821554755, 51.629428240917747 ], [ -115.107261318162188, 51.812039292728642 ], [ -114.952245151312439, 51.928140907968384 ], [ -114.981018198034164, 52.047583488165429 ], [ -115.35520772039186, 52.419191544096549 ], [ -116.126640081153894, 52.731417103593131 ], [ -115.963612530240013, 52.760197573871778 ], [ -115.958412725113362, 52.828139144799287 ], [ -116.214074782622433, 52.803911189095373 ], [ -116.383687370902095, 53.13053528986552 ], [ -117.336271289938708, 53.255903397282673 ], [ -117.499212229931402, 53.357139452949497 ], [ -117.859733399179063, 53.203183540293715 ], [ -118.197905100729884, 53.171654055924655 ], [ -118.274562573996093, 53.204031893551686 ], [ -117.887803696542733, 53.263978631799112 ], [ -117.908633089991596, 53.483115562182938 ], [ -118.288407785648303, 53.685191357565287 ], [ -118.348082946789575, 53.859380017508123 ], [ -118.536475410759081, 54.016814406124148 ], [ -118.849528327224235, 54.027515972724188 ], [ -118.742102065778838, 54.098639552087725 ], [ -119.013919030481816, 54.243559357315263 ], [ -119.158664059455589, 54.194842939752263 ], [ -119.080699560415496, 54.16312211149986 ], [ -119.065668031039706, 54.078411831546916 ], [ -119.945768249031374, 54.381225938215451 ], [ -120.144644881063726, 54.288530504222713 ], [ -119.979133161681403, 53.966666924761583 ], [ -119.416413074792644, 53.706926831093426 ], [ -119.024511887140676, 53.306403701804882 ], [ -118.723190941655986, 53.163416338791606 ], [ -118.334637063503834, 53.137270837887797 ], [ -118.143205239326534, 53.056247488575863 ], [ -118.208028469284443, 53.02932508270176 ], [ -118.037418682250703, 52.784144253707559 ], [ -117.819799768003435, 52.786373252556146 ], [ -117.827749721762402, 52.852736025575766 ], [ -117.51261325506492, 52.682498070076157 ], [ -117.527166502445624, 52.573186890646909 ], [ -117.321633129831696, 52.492622738643497 ], [ -117.257334162030844, 52.27566143793365 ], [ -117.026413187182285, 52.366401558946954 ], [ -116.758226451316972, 52.232964607717051 ], [ -116.427103756546074, 52.256586869366252 ], [ -116.387956782801993, 52.213247909012921 ], [ -116.542284383114264, 52.082562182237645 ], [ -116.497103860774743, 51.760701548050228 ], [ -116.427859724633421, 51.85574001752903 ], [ -116.272642396961956, 51.765641081509898 ], [ -116.216448719728334, 51.804073188432334 ], [ -116.070260404373784, 51.659531478971303 ], [ -115.794949334508715, 51.5700090220421 ], [ -115.327235489689087, 51.675692946035376 ], [ -115.35054656520785, 51.544371081139914 ], [ -115.182352694278308, 51.484876861708457 ] ], [ [ -115.54186252670938, 51.730620322946287 ], [ -115.537640971207452, 51.727753623685501 ], [ -115.52812140670224, 51.731919040488279 ], [ -115.538951984489941, 51.73307278782486 ], [ -115.54186252670938, 51.730620322946287 ] ], [ [ -109.247905521225761, 52.214696304660869 ], [ -109.224580831607312, 52.232351018360497 ], [ -109.252031556197693, 52.238652269792439 ], [ -109.247905521225761, 52.214696304660869 ] ], [ [ -109.131179819510635, 52.302916115867049 ], [ -109.125208823823513, 52.319430418390453 ], [ -109.134821193275599, 52.324192886608202 ], [ -109.142611777385099, 52.318317357739431 ], [ -109.131179819510635, 52.302916115867049 ] ], [ [ -60.730081854445771, 50.57259869815497 ], [ -59.064096452736614, 54.37627623883381 ], [ -60.210706314940467, 54.554153464937784 ], [ -60.179731056341915, 54.468494174424556 ], [ -60.42309932990787, 54.384037871297835 ], [ -60.391960286912749, 54.298235830411116 ], [ -60.660546465987473, 54.334900905151727 ], [ -60.721832076572127, 54.267142030450998 ], [ -60.355033386999395, 54.085500662295644 ], [ -61.047804829310323, 53.926414777068494 ], [ -61.225892858324585, 53.993800110022171 ], [ -61.30696292669537, 53.885991946102855 ], [ -61.502082235769052, 53.9943072292035 ], [ -61.697100525100751, 53.941920982281125 ], [ -61.875859556722908, 54.089922212419573 ], [ -62.005817773592554, 54.027801736771622 ], [ -62.150349678249825, 54.356372812187487 ], [ -62.256886794385863, 54.43223578767023 ], [ -62.200405843370575, 54.565272944424017 ], [ -62.467718211124271, 54.820427924310501 ], [ -62.746809920684314, 54.819455540939764 ], [ -62.772791338495644, 54.666443469300297 ], [ -63.037843050651432, 54.53856956242489 ], [ -63.218203106558008, 54.605844254340738 ], [ -63.370820743761904, 54.825543241176376 ], [ -63.834333244056445, 54.968464875504814 ], [ -63.913135604163827, 55.082897028935122 ], [ -67.341497410683473, 55.512528592208767 ], [ -67.512060330434196, 55.394171985015028 ], [ -67.605533330016257, 55.167549611551344 ], [ -67.173842880101475, 54.459056304904976 ], [ -67.15072547033175, 53.833864245209568 ], [ -66.833187957996813, 53.413789461845255 ], [ -66.087208463159456, 52.90850503173202 ], [ -66.113453951923915, 52.646482684143209 ], [ -65.914739591577543, 52.196220326627625 ], [ -65.399402659362138, 52.044336250734304 ], [ -65.327676997969689, 51.84228848447836 ], [ -64.766640838263456, 51.394681905282184 ], [ -64.034068914711469, 51.126331528231276 ], [ -63.413670309835979, 51.097420104211722 ], [ -62.468089144751701, 50.877446002467508 ], [ -61.834105710952578, 51.079109720803814 ], [ -61.622016311578591, 51.275902661291404 ], [ -61.358124130674845, 51.240922296290421 ], [ -61.186374936321656, 51.08793244579136 ], [ -60.812902921277349, 50.940462470735987 ], [ -60.730081854445771, 50.57259869815497 ] ], [ [ -62.557266892008393, 51.691048115210066 ], [ -62.220653956717733, 51.66063488480691 ], [ -62.139468223211971, 51.880919117289253 ], [ -62.66755507247948, 52.415467136082441 ], [ -63.122697016608065, 52.478294357918102 ], [ -63.160943806927932, 52.380886583655496 ], [ -62.949104191326498, 52.267303580905534 ], [ -63.162643533954899, 52.195481655545194 ], [ -62.791329421019718, 51.846648387223524 ], [ -62.79033434104209, 51.763516909305103 ], [ -62.557266892008393, 51.691048115210066 ] ], [ [ -60.811825400318831, 51.690226976681906 ], [ -60.578339055612311, 51.669473300519684 ], [ -60.489704127918351, 51.784472424217938 ], [ -60.780384184869874, 52.072210111074874 ], [ -61.216147408990004, 52.161510055074402 ], [ -61.446725361512577, 52.102038961309511 ], [ -61.489931102757922, 52.005034946693172 ], [ -61.348006415598903, 51.858280923274947 ], [ -60.811825400318831, 51.690226976681906 ] ], [ [ -61.335028124746309, 52.20903439165626 ], [ -61.269950261498536, 52.194767399924885 ], [ -61.253914663598721, 52.217131643402212 ], [ -61.322183600365335, 52.231893579711432 ], [ -61.335028124746309, 52.20903439165626 ] ], [ [ -63.577774850185861, 52.87249320873034 ], [ -63.366368643722048, 52.961080617536254 ], [ -63.205559669850572, 52.937992845945033 ], [ -63.166827109976524, 53.018415220934713 ], [ -63.562535512760078, 53.240372558510252 ], [ -63.770754402814326, 53.230938156282043 ], [ -63.867168299542072, 53.036214714866517 ], [ -63.577774850185861, 52.87249320873034 ] ], [ [ -64.592401720904007, 53.948752939631028 ], [ -64.228613230264941, 53.895534808187605 ], [ -64.161079935687766, 53.971279371687331 ], [ -64.477022163637656, 54.139162932479607 ], [ -64.624663072093938, 54.033859355131504 ], [ -64.592401720904007, 53.948752939631028 ] ], [ [ -64.714097628541936, 54.166799619236016 ], [ -64.709037584778088, 54.162095800652871 ], [ -64.701003585476442, 54.165057696451385 ], [ -64.706062177232653, 54.169761572475835 ], [ -64.714097628541936, 54.166799619236016 ] ], [ [ -62.132078676261216, 53.908227098920456 ], [ -61.981142300543688, 53.9064913149817 ], [ -61.948839361884851, 53.982965986306631 ], [ -62.218708533523618, 54.022251786993344 ], [ -62.132078676261216, 53.908227098920456 ] ], [ [ -61.896849253304453, 53.975354849108953 ], [ -61.891968821581173, 53.970579854588998 ], [ -61.883850818304595, 53.973449768552832 ], [ -61.888729697467411, 53.978224837243509 ], [ -61.896849253304453, 53.975354849108953 ] ], [ [ -63.006285562861024, 54.296374568807003 ], [ -62.642869155233377, 54.321786844760965 ], [ -62.456091743160499, 54.420345283766849 ], [ -62.885466707421287, 54.404460661349518 ], [ -63.006285562861024, 54.296374568807003 ] ], [ [ -117.414948410791197, 52.205083120292258 ], [ -117.331979804675711, 52.227389687791984 ], [ -117.411529825795071, 52.314483951818886 ], [ -117.445995536865439, 52.236102353706571 ], [ -117.414948410791197, 52.205083120292258 ] ], [ [ -117.748064057736087, 52.208227712040255 ], [ -117.587371533568444, 52.228100884280551 ], [ -117.569345208003256, 52.264148618169116 ], [ -117.778310089834008, 52.317441867463266 ], [ -117.748064057736087, 52.208227712040255 ] ], [ [ -67.420986410680655, 51.70035203267939 ], [ -67.154896297557116, 51.700383286412787 ], [ -67.102074923076401, 51.790014755691196 ], [ -67.201747802356948, 51.858036819901926 ], [ -67.381321839432019, 51.819281734252158 ], [ -67.457732552604128, 51.773850910799744 ], [ -67.420986410680655, 51.70035203267939 ] ], [ [ -117.795294167602464, 52.378587089210313 ], [ -117.670621585962692, 52.436710705735528 ], [ -117.881637245867097, 52.568412162092329 ], [ -117.997892796750151, 52.544971872273862 ], [ -117.795294167602464, 52.378587089210313 ] ], [ [ -115.263988879995992, 52.898826031331524 ], [ -115.245112431405033, 52.914244806397434 ], [ -115.289556075595897, 52.910208085990917 ], [ -115.263988879995992, 52.898826031331524 ] ], [ [ -115.210121507063718, 52.950861026071195 ], [ -115.156519201207558, 52.98269037594941 ], [ -115.166654507106898, 53.001909730684304 ], [ -115.243863498884068, 52.994932724950829 ], [ -115.210121507063718, 52.950861026071195 ] ], [ [ -116.143447916821415, 52.938184067558069 ], [ -116.124728706200969, 52.953669723189435 ], [ -116.169149295983672, 52.949461007829981 ], [ -116.143447916821415, 52.938184067558069 ] ], [ [ -117.863109705946783, 53.333325248151219 ], [ -117.830360924297452, 53.33665227526815 ], [ -117.812196141528972, 53.372290762212756 ], [ -117.876275477792433, 53.379464241376844 ], [ -117.863109705946783, 53.333325248151219 ] ], [ [ -67.437459692923824, 53.532470983881254 ], [ -67.378090165039751, 53.538931314327101 ], [ -67.364606830599826, 53.577686558662414 ], [ -67.441622382673671, 53.587124198647452 ], [ -67.437459692923824, 53.532470983881254 ] ], [ [ -118.682886790199717, 54.051243250725094 ], [ -118.664398663154145, 54.066743264964629 ], [ -118.70929617813357, 54.062092206152798 ], [ -118.682886790199717, 54.051243250725094 ] ], [ [ -118.694542990400421, 54.089988576923091 ], [ -118.687278286398666, 54.10432062098846 ], [ -118.720966834680326, 54.100831359751567 ], [ -118.694542990400421, 54.089988576923091 ] ], [ [ -119.570789500206416, 54.277205359648747 ], [ -119.552422520872113, 54.292735411362671 ], [ -119.597394919699269, 54.287924464669302 ], [ -119.570789500206416, 54.277205359648747 ] ], [ [ -116.234223007207575, 54.6726410553227 ], [ -115.780954565326141, 54.767677110842769 ], [ -115.620164974983595, 54.893978291976126 ], [ -115.608066231669795, 55.072242658531678 ], [ -115.952330486685696, 55.316877066641993 ], [ -116.564911180159356, 55.490847621933781 ], [ -116.594588716300336, 55.160725857072514 ], [ -116.42909827691939, 54.840927366551398 ], [ -116.234223007207575, 54.6726410553227 ] ], [ [ -116.273802459740381, 55.686071066900837 ], [ -116.167699736957786, 55.747832669693508 ], [ -116.134740320521871, 55.984594817300234 ], [ -116.18116032329371, 56.077750705334587 ], [ -116.360079491865449, 56.114045463219355 ], [ -116.427329268091441, 55.880756820097247 ], [ -116.378830776335832, 55.709498543396442 ], [ -116.273802459740381, 55.686071066900837 ] ], [ [ -112.649637136677853, 56.161158075252281 ], [ -112.581332089331198, 56.166127930091022 ], [ -112.55860187282903, 56.193688246244093 ], [ -112.663150340501204, 56.218567898998415 ], [ -112.649637136677853, 56.161158075252281 ] ], [ [ -112.734374560040067, 56.225738703357287 ], [ -112.645814585228663, 56.24533908142449 ], [ -112.708043052240228, 56.40835839163104 ], [ -112.776734564463922, 56.370949946837172 ], [ -112.734374560040067, 56.225738703357287 ] ] ] } },
{ "type": "Feature", "properties": { "QPF": 0.25, "UNITS": "Inches", "VALID_TIME": "12Z 04/23/26 - 12Z 04/24/26", "PRODUCT": "24-hour QPF", "ISSUE_TIME": "2026-04-21 10:08:37", "START_TIME": "2026-04-23 12:00:00", "END_TIME": "2026-04-24 12:00:00", "fill": "darkgreen", "color": "darkgreen" }, "geometry": { "type": "Polygon", "coordinates": [ [ [ -87.146909090987037, 22.418219028446867 ], [ -87.274732909821921, 22.790721563103897 ], [ -86.995023260936776, 23.324527160219606 ], [ -87.182314803090065, 23.435195092471638 ], [ -87.507368920025669, 23.417753382877898 ], [ -87.657004701649782, 23.724815976577275 ], [ -87.266670780136337, 24.162376190223192 ], [ -87.37424047089786, 24.369229608901968 ], [ -87.580857884157041, 24.31564130410289 ], [ -87.569632307366248, 24.543806052661846 ], [ -87.451523234381128, 24.583612883315745 ], [ -87.380054970765585, 24.762974419889737 ], [ -87.392642356941536, 25.129622038549478 ], [ -87.191750478444092, 25.348041261031753 ], [ -87.167857180190694, 25.484055746167176 ], [ -87.541866045965449, 25.750136966160525 ], [ -87.702507787186306, 25.611645289396467 ], [ -88.056787801431369, 25.625389274565812 ], [ -88.189447069689436, 25.854026468215014 ], [ -88.166958013971197, 26.058794104841844 ], [ -87.949446508534038, 26.254570712429803 ], [ -88.099228067161647, 26.49011169252757 ], [ -88.07063183934045, 26.603109567903733 ], [ -87.995394298810254, 26.695664143354165 ], [ -87.520234799833162, 26.599794997160487 ], [ -87.454681163107409, 27.282387767083975 ], [ -87.233026289880883, 27.40931148309808 ], [ -86.329760798943809, 27.07919173576957 ], [ -86.239997346870439, 27.253963061985264 ], [ -86.134175593008578, 27.29357944776806 ], [ -85.980778112913242, 27.279999815753659 ], [ -85.811189722638034, 27.141763270840286 ], [ -85.342944271038732, 27.209995996253415 ], [ -85.113871661348725, 27.148374112575652 ], [ -84.750885208745032, 26.895435835121873 ], [ -84.701570239550279, 26.525773885338484 ], [ -84.017019330319457, 26.227894806426306 ], [ -83.798389764941959, 25.774152735432526 ], [ -83.49794054103269, 25.506195063236046 ], [ -82.964143115354815, 25.252547232886375 ], [ -82.82999223796952, 24.919113784746738 ], [ -82.443705696736231, 24.888221660822129 ], [ -82.203135906715104, 24.770254339068551 ], [ -81.669315152734157, 24.799129480499555 ], [ -81.395557871557159, 24.303800988263355 ], [ -80.548399860752284, 24.223600645755731 ], [ -79.995304059144615, 24.421336852292484 ], [ -79.674143942339256, 24.365499874019307 ], [ -79.112879499893964, 24.412149727599747 ], [ -78.893277545716614, 24.314841119427779 ], [ -78.806096021409459, 24.056922540029625 ], [ -78.427546736362743, 23.874595064619374 ], [ -78.095806730020271, 23.908287610011978 ], [ -78.003135674789974, 24.032667762228751 ], [ -77.963785574754539, 23.934529005367899 ], [ -78.056837769055662, 23.807156146826706 ], [ -78.005037955617198, 23.617079456127925 ], [ -77.724179882275962, 23.308164838557936 ], [ -77.591632137279788, 23.020906404589343 ], [ -77.339603192227315, 23.034473331433599 ], [ -77.347887540786601, 22.941088308678651 ], [ -77.129578553404301, 22.755738601324605 ], [ -76.887597048636223, 22.702920911684998 ], [ -76.757105132705163, 22.571541237443984 ], [ -76.49883582998126, 22.631153493931848 ], [ -75.928232652567843, 22.119875238860107 ], [ -75.767691637717604, 21.870632988686321 ], [ -75.524479920325874, 21.838187439808713 ], [ -75.301906582971938, 21.990213671455749 ], [ -75.100166084489445, 22.008039864864887 ], [ -74.519247817074344, 21.879532638989041 ], [ -74.329347315491646, 21.554981856441476 ], [ -73.912430675681975, 21.379404395349216 ], [ -73.654256457977169, 21.062256615930597 ], [ -75.052769725274175, 21.26242490266986 ], [ -75.270818099463867, 21.400645276140835 ], [ -75.425475571951381, 21.313404563526323 ], [ -82.385767665745561, 22.084923938672318 ], [ -82.513864486503138, 22.213540903144494 ], [ -82.630416672972245, 22.10587002267583 ], [ -86.13957463170091, 22.360734300595006 ], [ -86.013508431901286, 22.787562695657606 ], [ -86.175996282311274, 23.071892790868503 ], [ -86.354797574116517, 23.14655110030704 ], [ -86.580239787388194, 23.049833458676794 ], [ -86.751089824325462, 22.396462387207428 ], [ -87.146909090987037, 22.418219028446867 ] ], [ [ -76.991269204669734, 21.539759506321488 ], [ -76.78159330155259, 21.553112723708868 ], [ -76.533664604458039, 21.758299233532949 ], [ -77.098149765279842, 22.107422109274289 ], [ -77.192464501846175, 21.817619731689295 ], [ -76.991269204669734, 21.539759506321488 ] ], [ [ -81.057637596886892, 22.101529971101382 ], [ -80.943631336675267, 22.085232497731059 ], [ -80.813029795118197, 22.215552246095719 ], [ -80.885089679610985, 22.384945750304468 ], [ -81.004875973000225, 22.42292466082494 ], [ -81.137805880556726, 22.343086543244922 ], [ -81.057637596886892, 22.101529971101382 ] ], [ [ -81.538330694475263, 22.238389416244793 ], [ -81.473834135097221, 22.216378645534764 ], [ -81.465483701729568, 22.293559462387559 ], [ -81.514554246887514, 22.298098829299676 ], [ -81.538330694475263, 22.238389416244793 ] ], [ [ -77.731872880809135, 21.905740874485303 ], [ -77.351418762223119, 21.896824998434219 ], [ -77.296816180879787, 22.037404337395891 ], [ -77.466386134213437, 22.137687718968778 ], [ -77.789463631274643, 22.135613400543591 ], [ -77.885314300675375, 22.015852192821384 ], [ -77.731872880809135, 21.905740874485303 ] ], [ [ -85.788767180274718, 22.65926454603802 ], [ -85.573172448841234, 22.691318354245425 ], [ -85.664731197592104, 22.925942556271266 ], [ -85.816826676616273, 22.844018488626453 ], [ -85.788767180274718, 22.65926454603802 ] ], [ [ -81.858244689909512, 22.61139817743685 ], [ -81.47616712601527, 22.62246182046681 ], [ -81.406040956559451, 22.776519572435319 ], [ -81.484357101613938, 22.990203462554771 ], [ -81.898364314666523, 22.844279127180297 ], [ -81.858244689909512, 22.61139817743685 ] ], [ [ -80.984727019546369, 22.690934226859198 ], [ -80.940239710005955, 22.732558328455902 ], [ -81.013563038693491, 22.788526379648541 ], [ -81.048537407439397, 22.742913571913547 ], [ -80.984727019546369, 22.690934226859198 ] ], [ [ -82.765405985657097, 22.964975412428426 ], [ -82.713522723201038, 22.952621659899705 ], [ -82.631483799936845, 22.976675783853686 ], [ -82.752869895589384, 23.058663558079381 ], [ -82.765405985657097, 22.964975412428426 ] ], [ [ -80.574763461396444, 22.880628790297958 ], [ -80.263566763688431, 22.941508276479858 ], [ -80.176791463103029, 23.125651360181987 ], [ -80.26867374680738, 23.193071332212963 ], [ -80.535245773059387, 23.106294056543902 ], [ -80.574763461396444, 22.880628790297958 ] ], [ [ -85.455366420457381, 23.324401300821787 ], [ -84.898532887274428, 23.305596646511873 ], [ -84.531428562483157, 23.520404252750012 ], [ -84.197205818623928, 23.342857959440082 ], [ -83.749731111692597, 23.325400933003735 ], [ -83.242379598635267, 23.413333804327735 ], [ -82.94795334027792, 23.358984457036016 ], [ -82.761656126638385, 23.475815603838043 ], [ -81.946782772525424, 23.379500122248704 ], [ -81.666815457071237, 23.426675248667603 ], [ -81.569114711489448, 23.571522367181991 ], [ -81.61342547120465, 23.759112021608626 ], [ -81.74696681152426, 23.846415472662891 ], [ -81.965377592546432, 23.678192411288578 ], [ -82.218926521299409, 23.721006679359277 ], [ -82.197630213742542, 23.902654886247593 ], [ -81.999106996958972, 23.977092581124573 ], [ -82.40393655987161, 24.241467579136824 ], [ -82.211736154456133, 24.445232645760889 ], [ -82.238685525367998, 24.525548060641704 ], [ -82.521270591175409, 24.622942097946286 ], [ -82.752805022529429, 24.577978411087152 ], [ -83.301228745598067, 24.908685117437507 ], [ -83.446353484038667, 25.246263857382001 ], [ -83.761475307648965, 25.40197665118524 ], [ -84.424064857996456, 25.952351641316728 ], [ -84.532389412239255, 26.173693013018482 ], [ -84.704736911392786, 26.247771868310178 ], [ -85.114709023824517, 26.229396519676094 ], [ -85.477104865447274, 26.489606590491796 ], [ -85.728991792484635, 26.539583785644904 ], [ -85.91748352736245, 26.413716834025045 ], [ -86.335666147681962, 26.35360815225636 ], [ -86.548578741823633, 25.496204842835631 ], [ -86.335458553135425, 25.02632880427722 ], [ -86.348403625334257, 24.706677154191617 ], [ -86.164080506643359, 24.466988647461651 ], [ -86.129677385615224, 23.984330673265958 ], [ -86.003463559608107, 23.877168001576219 ], [ -85.802536905737171, 23.886562732011313 ], [ -85.708715089126912, 23.752530957038914 ], [ -85.790912092435448, 23.437277781973329 ], [ -85.455366420457381, 23.324401300821787 ] ], [ [ -81.023395033942947, 24.209480572302059 ], [ -81.004502803172414, 24.198513599007011 ], [ -80.933739410406872, 24.200993027159161 ], [ -80.976497406178098, 24.223415374624846 ], [ -81.023395033942947, 24.209480572302059 ] ], [ [ -78.948968342838072, 24.274891041886086 ], [ -78.931437222218122, 24.254590995778024 ], [ -78.909167622295087, 24.270569861534181 ], [ -78.92669700334838, 24.29087327873426 ], [ -78.948968342838072, 24.274891041886086 ] ], [ [ -87.885753133251654, 26.297314203036404 ], [ -87.866478069633942, 26.27811418499121 ], [ -87.845060361237202, 26.29539256901332 ], [ -87.864870583403331, 26.305475466086797 ], [ -87.885753133251654, 26.297314203036404 ] ], [ [ -86.750797977699008, 26.331088978462802 ], [ -86.446218470221538, 26.451419008888273 ], [ -86.715420327071513, 26.699713381758958 ], [ -86.86776386981424, 26.566161211125092 ], [ -86.866586376748771, 26.405988624449314 ], [ -86.750797977699008, 26.331088978462802 ] ], [ [ -87.147779058266053, 26.901081077242484 ], [ -86.94847490072452, 26.890643682674579 ], [ -86.819672561073844, 26.975230434149903 ], [ -87.048775916512483, 27.080677965510183 ], [ -87.200666189274315, 26.995262230616362 ], [ -87.147779058266053, 26.901081077242484 ] ], [ [ -73.451736224603451, 21.032104907316111 ], [ -72.557239789688552, 20.895384967434619 ], [ -72.240556035109762, 21.025831504928643 ], [ -71.957839547562742, 20.947300689354439 ], [ -71.80752351516729, 20.776329330663998 ], [ -71.633515760510349, 20.748112694247929 ], [ -71.428743420233758, 20.864181115436317 ], [ -70.678526888181324, 20.646414680070418 ], [ -70.194569843159172, 20.841687993031762 ], [ -70.007923772901776, 20.78310043662291 ], [ -69.541930611621694, 20.880295442266721 ], [ -69.130237920615642, 20.83024442673236 ], [ -69.21662852603032, 20.333301484402476 ], [ -69.027493127234209, 21.325541429036971 ], [ -69.29038905474971, 21.379981107039882 ], [ -69.532221801580022, 21.172040371048254 ], [ -69.989009393999368, 21.126286908973995 ], [ -70.75046830148753, 21.298398646505724 ], [ -70.990087580174944, 21.086196001510608 ], [ -71.217346344759989, 21.195703042228136 ], [ -71.726443402997234, 21.127006146961278 ], [ -72.28900712514934, 21.305057536530214 ], [ -73.492814341579802, 21.225173938850528 ], [ -73.298253919384265, 21.147545360105511 ], [ -73.451736224603451, 21.032104907316111 ] ], [ [ -73.44091250517674, 21.095100631721646 ], [ -73.435315101866763, 21.098878938841512 ], [ -73.439752056917214, 21.101851454635003 ], [ -73.442551026519197, 21.09996185219509 ], [ -73.44091250517674, 21.095100631721646 ] ], [ [ -83.848084353770503, 23.619240208365959 ], [ -83.467866207370463, 23.674048905996834 ], [ -83.373034504857699, 23.724669725495765 ], [ -83.374429052593285, 23.816453008493852 ], [ -83.543703407530131, 23.936230178243605 ], [ -83.767443278767701, 23.846831698467135 ], [ -83.926925117312962, 23.744304059089245 ], [ -83.848084353770503, 23.619240208365959 ] ], [ [ -88.551175808480963, 24.427203317303533 ], [ -88.345614684955407, 24.420437936564319 ], [ -88.278033231501368, 24.554598869591572 ], [ -88.388258529069162, 24.655571414422774 ], [ -88.591567886389711, 24.616434794180687 ], [ -88.61384071933027, 24.477919676793562 ], [ -88.551175808480963, 24.427203317303533 ] ], [ [ -88.522543835588039, 24.972434268917471 ], [ -88.3967191312843, 24.966927286536503 ], [ -88.36632801155119, 25.01588851942423 ], [ -88.490364168351221, 25.103658130290874 ], [ -88.570377268122613, 25.070533706254661 ], [ -88.522543835588039, 24.972434268917471 ] ], [ [ -77.295254235680915, 24.221995534170379 ], [ -77.168314893777563, 24.209038912966243 ], [ -77.249829942114459, 24.361667498034777 ], [ -77.394661787772179, 24.37436063340536 ], [ -77.429593677893024, 24.5190042717757 ], [ -77.556879300164212, 24.531737982363115 ], [ -77.54947150504448, 24.388086624295646 ], [ -77.295254235680915, 24.221995534170379 ] ], [ [ -78.280089456426623, 24.405625888271288 ], [ -78.205738418571897, 24.394912210022738 ], [ -78.064458477538395, 24.503119020247873 ], [ -78.281378712342686, 24.581823175975813 ], [ -78.360177443337278, 24.485979288070361 ], [ -78.280089456426623, 24.405625888271288 ] ], [ [ -94.176399464991803, 35.040770101516785 ], [ -93.571532594274728, 35.104092018684845 ], [ -92.765375177811251, 35.434416632499428 ], [ -92.731381550044361, 35.613528804065261 ], [ -93.194266072188128, 36.000378617624051 ], [ -93.057849574425575, 36.195978918643405 ], [ -91.946996613594408, 36.226491407250535 ], [ -91.09591031703286, 36.658710177860819 ], [ -90.779155435327411, 36.919317692714728 ], [ -90.27736386491037, 37.595576541473633 ], [ -89.513585160658096, 38.176059969794977 ], [ -89.153498511976323, 38.604075174590307 ], [ -89.015417429163605, 38.93646515389073 ], [ -88.897842566195521, 38.998861006963665 ], [ -89.276963151537032, 39.365839829805076 ], [ -89.367438885552176, 39.81056211713053 ], [ -89.478639873954748, 39.880260812056818 ], [ -89.415335709003685, 39.988529569980997 ], [ -89.469269502114571, 40.056349430042566 ], [ -89.17920329005446, 40.196870064104473 ], [ -89.045426542552278, 40.416963337200883 ], [ -89.216617995757673, 40.558952200898887 ], [ -89.424749447806164, 40.455644582629766 ], [ -89.532306098720596, 40.498560591818062 ], [ -89.581582317464338, 40.917364622910277 ], [ -89.525572871131956, 41.222559662595756 ], [ -89.307421261434342, 41.47846863809653 ], [ -89.355997981623801, 41.654887527785249 ], [ -88.95305818521463, 42.034859494744047 ], [ -88.934385772541305, 42.295721159166824 ], [ -88.803696937500789, 42.552443335288949 ], [ -89.09065172631054, 42.740041366499 ], [ -89.218769212954555, 42.570305359329858 ], [ -89.508942993718549, 42.553111711444046 ], [ -89.482436524957436, 42.747830703369871 ], [ -89.311397344733138, 42.981300438660291 ], [ -89.377791351922923, 43.308199580506347 ], [ -89.144377460917468, 43.733182446485472 ], [ -88.766258374585647, 44.136264288606093 ], [ -88.304444865008577, 43.873363987354978 ], [ -88.17440378999342, 44.021734766613349 ], [ -87.927687064557603, 44.118184026150928 ], [ -87.748321178779619, 44.029515962015523 ], [ -87.52730069331659, 44.214710873403476 ], [ -87.58225973102671, 44.281429285869763 ], [ -87.47440620171605, 44.470674239578912 ], [ -87.289191638477533, 44.52769244632271 ], [ -87.345862911974962, 44.572935859655757 ], [ -87.245661871809745, 44.869202420706436 ], [ -87.411283732589467, 45.348605630247846 ], [ -87.729738994706139, 45.555040385282929 ], [ -87.754279212793662, 45.871145018797847 ], [ -87.899467068285901, 46.133614824550371 ], [ -88.233883274314252, 46.168820243626641 ], [ -88.425721175794649, 46.404316739955576 ], [ -88.608154599618274, 46.431513825393353 ], [ -88.54538175158666, 46.53953312466377 ], [ -88.707395389316218, 46.41777611785318 ], [ -88.922112663301576, 46.422416017814633 ], [ -89.005726676374593, 46.507534649194262 ], [ -88.843666356818844, 46.587153871696586 ], [ -88.706570537865559, 46.794152658201156 ], [ -88.349613724697491, 46.782476456345059 ], [ -88.543036663424829, 46.662116093087064 ], [ -88.358644438522376, 46.569996920275592 ], [ -87.633667851097073, 46.926032444304958 ], [ -87.584805287937641, 47.113994239578133 ], [ -87.741546207810657, 47.351315332437409 ], [ -87.890406077544185, 47.419731143998092 ], [ -87.965761274958041, 47.611390927731108 ], [ -87.779443035603265, 47.684502168633998 ], [ -87.62835233787149, 47.934645352626148 ], [ -87.34145049290359, 48.174931960986548 ], [ -86.660216556776234, 48.607030899615197 ], [ -86.702718160742066, 48.692004204448004 ], [ -86.559093220707268, 48.744387395409653 ], [ -86.304283326804153, 49.028739538102727 ], [ -86.286029715375548, 49.214538924914407 ], [ -86.402218390827997, 49.389089759631311 ], [ -86.73061423406115, 49.613070053185858 ], [ -87.377143717134828, 49.794271653709188 ], [ -87.260846814979331, 49.954653783173448 ], [ -87.395886420035978, 50.16500050895467 ], [ -87.43409328878829, 50.41235132250614 ], [ -87.255331319317136, 50.733033476244472 ], [ -87.484136610967397, 50.845227944849064 ], [ -87.509028013341975, 50.929656920833743 ], [ -87.730241649219394, 50.912808199871925 ], [ -87.641297048802542, 51.194624380246864 ], [ -87.508425997821035, 51.230689874013891 ], [ -87.432726571426585, 51.714363707751978 ], [ -87.261533677241246, 52.031286319401147 ], [ -87.276273652998313, 52.313469003767466 ], [ -87.21363279717103, 52.371528089509923 ], [ -87.294253603970816, 52.578899364388725 ], [ -87.604952615597412, 52.78948785156831 ], [ -87.676186297143914, 53.027336405417884 ], [ -87.793398146554523, 53.051046305317954 ], [ -87.921972981518024, 53.325697100542968 ], [ -89.116954413768838, 53.811256159120802 ], [ -89.686039238184918, 54.505564789119617 ], [ -90.068563284095347, 54.645722691068187 ], [ -90.154289396265867, 54.78947390429672 ], [ -90.719040237982128, 55.108192997843929 ], [ -91.186325937185259, 55.281233112347209 ], [ -91.34732762582729, 55.477507127926231 ], [ -91.89862476171696, 55.692047633487654 ], [ -92.077251728291003, 55.944754409107638 ], [ -92.250835618070951, 55.98909519677202 ], [ -92.711177404205387, 56.450049895246785 ], [ -93.772617744645927, 57.085589882539125 ], [ -96.527464377230956, 57.083933097620658 ], [ -96.56152927367603, 57.045812026457867 ], [ -96.450006815548619, 57.046485635447127 ], [ -96.32223329152761, 56.918163510254587 ], [ -96.113772226530102, 56.938174682650043 ], [ -96.098665685706465, 56.858455897702129 ], [ -95.902880534852173, 56.767962060415613 ], [ -94.792236774309856, 56.601889321074538 ], [ -93.964807576579858, 56.309369667132138 ], [ -92.946563359064015, 55.510117370469452 ], [ -92.94160439116007, 55.355213274591065 ], [ -92.76774055288233, 55.120795147582889 ], [ -91.891162308050113, 54.69131948153273 ], [ -91.375166773983494, 54.153414099800983 ], [ -91.007754263916539, 53.982037348037935 ], [ -90.682343482814645, 53.680118066022779 ], [ -90.461498686885918, 53.689684050570278 ], [ -89.844873789800516, 53.413225383971799 ], [ -89.837151282676942, 53.325738558274061 ], [ -89.684350071574301, 53.222882819604102 ], [ -89.622371519998197, 53.022430802507856 ], [ -89.674257642565536, 52.904066460010704 ], [ -89.409498740478796, 52.777862711051895 ], [ -89.470922042974408, 52.699457092655152 ], [ -89.311789601654993, 52.615458973313608 ], [ -89.704164690203754, 52.304476284010939 ], [ -89.455363402421256, 52.097412307165264 ], [ -89.494700969151808, 51.997752694920152 ], [ -89.704227617744607, 51.994837614512107 ], [ -89.845892722127843, 51.81921688554884 ], [ -90.080961836819156, 51.789915306132556 ], [ -90.018196737016211, 51.748128793961648 ], [ -90.069862253353492, 51.506745932209057 ], [ -89.764070944193946, 50.931253971831296 ], [ -89.796061879721094, 50.830204104920064 ], [ -89.462691678306655, 50.597444321595994 ], [ -89.429928356450475, 50.473977060972118 ], [ -89.513862092578037, 50.332931009735006 ], [ -89.830010043644023, 50.320391869917302 ], [ -89.712745727712999, 50.481187748055156 ], [ -89.770857419371751, 50.503064851842851 ], [ -89.699292201524855, 50.725902243175526 ], [ -89.78504259790418, 50.69332947019695 ], [ -90.139602488301563, 50.858631109188153 ], [ -90.172951032379828, 50.667749484789397 ], [ -90.539693245413417, 50.4244664413782 ], [ -90.799914842704951, 50.354073933175201 ], [ -90.889637582686419, 50.220688114696571 ], [ -91.080680357291783, 50.244794510003594 ], [ -91.114541648621838, 50.060907433629311 ], [ -91.281489756838226, 50.04339412982916 ], [ -91.552381516114508, 49.657412692234736 ], [ -91.301529590188096, 49.570717804488098 ], [ -91.495374721440555, 49.491587819271921 ], [ -91.504994827918011, 49.409217684059726 ], [ -91.734236938554503, 49.386516004614535 ], [ -91.896676808582782, 49.45668856872102 ], [ -91.962199897465197, 49.581363126959147 ], [ -91.833652274660324, 49.620663021410422 ], [ -92.199826754945661, 49.704126085060288 ], [ -92.521267043607693, 50.041075756455214 ], [ -93.018666724776139, 50.083251809236643 ], [ -93.271453199342389, 50.228926666121559 ], [ -93.686802698336322, 50.28309137741703 ], [ -93.717832669187032, 50.350805243534268 ], [ -94.168635373978333, 50.142156365033813 ], [ -94.488629054623402, 50.108324316743364 ], [ -94.648071616328124, 50.204963596025166 ], [ -94.776212323724963, 50.153918659276378 ], [ -95.000096232801582, 50.225736697541251 ], [ -95.447424551140585, 50.068484915948197 ], [ -95.895059710631145, 50.097822745248997 ], [ -96.021089606379235, 49.942332072894345 ], [ -96.067114303054865, 50.052930830586178 ], [ -96.15025101016451, 50.058647515669861 ], [ -96.135783972112193, 49.929424912688191 ], [ -96.039839008971995, 49.909382358147369 ], [ -96.083674938073003, 49.843412298667502 ], [ -96.434154268979171, 49.83720184608913 ], [ -96.854800755540182, 50.135657880678991 ], [ -97.464758735959961, 50.217544514637169 ], [ -97.95360351576349, 50.471150564496632 ], [ -98.333055003968497, 50.319314190991015 ], [ -99.246642953943905, 50.644697646513627 ], [ -99.501085205053329, 50.58709257446408 ], [ -99.559176519532983, 50.469399120087154 ], [ -99.885405393505039, 50.558216221854281 ], [ -100.257384909860633, 50.330528667141863 ], [ -100.496410324179266, 49.901819558512493 ], [ -100.4542838594313, 49.738331936565679 ], [ -100.673132948133428, 49.526418586427141 ], [ -100.630857603110215, 49.362404156061686 ], [ -100.856116780001244, 49.314851646818617 ], [ -100.850650140082706, 49.232292782211118 ], [ -101.116778773928615, 49.07969973707219 ], [ -101.068875265140719, 49.01894830131485 ], [ -101.28301730437471, 48.985594450642395 ], [ -101.849419890979561, 49.118887819440118 ], [ -101.9408865451841, 49.074402368796513 ], [ -101.830426532056123, 49.036630437065654 ], [ -102.10265215734961, 48.961086140114432 ], [ -102.547992562292137, 48.62316733825493 ], [ -102.863437499820677, 48.630033890272685 ], [ -103.252717503226464, 48.75342320985424 ], [ -103.373989361462975, 48.701368430393522 ], [ -103.276534132650823, 48.56795151129861 ], [ -103.323823568214948, 48.399296197938753 ], [ -103.206505869803919, 48.249620074109927 ], [ -103.522261462235079, 48.272134461996302 ], [ -103.762984874480338, 48.360027866498683 ], [ -103.790480980748995, 48.448544440836017 ], [ -103.848751211819291, 48.210141510890814 ], [ -104.140176500717601, 48.23903138151217 ], [ -104.246039314402864, 48.108802706678773 ], [ -104.191067580458963, 48.061090598638259 ], [ -104.440083072632802, 47.806600755671141 ], [ -104.401409555366229, 47.674113147258254 ], [ -104.75469779025525, 47.244950449869208 ], [ -104.468716290241346, 47.132272213947118 ], [ -104.508467674071341, 47.024888115045101 ], [ -104.422782495243979, 46.974089837186497 ], [ -103.947686193716052, 46.903183855631518 ], [ -104.04938629028932, 46.636375966375347 ], [ -104.391260834523735, 46.480575042457914 ], [ -104.304535682453917, 46.166415912195596 ], [ -104.407814218564056, 46.033931961356373 ], [ -104.342631274644248, 45.99452835973419 ], [ -104.523072826499018, 45.841039356616314 ], [ -104.784742521405434, 45.887671770320232 ], [ -104.754417410403875, 46.008385225420895 ], [ -105.092279610871586, 46.016711353121153 ], [ -105.324381705931813, 45.898098786365246 ], [ -105.450311964841489, 45.929706832178468 ], [ -105.614443101436095, 45.756010147568176 ], [ -105.805738956995413, 45.825045814852665 ], [ -105.828603384052542, 45.917533564228975 ], [ -105.545651937038599, 46.124607083598676 ], [ -105.571863871912598, 46.35690904866631 ], [ -105.03729514303626, 46.647832048810599 ], [ -104.822534039808403, 46.658648613032796 ], [ -104.766574364010978, 46.801069091034563 ], [ -105.302288019422591, 46.811947010433371 ], [ -105.350389179515517, 46.689236558615256 ], [ -105.4837702055855, 46.777017352431812 ], [ -106.118437124725176, 46.658058822248336 ], [ -106.120066512757916, 46.877645797908414 ], [ -106.192763624946764, 46.91584322196374 ], [ -105.870978509486548, 46.916855317769603 ], [ -105.768765182291759, 46.836447912992263 ], [ -105.669563402000222, 46.923578584879905 ], [ -105.956732820558557, 47.01357073999813 ], [ -106.63032486323398, 47.439442003293777 ], [ -106.450069134048789, 47.491952895644928 ], [ -106.826582339100611, 47.512166813172527 ], [ -106.932381846088361, 47.701542693131692 ], [ -107.110830397662369, 47.634081734011374 ], [ -107.067813104733858, 47.497769312461571 ], [ -107.139734179562709, 47.382172746041228 ], [ -107.333114322174154, 47.431026025689178 ], [ -107.451397027716268, 47.613231193970691 ], [ -107.501852401270185, 47.525883242963943 ], [ -107.62113514185026, 47.779295418405489 ], [ -107.658731363181275, 48.175621674137766 ], [ -107.44736197995249, 48.494680032087608 ], [ -107.116720853112369, 48.380272142022861 ], [ -107.070666361990078, 48.29518012310065 ], [ -107.168879229688017, 48.247472383997533 ], [ -107.088805104976487, 48.172706902605491 ], [ -106.827317286522501, 48.142059697261097 ], [ -106.810206015311394, 48.059257975467318 ], [ -106.929181534221712, 48.010350139122288 ], [ -106.770950272763855, 47.902172773251706 ], [ -106.693866620691182, 48.032484216550166 ], [ -106.223046991952913, 48.026673893005899 ], [ -106.086696648798636, 48.192277878473504 ], [ -106.011814885814772, 48.093090887492963 ], [ -105.472552899424329, 48.308503367645109 ], [ -105.396635256590997, 48.304037736502124 ], [ -105.431690855856203, 48.226991877005119 ], [ -104.946076363327052, 48.3766790336783 ], [ -104.151490197880236, 48.288658009216249 ], [ -104.088292233244431, 48.470952636698613 ], [ -104.29547908116561, 48.649173361200255 ], [ -104.328565953657019, 48.785015298258095 ], [ -104.524888933344116, 48.849828076414475 ], [ -104.898323053949312, 48.798567689769271 ], [ -104.875365716973164, 48.705336130039825 ], [ -105.119674683558856, 48.522548461087169 ], [ -105.342611819441615, 48.598955674250973 ], [ -105.42170347700602, 48.844802611816455 ], [ -105.825523632366796, 48.890496002611201 ], [ -106.595751211875339, 48.731892608301905 ], [ -106.821003967751139, 48.810686722405976 ], [ -106.916339369662182, 48.971656323457282 ], [ -107.178359605449003, 49.0187157134513 ], [ -107.477512722034106, 49.229360690460823 ], [ -107.519182262751428, 49.351311635867766 ], [ -107.381877005548816, 49.385802757772751 ], [ -106.981087103826354, 49.247611351506123 ], [ -106.675607376897119, 49.34037148897638 ], [ -106.563624808609973, 49.456406194708094 ], [ -106.722060597301066, 49.522046944043304 ], [ -106.678727252861393, 49.731174942104538 ], [ -106.745763463889091, 49.809996848893064 ], [ -106.661309590795099, 49.855972670769916 ], [ -106.692800557523285, 50.019106742587894 ], [ -106.607583533021426, 50.065001730789625 ], [ -106.913665990814494, 50.156995272649311 ], [ -108.297438899758276, 50.047460332119449 ], [ -108.203821777468391, 49.970884634674995 ], [ -108.222683447691765, 49.893767498491819 ], [ -108.858592277342581, 49.680686670840565 ], [ -108.87276786587978, 49.54827624311654 ], [ -109.027724114289711, 49.51889820056185 ], [ -109.612294201183531, 49.577882899828758 ], [ -109.67036776446119, 49.790774387253769 ], [ -109.154382100342985, 50.104275553056709 ], [ -108.812682899536327, 50.137944255943587 ], [ -108.755765315051733, 50.265199824887574 ], [ -108.940933063993086, 50.335362153025216 ], [ -108.866064865078343, 50.484129771097365 ], [ -108.131593190768712, 50.899416658766611 ], [ -107.97435858033532, 51.398327525177322 ], [ -107.520311504494941, 51.676775770673984 ], [ -107.49874363687924, 52.014001582798898 ], [ -107.932266370117162, 52.352107315381176 ], [ -107.439141009540393, 52.44877374401635 ], [ -107.011011835235252, 52.363746769118322 ], [ -106.717742225853499, 52.780954133099293 ], [ -106.694016765239354, 52.962301847979376 ], [ -106.604594839243674, 52.986928874271698 ], [ -106.693299079785916, 53.142091946210542 ], [ -106.572521522346278, 53.228088087813966 ], [ -106.613155380282961, 53.325615633664327 ], [ -106.208650238067349, 53.485199637264898 ], [ -106.426862310027531, 53.70459952780746 ], [ -106.573344264800426, 53.744802588445808 ], [ -106.519129193336013, 53.787163422411098 ], [ -106.597114315235672, 53.862427658604702 ], [ -106.788303282210194, 53.88434512778646 ], [ -106.787755011442229, 53.971402706909139 ], [ -106.968516391739826, 54.100368815898271 ], [ -107.03462720535282, 54.313839297532844 ], [ -107.10461424077576, 54.329888728085294 ], [ -107.049572974550443, 54.470476348100306 ], [ -107.124413470737579, 54.662964456905371 ], [ -107.089040633968352, 54.821561906270503 ], [ -107.22883592561098, 55.127024549221119 ], [ -107.29959349126905, 55.142861356375725 ], [ -107.339993534183677, 55.452251553772619 ], [ -107.308955118749651, 55.713804804139436 ], [ -106.790519548965733, 55.828803577094604 ], [ -106.488626408212184, 56.017137972896577 ], [ -106.262483602802234, 56.374009508999777 ], [ -106.173732556041983, 56.684528976889368 ], [ -106.312064609297693, 56.831000864051262 ], [ -109.610742861934966, 56.657522902721176 ], [ -109.687445200128153, 56.445635568204835 ], [ -109.981066385229809, 56.348915899707563 ], [ -110.097941127648582, 56.204876729206816 ], [ -110.657928979769281, 55.918000383215229 ], [ -110.747153196831292, 55.659966873007896 ], [ -110.611051622516598, 55.365244459726796 ], [ -110.41466186791493, 55.241495473637855 ], [ -109.991525929630683, 55.178840443070094 ], [ -109.69168519160462, 55.041299504548952 ], [ -109.314314849101379, 54.735395415027554 ], [ -109.268569360449391, 54.596751871123828 ], [ -108.855536523947421, 54.448568898934809 ], [ -109.005899467077469, 54.266079114382393 ], [ -109.485640032814345, 54.117954931974353 ], [ -109.669943740694507, 53.983570790548917 ], [ -109.556955617982467, 53.752784740705742 ], [ -109.049856065754639, 53.446547133334349 ], [ -109.016147407192307, 53.348988993904811 ], [ -108.415980951427457, 53.173913451599105 ], [ -108.348932764597919, 53.050010824539548 ], [ -108.782966662967027, 52.98058161433076 ], [ -108.823292613941135, 53.061339444049949 ], [ -109.003411501501986, 53.102189560196344 ], [ -109.505293236829928, 52.741647976756703 ], [ -109.442017559010822, 52.621182930082767 ], [ -109.598697857021961, 52.409639800948931 ], [ -109.50845254670655, 51.971229233056192 ], [ -109.407260403428197, 51.994093340421259 ], [ -109.299744387962093, 51.903953374192803 ], [ -109.099065826734247, 51.389068405733447 ], [ -109.559724153505698, 50.868448331008054 ], [ -109.992455744336269, 50.654035792653318 ], [ -110.142880918816758, 50.314469216913487 ], [ -109.914422511278389, 50.186526876399327 ], [ -110.030278216770512, 50.075177766496779 ], [ -109.899070111582049, 50.022600388318168 ], [ -110.583328483541337, 49.824061323446038 ], [ -110.643337207486539, 49.658047904596884 ], [ -110.414133030729317, 49.410991620522438 ], [ -110.004150892895353, 49.43964968137572 ], [ -109.158036889987628, 49.337204217110113 ], [ -108.988044997999395, 49.269843859968958 ], [ -108.997348944640976, 49.127886892286355 ], [ -108.821531929132107, 49.222866627708264 ], [ -108.926704969117708, 49.261517496756014 ], [ -108.837285091344853, 49.323276648080906 ], [ -108.646611228947037, 49.325835346688969 ], [ -108.57869603588108, 49.284630139317869 ], [ -108.632617055138468, 49.235400762724893 ], [ -108.507277151755119, 49.206232038739842 ], [ -108.520491985354369, 49.126397189105177 ], [ -108.622652004393046, 49.157101343960235 ], [ -108.607246387191111, 49.070785234450028 ], [ -108.526146564790793, 49.080279520310881 ], [ -108.507301162939626, 48.789974206434572 ], [ -108.757548553559005, 48.40146869758135 ], [ -109.187578707854101, 48.330049404692225 ], [ -109.283864784854259, 48.36100105215727 ], [ -109.207242411135695, 48.454279082111896 ], [ -109.586105096723117, 48.455745329297038 ], [ -109.982365735499087, 48.163866337642673 ], [ -109.992397458999548, 48.016118439734612 ], [ -109.751836113308045, 47.927919592016202 ], [ -109.224957688667473, 48.168139817001489 ], [ -109.095859777401586, 48.146964210514739 ], [ -109.002267246807705, 48.192042253180283 ], [ -108.99284576976595, 48.29328607213322 ], [ -108.519786508485382, 48.203836730135791 ], [ -108.519773575106854, 48.036067402855792 ], [ -108.636262091889975, 48.007248740315887 ], [ -108.661455866689963, 47.900531273539542 ], [ -108.3027055589707, 47.84048429850062 ], [ -108.188399827030608, 47.721854244428457 ], [ -108.067570269946586, 47.09714448914535 ], [ -107.890240519223198, 46.939534436590399 ], [ -107.782673254560393, 46.692317214403346 ], [ -107.620182621515767, 46.573406915056658 ], [ -107.067318518524928, 46.546579712027295 ], [ -107.109342200914455, 46.395383385511366 ], [ -107.034293975755389, 46.31501438833461 ], [ -107.137537956464996, 46.138475733360799 ], [ -107.112969602976293, 45.948312554042694 ], [ -107.265069881446749, 45.704078788937359 ], [ -107.31468678457405, 45.662483552684044 ], [ -107.386421265641019, 45.743331618521751 ], [ -107.490851269069879, 45.561419346366385 ], [ -107.29263674083478, 45.44582623327868 ], [ -107.276159089186223, 45.318448270527981 ], [ -107.097178709417548, 45.156259639152751 ], [ -106.432236946253454, 45.440316524381707 ], [ -106.292570699879434, 45.290952028249755 ], [ -106.117962043065603, 45.35889877565171 ], [ -105.92477305049033, 45.267255204673681 ], [ -105.6830173739896, 45.280841506451758 ], [ -105.541153758227566, 45.098116959032893 ], [ -105.366828534308183, 45.169731833830504 ], [ -105.243397638343367, 45.094979485747658 ], [ -105.154145362755926, 44.883220078502276 ], [ -104.639814980306141, 44.886275418838451 ], [ -104.407224693748773, 44.983611453840552 ], [ -104.054726646208451, 45.419874144593578 ], [ -103.954620691973446, 45.326269890991057 ], [ -103.767344843362025, 45.339161370294207 ], [ -103.695800877819366, 45.487624764979898 ], [ -103.487523245344946, 45.541699783845942 ], [ -103.188062275729436, 45.812457226045908 ], [ -102.995625527236967, 45.884315781787848 ], [ -102.857464293832265, 46.060029458944257 ], [ -102.841565706419246, 46.272967722818208 ], [ -102.632445995918744, 46.493151174284655 ], [ -102.781439702438405, 46.656625259403668 ], [ -102.693347065085376, 46.634698151491634 ], [ -102.584270997301573, 46.808021541443821 ], [ -102.310836471821119, 46.862655346487706 ], [ -101.89563247447046, 47.132670356373872 ], [ -101.540337007463407, 47.795771646507667 ], [ -101.739321642987818, 48.082170977082725 ], [ -101.623090744900679, 48.54486393042518 ], [ -101.242678742141791, 48.409659388262412 ], [ -100.395993799734498, 48.422683763330198 ], [ -100.295280876255816, 48.311400266679399 ], [ -100.107309873346935, 48.313418499073194 ], [ -99.933158104431612, 48.567594193116165 ], [ -99.91086608051971, 48.734420016380632 ], [ -99.390525433222862, 49.082117287935453 ], [ -99.378655198898286, 49.268559398537157 ], [ -99.308534307262875, 49.303092827920622 ], [ -99.054116067686579, 49.283413687878621 ], [ -99.154046557658361, 49.252502230828377 ], [ -99.085993011761843, 49.150444702592821 ], [ -98.766403543487911, 49.073714866533365 ], [ -99.136033496946865, 49.002446014204658 ], [ -98.664831331609918, 49.063116013312467 ], [ -98.279306729097996, 48.891403169338943 ], [ -98.195051931989184, 48.793156596445897 ], [ -98.318316824259924, 48.583482198930398 ], [ -98.265262985169443, 48.334578442128617 ], [ -98.139966362943071, 48.336546418276569 ], [ -98.134172011032803, 48.169841987983773 ], [ -97.936109717856596, 48.043379706985583 ], [ -97.498938465770081, 48.049238793230998 ], [ -97.434271882550874, 48.20028675666812 ], [ -97.316419133230326, 48.241282434065852 ], [ -96.780250788673868, 48.038028079309271 ], [ -96.564502794143451, 48.20466511023853 ], [ -96.380878709735356, 48.064109369082715 ], [ -96.473571319038527, 48.000805975759775 ], [ -96.391127173669119, 47.645751225289757 ], [ -96.274983362518725, 47.64233006581469 ], [ -96.054909476192933, 47.433920070085421 ], [ -95.623578232631104, 47.875632114452472 ], [ -95.439470424483801, 47.838473432868184 ], [ -95.279384893360969, 47.45958360189821 ], [ -94.906998106183607, 47.457658090415521 ], [ -94.813390446265686, 47.709114765864022 ], [ -94.556238144138305, 47.691960761500198 ], [ -94.726877795534463, 47.503645251703439 ], [ -94.703059414843651, 47.18860286218522 ], [ -94.852318304643745, 46.72532427703932 ], [ -94.791219527323051, 46.514055959784123 ], [ -94.883527813312938, 46.387239406896526 ], [ -94.822499075750699, 46.217812202899836 ], [ -95.002128860640738, 46.005861322786544 ], [ -95.124563892110515, 45.410356425222673 ], [ -95.182229446952817, 44.34064933327975 ], [ -95.377292361157316, 44.060958309327191 ], [ -95.717255706718291, 43.882028193489404 ], [ -95.975050494104508, 43.563205294898545 ], [ -96.130911829059301, 42.956836008635207 ], [ -96.358432363380672, 42.564848715339927 ], [ -96.521757765373593, 41.605267295446787 ], [ -96.434901485702696, 41.4530324442214 ], [ -96.517182089918819, 41.29928617482863 ], [ -96.457071238107559, 41.16847244256958 ], [ -96.571364884288172, 41.036106128837737 ], [ -96.392936735593324, 40.730609569201427 ], [ -96.903558292213091, 39.448873935994946 ], [ -97.174200209757117, 38.959216212717671 ], [ -97.272814614947293, 38.470337811568548 ], [ -97.518652633512588, 38.200499705072978 ], [ -97.470728047201646, 38.023397637293435 ], [ -97.81754858493747, 37.260896014492317 ], [ -97.723679588272802, 37.039284656835392 ], [ -97.398985828241948, 36.773940203879356 ], [ -97.15677413692481, 36.376925809982467 ], [ -96.725287023961329, 36.158037900413852 ], [ -96.32681696737599, 35.778454166136974 ], [ -95.440636349249374, 35.357530342875769 ], [ -94.176399464991803, 35.040770101516785 ] ], [ [ -95.093989937185071, 35.696230489578149 ], [ -94.530194643150537, 35.78081829313011 ], [ -94.331228152933122, 36.075982261660087 ], [ -93.728857784479487, 36.475429036853626 ], [ -92.655688975035247, 36.833542559234495 ], [ -91.474449353925806, 37.104895777378331 ], [ -91.290556379451843, 37.243803415222395 ], [ -90.945972852854325, 37.761940815966319 ], [ -90.15625942814728, 38.284204592815136 ], [ -89.825897199188802, 38.674246572666547 ], [ -89.937671521723061, 39.010000333695402 ], [ -90.147261419348467, 39.224021735155645 ], [ -90.430864082813429, 39.269260227359304 ], [ -90.775963627387682, 39.212310869337031 ], [ -90.953222847001257, 39.279901553035764 ], [ -91.005260752125338, 39.413732077223003 ], [ -90.893458115139566, 39.565791048012372 ], [ -90.903978593543911, 39.808807582796369 ], [ -90.674188879860424, 40.155951898213438 ], [ -90.843637826689971, 40.384464906131598 ], [ -91.718076428924121, 40.12256714472106 ], [ -92.052840323083814, 40.09615395949745 ], [ -92.015833276263976, 40.381594506899049 ], [ -91.754349353121981, 40.618755382549217 ], [ -91.857954291464893, 41.015505491219628 ], [ -91.788586987114286, 41.189522998560172 ], [ -91.873812658792133, 41.256694247988463 ], [ -91.519266060926029, 41.578233283563776 ], [ -91.551025464787287, 41.674950391082277 ], [ -91.776423157302929, 41.757683358788853 ], [ -91.706407125193337, 41.930950243563615 ], [ -91.562840472606538, 42.015497881312278 ], [ -91.644750976335132, 42.374069879841542 ], [ -92.027891834585304, 42.358928258118098 ], [ -92.006567085555602, 42.284618137531602 ], [ -92.462230019213507, 41.943043877107023 ], [ -92.921471493028605, 41.844197436843857 ], [ -93.189537432998179, 41.589510365920276 ], [ -93.347358370881167, 41.582279545963445 ], [ -93.337253357312576, 41.486051124115988 ], [ -92.826982058684507, 41.336332902124305 ], [ -92.443423234280743, 41.064228324966145 ], [ -92.178511743216774, 41.187294262480897 ], [ -92.11323944885109, 41.129326889538277 ], [ -92.183888483528875, 40.992420831480587 ], [ -92.708284931448929, 40.914390522173527 ], [ -93.549217216779482, 40.942890550202854 ], [ -93.583814333809997, 41.168798314167972 ], [ -93.737394580423256, 41.213719684520257 ], [ -93.689329497125357, 41.331530006299133 ], [ -93.895043267656121, 41.164409889333101 ], [ -94.185486700267518, 41.2097368844098 ], [ -94.329941987360428, 41.363474411056806 ], [ -94.533727029314946, 41.401287640625966 ], [ -94.766916663620492, 41.3973655967444 ], [ -95.000087460018818, 41.206470409189997 ], [ -95.65027951882746, 40.976066202050291 ], [ -95.987250958247628, 40.601602251291069 ], [ -96.01636445625121, 40.425689003460853 ], [ -95.818475846108583, 40.228801422556884 ], [ -95.92738288799859, 40.162252192376847 ], [ -95.874620021883942, 40.052447880210252 ], [ -96.035139508256265, 39.994321462253893 ], [ -96.148192213108786, 39.817327430503028 ], [ -96.52017884685209, 39.540940058897398 ], [ -96.698484102487214, 38.92021946232974 ], [ -97.039635144229308, 38.606330518645912 ], [ -97.042323644055386, 38.340042238893176 ], [ -96.932209068567431, 38.208064641502958 ], [ -97.492737435195394, 37.48888789531626 ], [ -97.461388720133868, 37.311016918429644 ], [ -97.214817562623239, 37.135953748868218 ], [ -97.139511805150732, 36.913685910475593 ], [ -96.879035055404046, 36.603936076279709 ], [ -95.990714194185344, 36.208762245589568 ], [ -95.636556486577277, 35.908800952110475 ], [ -95.093989937185071, 35.696230489578149 ] ], [ [ -89.7409065733208, 39.866210581961148 ], [ -89.514005459665881, 39.863717599591219 ], [ -89.48778519367778, 39.92465622534889 ], [ -89.708583611725743, 39.993136883894223 ], [ -89.7409065733208, 39.866210581961148 ] ], [ [ -93.644011461164055, 41.23492714746088 ], [ -93.632429023238444, 41.230462368377644 ], [ -93.626549770941551, 41.234795146196134 ], [ -93.632252855747637, 41.243593530364699 ], [ -93.644011461164055, 41.23492714746088 ] ], [ [ -93.64342911376994, 41.278686692998249 ], [ -93.449299272434331, 41.408354100310454 ], [ -93.500797291058575, 41.474367903995599 ], [ -93.38308818894582, 41.538910844171816 ], [ -93.422454620207063, 41.635365049563106 ], [ -93.48218876924804, 41.548508944706818 ], [ -93.498536141947113, 41.627274586830559 ], [ -93.580329954578474, 41.627933279547271 ], [ -93.634674239911845, 41.497281976457757 ], [ -93.582468010529283, 41.475026170049944 ], [ -93.694706920371786, 41.366560886153565 ], [ -93.64342911376994, 41.278686692998249 ] ], [ [ -93.462824227659723, 41.67064444152453 ], [ -93.386842364515232, 41.669985164080124 ], [ -93.349639878993102, 41.800594707720059 ], [ -93.519675418547024, 41.780241530812496 ], [ -93.462824227659723, 41.67064444152453 ] ], [ [ -93.287488772206586, 41.669074652066499 ], [ -93.217623192281536, 41.653118085683587 ], [ -93.204889997214821, 41.711936256494724 ], [ -93.245668498914441, 41.721066892059397 ], [ -93.287488772206586, 41.669074652066499 ] ], [ [ -93.899286757447214, 41.848375556021949 ], [ -93.6176485715186, 41.89006837090195 ], [ -93.512252662541584, 42.085367411099526 ], [ -93.608483677609684, 42.129679292491218 ], [ -93.590077597615249, 42.186140406099838 ], [ -93.032015642973931, 42.180988477796262 ], [ -92.949428724642104, 42.341096393282029 ], [ -92.600580602401521, 42.532497903450832 ], [ -92.639995712968286, 42.611195498335192 ], [ -92.494866272181554, 42.51588020245763 ], [ -92.464132090582439, 42.565423093822162 ], [ -92.288429952604076, 42.519469964640237 ], [ -92.127188700662515, 42.590881279127139 ], [ -92.127463210267734, 42.786234454763004 ], [ -92.294699924134363, 42.94053033211344 ], [ -92.209130113454364, 43.372115225859105 ], [ -92.261583250051984, 43.496039548066037 ], [ -93.006738452208054, 43.450041481356351 ], [ -93.485618880907921, 43.265797348399374 ], [ -93.871688917913545, 43.264211970416895 ], [ -94.051056509039171, 43.139745313973904 ], [ -94.117922343803883, 42.95818802772353 ], [ -93.735312086302471, 42.782550356017353 ], [ -93.824984547768139, 42.696364067408808 ], [ -93.739981072237697, 42.413455809044997 ], [ -93.623118696808632, 42.347391007268236 ], [ -93.64858978990253, 42.203996947409991 ], [ -93.82358802592546, 42.313990776103381 ], [ -94.006887203008944, 42.219348296821764 ], [ -93.954450833233551, 42.1755263392117 ], [ -94.015538533698503, 41.936254952280692 ], [ -93.886228038707358, 41.970383209315443 ], [ -93.899286757447214, 41.848375556021949 ] ], [ [ -93.572950188597815, 42.151178066971603 ], [ -93.561327980070558, 42.142377196963309 ], [ -93.549456539704011, 42.150993211890373 ], [ -93.5610786402261, 42.159794859051388 ], [ -93.572950188597815, 42.151178066971603 ] ], [ [ -95.247032227049843, 42.265391906638058 ], [ -95.223753692505852, 42.374164663402183 ], [ -95.047185048347728, 42.396035121682488 ], [ -94.693017286366654, 42.699850744900388 ], [ -94.572493486052167, 43.262814583168293 ], [ -94.982270563968868, 43.284926716628085 ], [ -94.982297782614268, 43.133510051118179 ], [ -95.150507200351569, 42.981890209312951 ], [ -95.139043324956603, 42.830196601780735 ], [ -95.288888132852534, 42.678179592704808 ], [ -95.247032227049843, 42.265391906638058 ] ], [ [ -92.56627602553246, 42.488592494274272 ], [ -92.554703370892383, 42.479745552645582 ], [ -92.542705686887786, 42.488278935439851 ], [ -92.554278156738889, 42.497126635509012 ], [ -92.56627602553246, 42.488592494274272 ] ], [ [ -92.447333524703836, 42.530435201173177 ], [ -92.435766556815679, 42.521582941451811 ], [ -92.423753628316547, 42.530106474327908 ], [ -92.435320475017534, 42.53895943854662 ], [ -92.447333524703836, 42.530435201173177 ] ], [ [ -89.587890057863916, 42.511974975573644 ], [ -89.552555424329512, 42.510931426041346 ], [ -89.571628919915611, 42.594091099180964 ], [ -89.580430638286458, 42.576965743678905 ], [ -89.587890057863916, 42.511974975573644 ] ], [ [ -89.73632106519986, 43.27540791027117 ], [ -89.653701038240897, 43.264397335658927 ], [ -89.63901573471712, 43.315902842987072 ], [ -89.793392327247403, 43.320282685395803 ], [ -89.73632106519986, 43.27540791027117 ] ], [ [ -95.002467857827938, 43.371386971545981 ], [ -94.946545672284216, 43.436192327449895 ], [ -95.000089489120683, 43.503865850707065 ], [ -95.017937354797738, 43.436198928328317 ], [ -95.002467857827938, 43.371386971545981 ] ], [ [ -94.346200862713872, 43.952600671095723 ], [ -94.342271232558119, 43.943974156031601 ], [ -94.330250269824077, 43.952544322893743 ], [ -94.342155145943138, 43.961198741690723 ], [ -94.346200862713872, 43.952600671095723 ] ], [ [ -94.294058789113208, 43.995462373197988 ], [ -94.222327231343428, 43.986569855308446 ], [ -94.210290491027138, 43.995129959855049 ], [ -94.252108528221555, 44.00391061896336 ], [ -94.294058789113208, 43.995462373197988 ] ], [ [ -90.025626299493453, 44.253920393287117 ], [ -89.654518366866313, 44.342677735467944 ], [ -89.23941404598736, 44.24881410697656 ], [ -88.99038967310436, 44.391543766803771 ], [ -88.654068806949965, 44.933977830894996 ], [ -88.348350775934179, 44.981396448943634 ], [ -88.216575327223097, 45.132946476644527 ], [ -88.214472843432247, 45.034482782965419 ], [ -87.993963608359479, 44.861676315245163 ], [ -87.849513776103919, 45.064010730941746 ], [ -87.970758925629298, 45.178271260313608 ], [ -88.33557522217383, 45.295239431447158 ], [ -88.699547834293682, 45.621004897120407 ], [ -89.17206179815318, 45.663478360690746 ], [ -89.406029008392949, 46.034663138383429 ], [ -89.863714718785502, 46.054318045621265 ], [ -90.404547817530727, 46.253006497982661 ], [ -90.916082974392708, 46.048032332179417 ], [ -90.84390251170862, 45.812847682269016 ], [ -91.169518336348091, 45.530122030746568 ], [ -91.345281393991996, 45.703829060180198 ], [ -91.305303458993592, 45.843416469353102 ], [ -91.104622409577729, 46.073103933488973 ], [ -90.950915272710674, 46.091196270077049 ], [ -91.010246058220744, 46.134840661752847 ], [ -90.819231564882131, 46.300424142382077 ], [ -90.855936827219637, 46.440934179186584 ], [ -90.321126786873947, 46.695342423512763 ], [ -89.791690511662281, 46.800348597517655 ], [ -89.373568449817128, 46.982985129219507 ], [ -89.404889499678717, 47.383739159811441 ], [ -89.274427374051243, 47.485071920377898 ], [ -89.534461414424101, 47.500726387315019 ], [ -89.513863417537721, 47.843940384014402 ], [ -89.263462156040703, 47.857913384198788 ], [ -89.155611548131731, 47.691434713063863 ], [ -89.160646663597021, 47.515379756570653 ], [ -88.792400867824853, 47.445520145693038 ], [ -88.65137950858778, 47.508306157519002 ], [ -88.4774787208313, 48.172817474770454 ], [ -88.222464825708116, 48.427330045578032 ], [ -87.788760810031789, 48.587433541246938 ], [ -87.858590915753226, 48.777041822291643 ], [ -88.438035123711984, 48.914685356545547 ], [ -88.697817889824734, 48.812785015540889 ], [ -89.201358713348981, 48.827590892317389 ], [ -89.39569726510156, 48.745758983184949 ], [ -89.348266770934686, 48.698747481408695 ], [ -89.49678824086385, 48.536419016130417 ], [ -89.505694395618079, 48.390895002544454 ], [ -89.740419931165434, 48.240026988826855 ], [ -90.286029281231265, 48.347907237331306 ], [ -90.283574206297814, 48.514447869458252 ], [ -90.526313235773387, 48.686240537226844 ], [ -90.968857510559474, 48.782624470345844 ], [ -91.077547750310742, 48.531208120554822 ], [ -91.037293701120433, 48.280526290003124 ], [ -90.511457090476341, 48.10267940687131 ], [ -90.943401585621302, 47.95299557586182 ], [ -91.774951908453374, 47.387645091328068 ], [ -92.145203638976554, 47.449946382308596 ], [ -92.262745296403907, 47.359207702223685 ], [ -92.214706773395164, 47.205129988473345 ], [ -92.523159884915742, 47.244938813948508 ], [ -92.77689809671817, 46.995431100415963 ], [ -93.021719977517961, 47.099071558909209 ], [ -93.362276398620196, 47.070594639249911 ], [ -93.69441898040013, 47.18455165758516 ], [ -93.760305683782519, 47.346787885637774 ], [ -94.007867633128882, 47.383865147886766 ], [ -94.101548372922053, 46.681122061784848 ], [ -94.018152268704881, 46.418671726626471 ], [ -93.602941658927492, 46.276460791229255 ], [ -93.543970777544274, 46.127701678103691 ], [ -93.331361530930778, 46.041166448616977 ], [ -93.416928524400049, 46.041878967363772 ], [ -93.413105150223373, 45.905997310226624 ], [ -93.243641950731188, 45.828066575700277 ], [ -93.576790109787282, 45.575565041521017 ], [ -93.541736342034639, 45.481601313426836 ], [ -93.311837460666652, 45.424330866986082 ], [ -93.247789496477338, 45.274493074771513 ], [ -93.404353387547019, 44.97684880226474 ], [ -93.069218308877453, 44.80903496598053 ], [ -92.705047550820908, 44.897028941620647 ], [ -92.531759611395046, 44.588608964995096 ], [ -91.962542656419345, 44.49958623362722 ], [ -91.628809590817795, 44.581189124819375 ], [ -91.36311427901191, 44.44112720921931 ], [ -91.152564739323111, 44.443416085601115 ], [ -91.104978494485579, 44.579767095953869 ], [ -91.463666959087305, 44.651087427322963 ], [ -91.234347392349605, 44.65955273444807 ], [ -91.138871245428774, 44.786193224511223 ], [ -91.067134197968358, 44.62187550943883 ], [ -90.935970226347962, 44.589099295384131 ], [ -90.659426899252821, 44.7116233454217 ], [ -90.490523725003115, 44.454606032803767 ], [ -90.192474582318681, 44.400049227791669 ], [ -90.025626299493453, 44.253920393287117 ] ], [ [ -91.430239835382622, 44.414494811725589 ], [ -91.424390312368928, 44.410090288422651 ], [ -91.412215982371592, 44.41415469284992 ], [ -91.423914785790117, 44.422964341883358 ], [ -91.430239835382622, 44.414494811725589 ] ], [ [ -91.376177687205086, 44.413469871353641 ], [ -91.364323083222956, 44.408948834463509 ], [ -91.358154188276345, 44.413124996619963 ], [ -91.363839574333895, 44.421822874704823 ], [ -91.376177687205086, 44.413469871353641 ] ], [ [ -91.184138531796748, 44.709988282488979 ], [ -91.172426638822344, 44.701181501199201 ], [ -91.160034357306927, 44.709504478523343 ], [ -91.171745876813191, 44.718311844213048 ], [ -91.184138531796748, 44.709988282488979 ] ], [ [ -104.236290924667117, 45.53084035888525 ], [ -103.867422920461635, 45.590783982594523 ], [ -103.873020498293329, 45.63318204124829 ], [ -104.076571356094405, 45.648367127235467 ], [ -104.236290924667117, 45.53084035888525 ] ], [ [ -105.364134356849206, 45.687088127324017 ], [ -105.362296013336277, 45.686238298064858 ], [ -105.361049831604518, 45.68725317715041 ], [ -105.362554393634412, 45.688595048279062 ], [ -105.364134356849206, 45.687088127324017 ] ], [ [ -103.551382242715732, 47.76239356350672 ], [ -103.493374438650463, 47.764847943666425 ], [ -103.384462792341424, 47.937040270614297 ], [ -103.53931832654348, 47.888665382778051 ], [ -103.551382242715732, 47.76239356350672 ] ], [ [ -95.774136259052113, 47.983796052351487 ], [ -95.499387858887147, 47.967946596756221 ], [ -95.487220085132321, 48.02646381620184 ], [ -95.749651815817742, 48.04236884239841 ], [ -95.774136259052113, 47.983796052351487 ] ], [ [ -95.712699052689501, 48.109303063337535 ], [ -95.500078495064486, 48.093242394155894 ], [ -95.487894329109281, 48.151698199206152 ], [ -95.500493787456122, 48.168355387046027 ], [ -95.712699052689501, 48.109303063337535 ] ], [ [ -94.57502771820171, 48.110108956256667 ], [ -94.443503499800443, 48.151522100725309 ], [ -94.474287369683736, 48.235021546514176 ], [ -94.511843349984957, 48.235114890865077 ], [ -94.57502771820171, 48.110108956256667 ] ], [ [ -103.510245407313121, 48.078282026558405 ], [ -103.39991526237776, 48.103796663374595 ], [ -103.405724642736956, 48.166269885741663 ], [ -103.527800336469838, 48.098458021799551 ], [ -103.510245407313121, 48.078282026558405 ] ], [ [ -95.714015895574647, 48.276135206214001 ], [ -95.501233810152286, 48.301775519895607 ], [ -95.489248430928669, 48.401770030249104 ], [ -95.689413206983701, 48.33455651666192 ], [ -95.714015895574647, 48.276135206214001 ] ], [ [ -106.586122121677022, 48.07221158089137 ], [ -106.585517599483339, 48.197891732043061 ], [ -106.782910507156345, 48.186522650397521 ], [ -106.591457915213653, 48.113802867338208 ], [ -106.586122121677022, 48.07221158089137 ] ], [ [ -94.698657178214745, 48.526970674374212 ], [ -94.660821843671826, 48.568494275783053 ], [ -94.685894102017414, 48.58516267240168 ], [ -94.711082688927888, 48.568571317957755 ], [ -94.698657178214745, 48.526970674374212 ] ], [ [ -91.987264490114526, 48.567412279122955 ], [ -91.842280343908499, 48.669150148215095 ], [ -91.77596657240548, 48.937883060806165 ], [ -91.650644278302266, 48.998052183475991 ], [ -91.705869493879533, 49.296851920939375 ], [ -91.786667251299562, 49.16581155045079 ], [ -91.724962925512244, 49.123468062262468 ], [ -92.069005881236677, 49.045829477337634 ], [ -92.084607390381208, 48.714274725837498 ], [ -91.987264490114526, 48.567412279122955 ] ], [ [ -105.675027353381751, 48.373194050775048 ], [ -105.667791120747239, 48.365216808734019 ], [ -105.412495233070445, 48.386782541263983 ], [ -105.486300487478232, 48.426426355023978 ], [ -105.675027353381751, 48.373194050775048 ] ], [ [ -94.899474853196011, 48.651870384520926 ], [ -94.874332578067978, 48.643547446966267 ], [ -94.849167001104888, 48.651839575026045 ], [ -94.87429759816871, 48.668472909956321 ], [ -94.899474853196011, 48.651870384520926 ] ], [ [ -94.710814637455812, 48.651691250043385 ], [ -94.66050735532194, 48.651614192109975 ], [ -94.622354154829708, 48.751212632793894 ], [ -94.773491094983143, 48.734830338681007 ], [ -94.710814637455812, 48.651691250043385 ] ], [ [ -87.810919890201134, 48.546578986122761 ], [ -87.80497977230813, 48.542205519824236 ], [ -87.7921002746033, 48.545916645840308 ], [ -87.803979929625697, 48.554664038994943 ], [ -87.810919890201134, 48.546578986122761 ] ], [ [ -104.998159199794245, 48.449268655798058 ], [ -104.984719391361409, 48.441579486201988 ], [ -104.973125896748257, 48.450493835355758 ], [ -104.986566557759943, 48.458183441678571 ], [ -104.998159199794245, 48.449268655798058 ] ], [ [ -94.962326535602756, 48.73495168510658 ], [ -94.937155239371819, 48.726642463890116 ], [ -94.911972279381814, 48.734936288869889 ], [ -94.937143567484043, 48.743247864256915 ], [ -94.962326535602756, 48.73495168510658 ] ], [ [ -100.001481823302726, 48.777924324637397 ], [ -99.93340144183145, 48.800329981077496 ], [ -100.109651141371074, 48.796028030111884 ], [ -100.103041080014265, 48.790655899073016 ], [ -100.001481823302726, 48.777924324637397 ] ], [ [ -104.644941499025379, 48.674666606320898 ], [ -104.63149795367039, 48.666969017673843 ], [ -104.626115469798691, 48.675551817949334 ], [ -104.632837693872261, 48.6794008232661 ], [ -104.644941499025379, 48.674666606320898 ] ], [ [ -94.76197914736224, 48.921483162161238 ], [ -94.747798821813404, 48.91732185850649 ], [ -94.71365912059531, 48.942144024976358 ], [ -94.747657943211934, 48.967049399006342 ], [ -94.76197914736224, 48.921483162161238 ] ], [ [ -100.572021473507078, 49.032943730790983 ], [ -100.49516869385333, 49.016766528389027 ], [ -100.430032151306293, 49.036723316761446 ], [ -100.496920620415793, 49.045084376428974 ], [ -100.572021473507078, 49.032943730790983 ] ], [ [ -98.501113185577509, 49.078373797143563 ], [ -98.285908322290254, 49.070310093733781 ], [ -98.229482433757141, 49.08279109508748 ], [ -98.28740957840904, 49.110855499305345 ], [ -98.501113185577509, 49.078373797143563 ] ], [ [ -91.325753252817393, 49.447409416016399 ], [ -91.319581755060938, 49.443173193315502 ], [ -91.306722138636445, 49.447072943067937 ], [ -91.319064928065401, 49.455545755302019 ], [ -91.325753252817393, 49.447409416016399 ] ], [ [ -91.141816935267812, 49.444086183527041 ], [ -91.129220697819335, 49.441789177807216 ], [ -91.12278684246148, 49.443733292359994 ], [ -91.128767725242895, 49.452099603346319 ], [ -91.141816935267812, 49.444086183527041 ] ], [ [ -109.876107301558463, 49.610601939067301 ], [ -109.838929235247576, 49.595017617371646 ], [ -109.829345899813973, 49.613934317544604 ], [ -109.845041513943926, 49.631049327974644 ], [ -109.876107301558463, 49.610601939067301 ] ], [ [ -110.1761469348573, 49.609687675485787 ], [ -110.1281672740148, 49.603504784843693 ], [ -110.079643904450393, 49.63741511263045 ], [ -110.166678491434908, 49.641165523660248 ], [ -110.1761469348573, 49.609687675485787 ] ], [ [ -109.862214728277849, 49.694442619089408 ], [ -109.855425121170157, 49.69216506644343 ], [ -109.77998268420356, 49.700280485276124 ], [ -109.824726491377362, 49.699869241011314 ], [ -109.862214728277849, 49.694442619089408 ] ], [ [ -91.045081254148727, 50.182663584863519 ], [ -91.032474683452662, 50.178328148408994 ], [ -91.019493849504585, 50.182183928358654 ], [ -91.031912845705051, 50.190616317222194 ], [ -91.045081254148727, 50.182663584863519 ] ], [ [ -109.228569210399186, 51.176767177884415 ], [ -109.194235392250732, 51.179031634075102 ], [ -109.212302395749504, 51.234952170750567 ], [ -109.23535373600393, 51.217117918382435 ], [ -109.228569210399186, 51.176767177884415 ] ], [ [ -109.259346991312043, 52.230105791561563 ], [ -109.247905521225775, 52.214696304660876 ], [ -109.224580831607327, 52.232351018360504 ], [ -109.252031556197693, 52.238652269792439 ], [ -109.259346991312043, 52.230105791561563 ] ], [ [ -109.142611777385099, 52.318317357739438 ], [ -109.131179819510649, 52.302916115867056 ], [ -109.125208823823499, 52.319430418390453 ], [ -109.142611777385099, 52.318317357739438 ] ], [ [ -66.4491255153076, 35.063737002116838 ], [ -66.181269582668563, 35.014330413248302 ], [ -65.946819322716252, 35.15673349536312 ], [ -65.785725289652831, 35.127981619130637 ], [ -65.689055760174739, 35.487774310389639 ], [ -65.997671296163006, 35.494415069638322 ], [ -66.528281612343108, 35.309592323976531 ], [ -66.589554771267714, 35.182439734119114 ], [ -66.4491255153076, 35.063737002116838 ] ], [ [ -66.008674087278507, 35.029733059581893 ], [ -66.002142483318181, 35.033172713401235 ], [ -66.006343147557899, 35.038521486457256 ], [ -66.012875654289104, 35.035081311403999 ], [ -66.008674087278507, 35.029733059581893 ] ], [ [ -66.731192214771966, 35.709495507248924 ], [ -66.515071540631141, 35.672209585424561 ], [ -66.446242078569483, 35.708439589408108 ], [ -66.478743106165837, 35.810387204951397 ], [ -66.587490229532918, 35.826887001461998 ], [ -66.731192214771966, 35.709495507248924 ] ], [ [ -65.485549695102378, 36.33964327501581 ], [ -65.407997484837992, 36.488514167717369 ], [ -64.087573713516946, 41.051734992405763 ], [ -64.473506015407366, 40.506760759337524 ], [ -64.542692519144751, 40.157918151927539 ], [ -64.89777164025331, 39.745305132533169 ], [ -64.888841304978413, 39.585427975729992 ], [ -64.94821908799068, 39.573126266919274 ], [ -64.894603207802163, 39.405339226849485 ], [ -65.045147171472266, 39.250349478854091 ], [ -65.200037979311361, 39.200195160571106 ], [ -65.416715819348838, 39.260202560545849 ], [ -65.683788882449448, 39.699176442582832 ], [ -65.926479244336946, 39.837042624062263 ], [ -66.120473714894288, 39.794938186170796 ], [ -66.110278940800256, 39.522357905475026 ], [ -65.885934279833876, 39.213365181068241 ], [ -65.937838989794884, 38.973081696242303 ], [ -65.61247681778903, 38.777063036720932 ], [ -65.545432123804972, 38.520352945621795 ], [ -65.643443117354295, 38.264569778577915 ], [ -65.936720499441151, 38.042131134665588 ], [ -65.885011654500033, 37.80108220613257 ], [ -65.748382956640526, 37.69089286317125 ], [ -65.741618092481843, 37.507337285639281 ], [ -65.875319295921244, 36.937039716007845 ], [ -66.117313979689385, 36.750542168973453 ], [ -66.035731347580281, 36.619740860763251 ], [ -65.715229630484927, 36.540700024475392 ], [ -65.485549695102378, 36.33964327501581 ] ], [ [ -65.319938732645966, 36.907804259948293 ], [ -65.302979563249551, 36.896778943074779 ], [ -65.231105515939987, 37.154214409530411 ], [ -65.471092498617821, 37.048937009497926 ], [ -65.450231921261704, 36.953796395260227 ], [ -65.319938732645966, 36.907804259948293 ] ], [ [ -65.079450903861158, 37.73313381115161 ], [ -65.070930420564309, 37.72249656998553 ], [ -64.948438752605497, 38.15206800393851 ], [ -65.212477335614039, 38.007373745949238 ], [ -65.079450903861158, 37.73313381115161 ] ], [ [ -95.83494729169928, 40.127496386402839 ], [ -95.817780569487923, 40.140781683860268 ], [ -95.835160079894337, 40.153905804134553 ], [ -95.852326710439243, 40.140619015953376 ], [ -95.83494729169928, 40.127496386402839 ] ], [ [ -95.777371997800941, 40.127758214832582 ], [ -95.760197924577483, 40.141037865931402 ], [ -95.777570111470084, 40.154167397654916 ], [ -95.794744100547703, 40.140886415768016 ], [ -95.777371997800941, 40.127758214832582 ] ], [ [ -95.77770227630802, 40.171775942615639 ], [ -95.760520878488123, 40.185052713218838 ], [ -95.777900559176658, 40.198179329719395 ], [ -95.795081872743097, 40.184901231950974 ], [ -95.77770227630802, 40.171775942615639 ] ], [ [ -95.720102239545241, 40.172018910859386 ], [ -95.702913212963495, 40.185290247153489 ], [ -95.720285838402887, 40.198422487197455 ], [ -95.737474578784116, 40.185149984482777 ], [ -95.720102239545241, 40.172018910859386 ] ], [ [ -95.720408318961319, 40.216027110221518 ], [ -95.674969817784586, 40.31738752658709 ], [ -95.845126041105061, 40.316660243701058 ], [ -95.836012413947628, 40.259519852625814 ], [ -95.738258763204996, 40.295143986341493 ], [ -95.720408318961319, 40.216027110221518 ] ], [ [ -93.66479316746117, 40.981047170313559 ], [ -93.647205456053854, 40.994062405785954 ], [ -93.664535856481109, 41.00076558354057 ], [ -93.66479316746117, 40.981047170313559 ] ], [ [ -93.663562775168714, 41.075247049519064 ], [ -93.646045675355595, 41.081686101974952 ], [ -93.66330498264719, 41.094955589812386 ], [ -93.672192529643212, 41.081881107372205 ], [ -93.663562775168714, 41.075247049519064 ] ], [ [ -93.778807393053341, 41.157091839637204 ], [ -93.761203888487074, 41.17010579621946 ], [ -93.778493043368655, 41.183357627786535 ], [ -93.787373467357298, 41.170283972276238 ], [ -93.778807393053341, 41.157091839637204 ] ], [ [ -111.820452547083278, 40.799340184094476 ], [ -111.700025373639633, 40.880272667580066 ], [ -111.897292642684036, 41.086970618497801 ], [ -111.940430410704806, 40.945982737104458 ], [ -111.820452547083278, 40.799340184094476 ] ], [ [ -106.482791644163015, 41.26710958092233 ], [ -106.346490848151035, 41.365018882723078 ], [ -106.505585890372402, 41.468397836318104 ], [ -106.561800008275767, 41.417167946557022 ], [ -106.482791644163015, 41.26710958092233 ] ], [ [ -111.71509746657739, 41.047431890277565 ], [ -111.683177223283792, 41.102642628203185 ], [ -111.72605916753497, 41.114087844512177 ], [ -111.753837231842937, 41.096043298559799 ], [ -111.71509746657739, 41.047431890277565 ] ], [ [ -93.70790696276741, 42.160891135818048 ], [ -93.690118908889247, 42.173824556092981 ], [ -93.754459338278252, 42.1960406754785 ], [ -93.73699942183714, 42.182862620134244 ], [ -93.70790696276741, 42.160891135818048 ] ], [ [ -111.671166738094684, 41.849149636491362 ], [ -111.5180591933985, 42.04213600135612 ], [ -111.5940113692821, 42.452612647326717 ], [ -111.758109085441134, 41.932303788146619 ], [ -111.671166738094684, 41.849149636491362 ] ], [ [ -92.28677846515572, 42.580272650870612 ], [ -92.26873317285137, 42.593035279409115 ], [ -92.286070168636485, 42.606320467861089 ], [ -92.304115769063031, 42.593556710670541 ], [ -92.28677846515572, 42.580272650870612 ] ], [ [ -93.73095047808502, 42.66101768245305 ], [ -93.713076077493753, 42.673915032285237 ], [ -93.730618897034333, 42.687057290605452 ], [ -93.748493442008908, 42.674158817985941 ], [ -93.73095047808502, 42.66101768245305 ] ], [ [ -92.638556997286599, 42.671967746504549 ], [ -92.620540181120873, 42.68475771996431 ], [ -92.637939956784862, 42.698002396676692 ], [ -92.655957041634636, 42.685211301825319 ], [ -92.638556997286599, 42.671967746504549 ] ], [ [ -106.066915627021004, 42.540447351396303 ], [ -105.977756506031994, 42.590246604982482 ], [ -106.20500261818411, 42.663663004153634 ], [ -106.214757571199499, 42.750159023863532 ], [ -106.485558972995392, 42.733469494997195 ], [ -106.34050875835436, 42.605253923969599 ], [ -106.066915627021004, 42.540447351396303 ] ], [ [ -109.0060653254844, 42.598570832452488 ], [ -108.930939186189377, 42.7607433252644 ], [ -109.042953168197286, 42.817642118074779 ], [ -109.02859083143386, 42.884123303909092 ], [ -109.258537221798008, 43.062538014546149 ], [ -109.44810054876281, 43.047818369597437 ], [ -109.416486507778814, 43.137365309920852 ], [ -109.587442221501703, 43.254525427114395 ], [ -109.574108837424859, 43.342550816919228 ], [ -109.821290711227221, 43.488160397880691 ], [ -109.707376165896534, 43.114473576258263 ], [ -109.403180016584798, 42.882842892789796 ], [ -109.37180068214451, 42.748641161011257 ], [ -109.0060653254844, 42.598570832452488 ] ], [ [ -111.292990930168145, 42.426268180791972 ], [ -111.201011320502772, 42.465086100753176 ], [ -111.019171411563491, 42.93558421772412 ], [ -110.861321265753702, 42.50870292510853 ], [ -110.655164094669942, 42.51842661782041 ], [ -110.572822212098856, 42.716300587065845 ], [ -110.514614508917703, 42.983084709167677 ], [ -110.582363647518804, 43.217063759841558 ], [ -110.776528310651287, 43.281912617052996 ], [ -110.885459395037543, 43.452485571098791 ], [ -110.743332102095877, 43.703558544916547 ], [ -110.705831218732612, 43.96049029375785 ], [ -110.261348245001841, 43.851997361901795 ], [ -110.596875630297262, 43.694143757028506 ], [ -110.601511189211067, 43.563454422932338 ], [ -110.76626463935645, 43.419139545959069 ], [ -110.603146584827016, 43.319795196060376 ], [ -110.469087788336822, 43.418019618811911 ], [ -110.476466690162709, 43.654236403956098 ], [ -109.981665092713342, 43.557858760045214 ], [ -109.890019516531495, 43.743149027125057 ], [ -109.701054952698982, 43.684366752269 ], [ -109.542182523739314, 43.826013793221286 ], [ -109.208434105851723, 43.596690749200505 ], [ -108.792746872790403, 43.792605265271291 ], [ -108.886965697663015, 44.347883609799418 ], [ -108.764946345826218, 44.529360354811331 ], [ -108.953245703415078, 44.687973816221799 ], [ -108.876558454836214, 44.758174749854753 ], [ -108.900988292821623, 44.863973469886616 ], [ -109.07768520948423, 44.980024509457593 ], [ -109.185508738925606, 45.288411587517693 ], [ -109.427036669712223, 45.473375560332698 ], [ -109.891165633118334, 45.626558000981007 ], [ -110.692389357075484, 45.627334948359788 ], [ -110.677183800678193, 45.757043481158199 ], [ -110.915664298051112, 45.951491847541085 ], [ -110.873793186548781, 46.083105693365205 ], [ -110.998164756637095, 46.085731532775881 ], [ -111.147197279418947, 46.017868778410623 ], [ -111.117229191959382, 45.703731994026789 ], [ -111.854170944815678, 45.707259630394347 ], [ -112.050350687028967, 45.773622925032313 ], [ -112.269861336008546, 45.556807265776193 ], [ -112.025471339287535, 45.295916315514141 ], [ -112.13570322105879, 45.229314280089497 ], [ -112.188174848098271, 45.350410024624722 ], [ -112.281839893982124, 45.360853836239464 ], [ -112.580140667228918, 45.15455617987655 ], [ -112.580144840833981, 45.055470821881123 ], [ -112.803540586431737, 45.03475597786192 ], [ -112.801935761652345, 44.905514447967178 ], [ -112.650844833662589, 44.712366884735729 ], [ -112.124060676224644, 44.644030682352849 ], [ -112.367378168468676, 44.489706422271723 ], [ -112.63571008914704, 44.597086896703196 ], [ -112.933967227528697, 44.936269446545687 ], [ -113.02728747418341, 44.927455663978321 ], [ -113.035056586012416, 44.815340892019734 ], [ -113.155077841221072, 44.966374618316507 ], [ -113.222662158894622, 44.841307676060865 ], [ -113.290029407873249, 44.875039819866878 ], [ -113.353852030179425, 45.004136786957517 ], [ -113.185656835855596, 45.126609618770715 ], [ -113.182642692542515, 45.270486773244222 ], [ -113.480778824620259, 45.230447394762948 ], [ -113.731181128681797, 45.527519758724381 ], [ -113.716940150657678, 45.657841060238333 ], [ -113.590381444370109, 45.7887300717138 ], [ -113.301282985556966, 45.883914913842695 ], [ -113.153371078369133, 45.883267856132669 ], [ -113.354249813976409, 45.671238925164481 ], [ -113.324773648180937, 45.351646868240344 ], [ -113.145857028464661, 45.397911441295918 ], [ -113.059261635125608, 45.290769817789759 ], [ -112.921813769180346, 45.282156951023815 ], [ -112.775500245124306, 45.489288092772014 ], [ -112.793014341387561, 45.745255036176445 ], [ -112.717758703791091, 45.923605750433289 ], [ -112.978651282694685, 46.113647938331475 ], [ -112.792612616182012, 46.44686423456713 ], [ -112.798142781724991, 46.087477115538171 ], [ -112.5924823258174, 45.977832978070921 ], [ -112.718045535248848, 45.816458758600547 ], [ -112.677406473183993, 45.648619998681205 ], [ -112.390441723688298, 45.618927384083619 ], [ -112.34760649212906, 45.914268914934041 ], [ -112.208792044790769, 46.055009680228103 ], [ -112.23143482194746, 46.258141186875363 ], [ -112.085646008114338, 46.305116764698681 ], [ -111.876162789641981, 46.171773853975523 ], [ -111.681494946838782, 46.335790193473962 ], [ -111.74550752386709, 46.543447315125164 ], [ -112.037678265553126, 46.667328617213677 ], [ -112.058638075497868, 46.831403065666564 ], [ -111.940537989252434, 46.864960735756476 ], [ -111.707536867549749, 46.738196605292977 ], [ -111.736621542005352, 46.693189960286482 ], [ -111.488058727625571, 46.592926541961994 ], [ -111.314777604284956, 46.366745838757929 ], [ -111.140997724276019, 46.377970060978534 ], [ -111.115891519324123, 46.468449229693526 ], [ -111.35729371341364, 46.729346764547792 ], [ -111.183414006538655, 46.798961467106018 ], [ -110.595366701943419, 46.807279128197209 ], [ -110.364915089043151, 47.099703829445716 ], [ -110.236850360390235, 47.077818513403884 ], [ -110.281051611227952, 47.362142650807037 ], [ -110.226391873703349, 47.408579174534069 ], [ -110.057937825927226, 47.503696064088714 ], [ -109.729991169932418, 47.445833150029905 ], [ -109.750311703247718, 47.532958483136653 ], [ -109.919734216584231, 47.53726665781997 ], [ -109.808186345984893, 47.735239709568091 ], [ -110.361381017688672, 47.820889195813038 ], [ -111.554723345459109, 47.311084474940287 ], [ -112.133615767998634, 47.234501997924696 ], [ -112.768655125575151, 47.57889714772142 ], [ -112.761889183903122, 47.736694145897168 ], [ -112.862895976312728, 47.760656906917752 ], [ -112.893416569042685, 47.607633154170301 ], [ -113.060879966317884, 47.818924820375926 ], [ -113.264320995085811, 47.830066017410473 ], [ -113.333000133724312, 48.013658151224078 ], [ -113.462802892472723, 47.980715671182558 ], [ -113.432493007593948, 47.791159899948809 ], [ -113.653763825117267, 48.005285163680952 ], [ -113.46326019281247, 48.06499105547784 ], [ -113.71431881305223, 48.241038331274382 ], [ -113.832171320431499, 48.200263545038823 ], [ -114.111537896322716, 48.325189152269644 ], [ -114.058335337262008, 48.074951352904534 ], [ -114.151270158917484, 47.918444418104876 ], [ -114.350881723119713, 48.114550875507156 ], [ -114.533582955561215, 48.090607220172224 ], [ -114.659399025801591, 48.331252557587369 ], [ -115.06736114162473, 48.493284248267308 ], [ -115.21808151686281, 48.458134149613329 ], [ -115.307343439583192, 48.292544369577264 ], [ -115.560481941022161, 48.15727536004907 ], [ -115.693276064755963, 48.43883817205861 ], [ -115.57233753135398, 48.480608776811977 ], [ -115.360487513315135, 48.386912114730642 ], [ -115.348160856320845, 48.599926293607737 ], [ -115.518574830462796, 48.75088758534919 ], [ -115.343913698046265, 48.873261162739375 ], [ -115.376686635931549, 49.150642338083969 ], [ -115.560406869976546, 49.115616087473093 ], [ -115.502196168537921, 48.920362334577632 ], [ -115.676303424864386, 48.791652237432451 ], [ -115.810422885473884, 48.820010278714676 ], [ -115.920893968744565, 48.747827410223032 ], [ -115.865431610775317, 48.904625574818326 ], [ -115.919921638670118, 49.013478264088924 ], [ -116.06484776300826, 48.951315255723166 ], [ -116.118539192935316, 48.775074764111352 ], [ -116.183691058242459, 48.892896658795081 ], [ -116.281730906315545, 48.903704098147941 ], [ -116.304474769452696, 48.752939455275289 ], [ -115.957895245924334, 48.634743268731114 ], [ -115.880770700479673, 48.672098677613221 ], [ -115.932549167215839, 48.540595412217584 ], [ -115.821998404618938, 48.425657972084011 ], [ -115.842550593612913, 48.141822196618882 ], [ -116.034779236365537, 48.40368171983777 ], [ -115.993813818529873, 48.492173792470723 ], [ -116.141751393510475, 48.666192577185143 ], [ -116.217520627906623, 48.655907396945203 ], [ -116.34351219851321, 48.497806280156354 ], [ -116.243728246137536, 48.424020913839001 ], [ -116.262459221457803, 48.253356330100004 ], [ -116.119043625161396, 48.240974229163996 ], [ -116.104798448296137, 48.164365526233873 ], [ -115.889966779395053, 48.073647252225399 ], [ -115.770302329344617, 48.103040662184682 ], [ -115.801277695514941, 48.048091896515274 ], [ -115.594789399494971, 47.888974050738284 ], [ -115.424550536724325, 47.875358775203324 ], [ -115.458198611192216, 47.787296814853093 ], [ -115.312273544549356, 47.611564057119104 ], [ -114.885676258036241, 47.548574710093078 ], [ -114.860296135888589, 47.466303614023225 ], [ -115.000312993208979, 47.282465561640038 ], [ -114.854690236091528, 47.148347899941314 ], [ -114.622598232434939, 47.039655555990421 ], [ -114.481531275538686, 47.110319305862603 ], [ -114.281322625768709, 47.049431030559354 ], [ -114.031463898539073, 46.867722340181729 ], [ -114.051967518937204, 46.3537453327598 ], [ -113.982856909581045, 46.146581530444493 ], [ -114.096542032531758, 46.049772438041181 ], [ -113.891424619648376, 45.908402925497228 ], [ -113.747390904915505, 45.912398350960686 ], [ -113.962402348872729, 45.802203556574895 ], [ -114.188532986576291, 45.869157339868011 ], [ -114.26696162023454, 45.732543198553941 ], [ -114.17919998719799, 45.612369572258274 ], [ -114.3370152657061, 45.527755154488432 ], [ -114.543703146138796, 45.635911262710337 ], [ -114.631032023806256, 45.523766143407684 ], [ -114.523041753322246, 45.491727666967321 ], [ -114.591368776329887, 45.377098951912082 ], [ -114.147405231546941, 45.501255493616895 ], [ -114.07088699120969, 45.426333711711962 ], [ -113.984877386406552, 45.608702647517532 ], [ -113.82790180747277, 45.561072373834882 ], [ -113.899831916855945, 45.467995257295392 ], [ -113.570668950695278, 44.983126316637573 ], [ -113.635669198185767, 44.890422941837549 ], [ -113.387893817086066, 44.655269975781351 ], [ -113.762892119056943, 44.80013022992145 ], [ -113.733462117614138, 45.01034670021032 ], [ -113.872750295812736, 45.047775969094161 ], [ -113.979924317786839, 44.683392675593225 ], [ -113.69124060990228, 44.495694853015138 ], [ -113.65229026962507, 44.326213404190085 ], [ -114.091631304487976, 44.615729479952449 ], [ -114.063033348280825, 44.31868513714295 ], [ -114.194720664840091, 44.370972336086567 ], [ -114.213951819882681, 44.26970663474772 ], [ -113.607235391821206, 43.998324673519917 ], [ -113.539308135030865, 44.033608376692897 ], [ -113.565978333583558, 44.161232124019357 ], [ -113.428020186671148, 44.21820416731785 ], [ -113.48993848510807, 44.298868100994305 ], [ -113.369783698971958, 44.33837155167663 ], [ -113.073835910413067, 44.052366722225003 ], [ -112.957479828824447, 44.076339664708065 ], [ -112.979016806240523, 44.192284161329951 ], [ -112.783251980065202, 44.114408148990549 ], [ -112.747774217291692, 44.250376438096112 ], [ -112.532341970089391, 44.23012176109949 ], [ -112.160598769906272, 44.350116137038299 ], [ -111.684889612628112, 44.294125870873138 ], [ -111.401179242433358, 44.154517835363905 ], [ -111.29295970509861, 44.228872473937585 ], [ -111.178406646007602, 44.078521215092131 ], [ -111.127286572755068, 43.60559671791323 ], [ -111.316117283807841, 43.828610043380316 ], [ -111.540634563138923, 43.733423776219617 ], [ -111.575099135152144, 43.653236867018101 ], [ -111.471422361460895, 43.501548258944339 ], [ -111.652319902199125, 43.507191985974224 ], [ -111.846822262025995, 43.149843172005518 ], [ -111.541617631985858, 43.029104998634971 ], [ -111.466321601999539, 43.114353091976859 ], [ -111.398869838067384, 43.068016599308748 ], [ -111.422917660708492, 42.882570481247534 ], [ -111.27248535731681, 42.808581409685132 ], [ -111.321612315696882, 42.673114991872232 ], [ -111.253985160176896, 42.63539396123052 ], [ -111.342050550067043, 42.544451840720981 ], [ -111.292990930168145, 42.426268180791972 ] ], [ [ -110.816344297154956, 42.673641551270954 ], [ -110.745782369215391, 42.723400041043895 ], [ -110.753251225646409, 42.853766985379906 ], [ -110.915121080474648, 43.029660728347068 ], [ -110.816344297154956, 42.673641551270954 ] ], [ [ -110.749900990855423, 42.984955731586439 ], [ -110.728352545390351, 42.980687738524445 ], [ -110.708722233450118, 42.988466359101253 ], [ -110.730512206893522, 42.994242850660299 ], [ -110.749900990855423, 42.984955731586439 ] ], [ [ -111.020877946838397, 43.22320264097339 ], [ -110.92344860276711, 43.231605382760947 ], [ -111.017082973401159, 43.354162304445815 ], [ -111.020026436551575, 43.527916117093731 ], [ -111.199335128263414, 43.488037671215849 ], [ -111.224232462396941, 43.42321813419278 ], [ -111.020877946838397, 43.22320264097339 ] ], [ [ -111.010230636742989, 43.550495937193986 ], [ -110.797701074006383, 43.720674788059924 ], [ -110.893278801470132, 44.001972999008785 ], [ -110.9985002162299, 43.877189555470899 ], [ -111.010230636742989, 43.550495937193986 ] ], [ [ -109.798107791163915, 43.889172035722538 ], [ -109.790865560176428, 43.881077761537682 ], [ -109.697624544372815, 43.940399717726926 ], [ -109.800198246528652, 43.942439837878808 ], [ -109.798107791163915, 43.889172035722538 ] ], [ [ -110.418213626207006, 43.969189864089664 ], [ -110.404971795352822, 43.961612208260654 ], [ -110.394441847653695, 43.971142466816318 ], [ -110.407006451055139, 43.974443947217033 ], [ -110.418213626207006, 43.969189864089664 ] ], [ [ -109.596975981342553, 44.164643892169586 ], [ -109.592746026593645, 44.163242214349197 ], [ -109.590619939173237, 44.165136698082975 ], [ -109.593325543141589, 44.16708921940554 ], [ -109.596975981342553, 44.164643892169586 ] ], [ [ -109.424638541523365, 44.177924791318532 ], [ -109.232554187445203, 44.173228820865305 ], [ -109.150531698888344, 44.28513190178203 ], [ -109.255297612592599, 44.327714600932694 ], [ -109.424638541523365, 44.177924791318532 ] ], [ [ -109.554135244870537, 44.211197228197733 ], [ -109.538641655894025, 44.204412554479859 ], [ -109.419389925069709, 44.307977390025684 ], [ -109.493746204547662, 44.307322150714363 ], [ -109.554135244870537, 44.211197228197733 ] ], [ [ -110.836838839006646, 44.237485861337234 ], [ -110.809146659432727, 44.225100048365562 ], [ -110.802311751150967, 44.240385235439724 ], [ -110.81389301295691, 44.254124116709328 ], [ -110.836838839006646, 44.237485861337234 ] ], [ [ -108.916196642659941, 44.432048100077608 ], [ -108.905764149025273, 44.415557226384948 ], [ -108.896268314325752, 44.433512781367412 ], [ -108.909456759271279, 44.44117224041706 ], [ -108.916196642659941, 44.432048100077608 ] ], [ [ -113.094144385559872, 44.098798661053621 ], [ -113.064643496307454, 44.166724140869931 ], [ -113.131321136155094, 44.198039939027232 ], [ -113.142962485750957, 44.159176276633552 ], [ -113.094144385559872, 44.098798661053621 ] ], [ [ -111.452543546750405, 44.314548814398023 ], [ -111.427257694661421, 44.308099877023054 ], [ -111.416790658517897, 44.317664923314908 ], [ -111.43016027342145, 44.325153843253958 ], [ -111.452543546750405, 44.314548814398023 ] ], [ [ -109.231636945587638, 44.494875250240888 ], [ -109.155824999892076, 44.629899241646385 ], [ -109.313803097673016, 44.661147164524479 ], [ -109.335662089156287, 44.831764295064843 ], [ -109.191407264756037, 44.993101623250347 ], [ -109.211946331265594, 45.163424957795385 ], [ -109.467818968361868, 45.340274664667419 ], [ -109.837375115383495, 45.352128833108068 ], [ -110.046335956675932, 45.035167218023773 ], [ -109.923672050434277, 45.001783432159911 ], [ -110.006976438239832, 44.952233153731164 ], [ -109.961402298341937, 44.826678986222994 ], [ -109.799963331933469, 44.839295656476544 ], [ -109.894726110221782, 45.004043351915158 ], [ -109.785945004945759, 45.031487291762801 ], [ -109.380435676017683, 44.785339138203277 ], [ -109.454062876447608, 44.647074172367098 ], [ -109.69807715623368, 44.588663539684703 ], [ -109.464637790470846, 44.516047248948247 ], [ -109.414824167004681, 44.58740882911259 ], [ -109.231636945587638, 44.494875250240888 ] ], [ [ -113.173294319695742, 44.221310510584502 ], [ -113.155419877841766, 44.244718752896929 ], [ -113.244819185917464, 44.318443376756584 ], [ -113.262044838848013, 44.277758883964943 ], [ -113.173294319695742, 44.221310510584502 ] ], [ [ -112.992497391067971, 44.238693227782335 ], [ -113.001241270690841, 44.311543333479648 ], [ -113.127427299688875, 44.338443376666305 ], [ -113.025817623320904, 44.28102226633883 ], [ -112.992497391067971, 44.238693227782335 ] ], [ [ -113.609801951495882, 44.200294075945465 ], [ -113.582767308228341, 44.185612499297861 ], [ -113.574164723924099, 44.20381953333677 ], [ -113.58626279953117, 44.203781015049657 ], [ -113.609801951495882, 44.200294075945465 ] ], [ [ -110.380607987201586, 44.491323015999917 ], [ -110.307997722441513, 44.491454156969695 ], [ -110.309702436204034, 44.540240312636676 ], [ -110.339593972381351, 44.537821675475698 ], [ -110.380607987201586, 44.491323015999917 ] ], [ [ -109.86472191145603, 44.532530017384758 ], [ -109.738198226695516, 44.563983985347718 ], [ -109.707728297740204, 44.721006356684136 ], [ -109.867178220986318, 44.77161234140808 ], [ -110.067614073226309, 44.602790039022878 ], [ -109.900099956048962, 44.637585077018855 ], [ -109.86472191145603, 44.532530017384758 ] ], [ [ -110.13533669110025, 44.532675247039506 ], [ -110.075970417527387, 44.555629102134397 ], [ -110.078827936481801, 44.573859194407476 ], [ -110.158423471609268, 44.552406294213441 ], [ -110.13533669110025, 44.532675247039506 ] ], [ [ -112.976707658407378, 44.370208301038019 ], [ -112.868904546358337, 44.402107633330495 ], [ -113.03711742766906, 44.645752810182465 ], [ -113.12650949510116, 44.65538058583752 ], [ -113.06726034839221, 44.426521313685079 ], [ -112.976707658407378, 44.370208301038019 ] ], [ [ -111.567398491696537, 44.499112032970878 ], [ -111.415270488168161, 44.577177458898866 ], [ -111.910507382634151, 44.533584487861319 ], [ -111.761761987919982, 44.492934846099466 ], [ -111.567398491696537, 44.499112032970878 ] ], [ [ -113.928744996764607, 44.298619344661532 ], [ -113.878821063682025, 44.325320094757203 ], [ -113.92292089677872, 44.376994900316539 ], [ -113.950615224779909, 44.339792589903645 ], [ -113.928744996764607, 44.298619344661532 ] ], [ [ -113.337427779459702, 44.443770913497737 ], [ -113.32665322040954, 44.430199795964668 ], [ -113.323201608270949, 44.445152638841819 ], [ -113.337427779459702, 44.443770913497737 ] ], [ [ -113.21819245807211, 44.455316471145217 ], [ -113.24008585274882, 44.613336640253863 ], [ -113.352078742034095, 44.65874324925278 ], [ -113.356707249398028, 44.571774277518841 ], [ -113.21819245807211, 44.455316471145217 ] ], [ [ -111.548326392585508, 44.630383251059207 ], [ -111.512717883552497, 44.630609523642256 ], [ -111.486047159845512, 44.6573969138311 ], [ -111.548555072447698, 44.662505903741106 ], [ -111.548326392585508, 44.630383251059207 ] ], [ [ -111.989038441699506, 44.612982043201448 ], [ -111.964766105353547, 44.612997279592925 ], [ -111.941243809797641, 44.617261811443456 ], [ -111.966645182758924, 44.62362872343386 ], [ -111.989038441699506, 44.612982043201448 ] ], [ [ -111.869539404614713, 44.623659141347225 ], [ -111.821734209979994, 44.627908607445526 ], [ -111.829190883375901, 44.670433451339619 ], [ -111.877016829978317, 44.666183353482111 ], [ -111.869539404614713, 44.623659141347225 ] ], [ [ -109.102141892779144, 44.849194317615741 ], [ -109.08950897469154, 44.845826595232111 ], [ -109.066120269764895, 44.851857077004219 ], [ -109.092640418475739, 44.867106871747474 ], [ -109.102141892779144, 44.849194317615741 ] ], [ [ -108.994066665272584, 44.857162025560044 ], [ -108.967565205263782, 44.841897768490242 ], [ -108.946029245630669, 44.860683267528515 ], [ -108.972532775488048, 44.875948872942068 ], [ -108.994066665272584, 44.857162025560044 ] ], [ [ -111.40289287948147, 44.686187485316189 ], [ -111.287420273985859, 44.717706969846802 ], [ -111.429985105082139, 44.834827460783174 ], [ -111.348860156874508, 44.915084491331214 ], [ -111.210540354214459, 44.81700735718352 ], [ -111.064807126295875, 44.866003267958725 ], [ -111.154275678230178, 44.987667823561807 ], [ -111.40053656650592, 45.031249465231866 ], [ -111.350000985032949, 45.186186079085161 ], [ -111.404655483605111, 45.224513493701103 ], [ -111.229086919977931, 45.284056827907065 ], [ -111.081747900876948, 45.135230271619278 ], [ -110.817747242188517, 45.402668115686637 ], [ -110.895426050527618, 45.567851322473871 ], [ -111.32042949612989, 45.459989143371558 ], [ -111.742997538418948, 45.496035143066614 ], [ -111.552536720559146, 45.340748694589287 ], [ -111.593181292526907, 45.229774008478927 ], [ -111.468599053147443, 45.132997757412774 ], [ -111.567522701377527, 44.995292523514372 ], [ -111.428610401293923, 44.791823821607629 ], [ -111.473611723262408, 44.701640627859632 ], [ -111.40289287948147, 44.686187485316189 ] ], [ [ -110.199063500839969, 44.850920068861228 ], [ -110.180508593020988, 44.834097227157677 ], [ -110.169777897170235, 44.853255157478102 ], [ -110.184724712177115, 44.860676729247317 ], [ -110.199063500839969, 44.850920068861228 ] ], [ [ -110.867356440503045, 44.81792351672668 ], [ -110.824792189421345, 44.972227804203825 ], [ -110.955104746450189, 45.112001144420582 ], [ -111.075844942735188, 45.100274053146322 ], [ -110.951799456059149, 44.832412031096261 ], [ -110.867356440503045, 44.81792351672668 ] ], [ [ -110.374135436494356, 44.879933421495039 ], [ -110.311953220349636, 44.896423022527195 ], [ -110.296628690447406, 44.929223279035661 ], [ -110.38897347961111, 44.921792159391217 ], [ -110.374135436494356, 44.879933421495039 ] ], [ [ -111.907232522405806, 44.814562888762538 ], [ -111.757294650323558, 44.814895343887969 ], [ -111.709765733731444, 44.896693934292536 ], [ -111.948728252422342, 45.208465398365178 ], [ -112.004244451562201, 45.172190449559622 ], [ -111.899831208326063, 45.095357158129261 ], [ -111.907232522405806, 44.814562888762538 ] ], [ [ -113.807234408404128, 44.657351291754225 ], [ -113.770605402070757, 44.660985671494267 ], [ -113.803044027454462, 44.694540910565664 ], [ -113.808483132816519, 44.678859639133705 ], [ -113.807234408404128, 44.657351291754225 ] ], [ [ -113.690544461265972, 44.668902779589871 ], [ -113.674688731243407, 44.66037255118836 ], [ -113.677343131021075, 44.67399048031799 ], [ -113.690544461265972, 44.668902779589871 ] ], [ [ -113.219108526618328, 44.714807958249395 ], [ -113.139295693745069, 44.722939210722203 ], [ -113.092218204762858, 44.770164301403398 ], [ -113.157022807500141, 44.816391974320368 ], [ -113.219108526618328, 44.714807958249395 ] ], [ [ -112.555364724552945, 44.77736858356576 ], [ -112.527451585741261, 44.779946614102379 ], [ -112.546858271611512, 44.808375703716337 ], [ -112.549288995904391, 44.799517621770121 ], [ -112.555364724552945, 44.77736858356576 ] ], [ [ -110.687971041038878, 44.940477957131144 ], [ -110.675237741400167, 45.027609263864704 ], [ -110.75911935384805, 45.027590345346987 ], [ -110.71931807034025, 45.002468291201922 ], [ -110.687971041038878, 44.940477957131144 ] ], [ [ -110.455861801595759, 44.959428996943259 ], [ -110.442480811052448, 44.951904758967032 ], [ -110.444159681683203, 44.962290050951587 ], [ -110.455861801595759, 44.959428996943259 ] ], [ [ -110.594869940828119, 44.991158075525505 ], [ -110.568078904531063, 44.976130688613473 ], [ -110.566045019803624, 44.993511208293164 ], [ -110.594869940828119, 44.991158075525505 ] ], [ [ -113.814431971524655, 44.721524359773596 ], [ -113.806793696717904, 44.713631099920022 ], [ -113.813278855544382, 44.746625176240336 ], [ -113.819597059932292, 44.742634661864052 ], [ -113.814431971524655, 44.721524359773596 ] ], [ [ -110.336996860662964, 45.033558910518465 ], [ -109.981366922439676, 45.340954284464566 ], [ -110.138059601469038, 45.332960631767435 ], [ -110.198116387455258, 45.280996144350645 ], [ -110.129900534927501, 45.243450014180951 ], [ -110.299323630667658, 45.197069950837687 ], [ -110.349862099163971, 45.311851956144331 ], [ -110.243101778542297, 45.427627550054154 ], [ -110.415926871383164, 45.539926057266698 ], [ -110.575265395712435, 45.379553458176851 ], [ -110.490970871039195, 45.300514389035264 ], [ -110.547918590045597, 45.225751793290861 ], [ -110.681255530199039, 45.294404810743856 ], [ -110.850775386368227, 45.185173051320248 ], [ -110.546991576496453, 45.03344554238047 ], [ -110.412467415234772, 45.142729453872938 ], [ -110.336996860662964, 45.033558910518465 ] ], [ [ -113.467230328890864, 44.842071085565038 ], [ -113.437073166293885, 44.847590775067864 ], [ -113.421874450936514, 44.868068346761348 ], [ -113.475577530378615, 44.889162190994348 ], [ -113.467230328890864, 44.842071085565038 ] ], [ [ -112.420778513619609, 44.962331525620137 ], [ -112.397116998529881, 45.007601904509627 ], [ -112.49527961644705, 44.998620494959532 ], [ -112.455847645064893, 44.976368716932143 ], [ -112.420778513619609, 44.962331525620137 ] ], [ [ -112.545047626341315, 45.03715257036508 ], [ -112.524616373245138, 45.018917248992899 ], [ -112.511460585724933, 45.040238292959373 ], [ -112.530984454108989, 45.053529101291559 ], [ -112.545047626341315, 45.03715257036508 ] ], [ [ -112.181915253676237, 45.113256848784204 ], [ -112.172852737856886, 45.096846952445773 ], [ -112.178970961940621, 45.130744505852235 ], [ -112.181915253676237, 45.113256848784204 ] ], [ [ -113.586245451242831, 45.111030085416616 ], [ -113.579093874519216, 45.107653773406682 ], [ -113.570607589483373, 45.112551844796307 ], [ -113.582218216429339, 45.123639468815369 ], [ -113.586245451242831, 45.111030085416616 ] ], [ [ -110.161474416840406, 45.412632828685673 ], [ -110.149334834840516, 45.403580752002647 ], [ -110.108672458969664, 45.416787963875088 ], [ -110.153285265309535, 45.428290529869905 ], [ -110.161474416840406, 45.412632828685673 ] ], [ [ -110.704198940451548, 45.411977651180592 ], [ -110.70019157872747, 45.408872068957216 ], [ -110.692711143670621, 45.412915420272668 ], [ -110.70215622664783, 45.420726278390333 ], [ -110.704198940451548, 45.411977651180592 ] ], [ [ -110.659498134699774, 45.458526488061501 ], [ -110.646497287452576, 45.453864987496104 ], [ -110.61216735769824, 45.505259351021969 ], [ -110.696687040970488, 45.49838859410562 ], [ -110.659498134699774, 45.458526488061501 ] ], [ [ -111.940403279866885, 45.392848734412112 ], [ -111.851751949487166, 45.400647268697909 ], [ -111.879947621817507, 45.548456739153565 ], [ -112.012305333276203, 45.622630260456063 ], [ -112.170697787190917, 45.587133376549446 ], [ -111.940403279866885, 45.392848734412112 ] ], [ [ -111.411192474492992, 45.524609166152239 ], [ -111.390155488949802, 45.509238479224102 ], [ -111.374982644680998, 45.527691620920066 ], [ -111.393968225749177, 45.531225019713382 ], [ -111.411192474492992, 45.524609166152239 ] ], [ [ -112.466585799953904, 45.689275450296563 ], [ -112.427571897526562, 45.735687012696047 ], [ -112.4828721927949, 45.786426022071268 ], [ -112.543458305000627, 45.725195727031846 ], [ -112.466585799953904, 45.689275450296563 ] ], [ [ -113.189659682388026, 45.708292816601244 ], [ -113.143110768989345, 45.702750059360724 ], [ -113.12468395756116, 45.714405941094157 ], [ -113.152511680190202, 45.751483272349013 ], [ -113.189659682388026, 45.708292816601244 ] ], [ [ -113.032996596955201, 45.72299332567902 ], [ -113.022569250539107, 45.715079035369484 ], [ -112.906052335581322, 45.777700090108809 ], [ -113.043527432784316, 45.824338755753573 ], [ -113.032996596955201, 45.72299332567902 ] ], [ [ -111.040333222425161, 45.898461296359173 ], [ -111.025656398114648, 45.88648631465643 ], [ -110.990499934207591, 45.902577314528294 ], [ -111.031681446010467, 45.921783824865336 ], [ -111.040333222425161, 45.898461296359173 ] ], [ [ -113.145345783286416, 45.905449412352553 ], [ -113.120065687491916, 45.90210267094978 ], [ -113.096981018354725, 45.93139882545151 ], [ -113.153453244579609, 45.926115931621254 ], [ -113.145345783286416, 45.905449412352553 ] ], [ [ -113.448931850688695, 45.919627328543406 ], [ -113.141671260370856, 46.013744412062742 ], [ -113.064403400686615, 46.062903837966516 ], [ -113.220453962342475, 46.101665450295627 ], [ -113.513205906448832, 45.977780813212703 ], [ -113.448931850688695, 45.919627328543406 ] ], [ [ -113.110643238523892, 46.165566510097158 ], [ -112.930142737728602, 46.331844612287739 ], [ -113.109402991630517, 46.483443660247183 ], [ -113.280248073162582, 46.299358070913357 ], [ -113.110643238523892, 46.165566510097158 ] ], [ [ -112.625436780568506, 46.210095852006006 ], [ -112.214043350411117, 46.331185287734669 ], [ -112.221023757561497, 46.438292830794396 ], [ -112.556246543405862, 46.506592338374773 ], [ -112.654022499367244, 46.314307904611084 ], [ -112.625436780568506, 46.210095852006006 ] ], [ [ -111.963292239895054, 46.290178714972988 ], [ -111.776579493315509, 46.348977481156354 ], [ -111.792844612255664, 46.432868049032564 ], [ -111.861681554544603, 46.432988705703679 ], [ -111.963292239895054, 46.290178714972988 ] ], [ [ -113.877126869938493, 46.242460593669627 ], [ -113.739099470981742, 46.255788062716775 ], [ -113.801290379374663, 46.420776533434598 ], [ -113.894903510004497, 46.45446319008299 ], [ -113.766418093564084, 46.59487563228123 ], [ -113.825968885876122, 46.654363486903939 ], [ -113.888150048912223, 46.654632411079994 ], [ -113.928577559165547, 46.493911900083667 ], [ -113.877126869938493, 46.242460593669627 ] ], [ [ -113.709095308869209, 46.42962453005714 ], [ -113.605732205854906, 46.439490296365406 ], [ -113.505891105426073, 46.606843857352914 ], [ -113.733149352869958, 46.502757164420316 ], [ -113.709095308869209, 46.42962453005714 ] ], [ [ -112.347191384101592, 46.59765064448758 ], [ -112.283563803167937, 46.730982747906985 ], [ -112.382369462419661, 46.849887538355986 ], [ -112.289808474199191, 46.94301696990734 ], [ -112.484868861687957, 47.222954628539654 ], [ -112.651153155643001, 47.328506958455492 ], [ -112.973027001134412, 47.375769703869203 ], [ -113.065599085847296, 47.211228747982986 ], [ -113.155214481307169, 47.332389245520226 ], [ -113.458597297667751, 47.389232836197834 ], [ -113.339579268475447, 47.442597345586755 ], [ -113.530192275037592, 47.55199876057452 ], [ -113.475987946360789, 47.641636939254738 ], [ -113.558587074750875, 47.803065098175267 ], [ -113.937191991746431, 48.099013790389719 ], [ -113.749562766997045, 47.869778627095641 ], [ -113.711363626701484, 47.577427387233371 ], [ -113.527200535210483, 47.331456493220344 ], [ -113.340399426713901, 47.179943340763309 ], [ -113.202364746803113, 47.270839675610176 ], [ -112.866258560769865, 46.976692652225481 ], [ -112.54933484074067, 47.047553608849455 ], [ -112.500532291603264, 47.009416081863428 ], [ -112.63179545403878, 46.903560647247822 ], [ -112.872921210280239, 46.848544100919327 ], [ -112.347191384101592, 46.59765064448758 ] ], [ [ -112.780854796793207, 46.644044241036354 ], [ -112.834908900209484, 46.745608354816909 ], [ -112.968261859654433, 46.733470769833659 ], [ -112.895261854727124, 46.658049954176157 ], [ -112.780854796793207, 46.644044241036354 ] ], [ [ -110.910388019661752, 46.889114765439132 ], [ -110.82445202232779, 46.938453013585033 ], [ -110.872360585191572, 47.083027484241349 ], [ -110.702957547858318, 47.202397629995062 ], [ -110.901132030666176, 47.321006412636642 ], [ -111.098647651031669, 47.255400515722201 ], [ -111.029848128286346, 47.218626821473009 ], [ -111.152249750446856, 46.996795337292255 ], [ -110.910388019661752, 46.889114765439132 ] ], [ [ -113.501209163669415, 46.747930342549267 ], [ -113.397267827006687, 46.757681308618395 ], [ -113.363372935862088, 46.803428479599489 ], [ -113.423712247768464, 46.817480543439274 ], [ -113.501209163669415, 46.747930342549267 ] ], [ [ -113.33460919154723, 46.763532021445485 ], [ -113.200009917768284, 46.818597290099262 ], [ -113.253410221370487, 46.899818305298524 ], [ -113.356504290882711, 46.804069253432765 ], [ -113.33460919154723, 46.763532021445485 ] ], [ [ -111.72134119363011, 46.90702040073964 ], [ -111.699248175126911, 46.905174233416297 ], [ -111.685623948866919, 46.910041936985181 ], [ -111.700501076298593, 46.912087824910152 ], [ -111.72134119363011, 46.90702040073964 ] ], [ [ -110.693041208521777, 47.076119069172641 ], [ -110.670396248534445, 47.066469364773994 ], [ -110.644691851089732, 47.079941837183028 ], [ -110.676171431366441, 47.100334921188157 ], [ -110.693041208521777, 47.076119069172641 ] ], [ [ -113.880249161337218, 46.903552949226238 ], [ -113.604605131044565, 47.078553627619904 ], [ -113.713269684953275, 47.153271973029646 ], [ -113.681816735023659, 47.28357848813291 ], [ -113.780695024058701, 47.316675504692526 ], [ -113.860552811377119, 47.478688283817327 ], [ -113.968445207536632, 47.947810704377574 ], [ -114.042755931403747, 47.905533545869588 ], [ -114.0761085163399, 47.585247295206457 ], [ -113.985324388216156, 47.277596971180067 ], [ -113.807921894587679, 47.186776862854465 ], [ -114.057883599884832, 47.035382390422029 ], [ -113.880249161337218, 46.903552949226238 ] ], [ [ -113.402933158709047, 47.01243258280828 ], [ -113.399371480669544, 47.00709698299088 ], [ -113.376007020190187, 47.014937993452435 ], [ -113.401599970014729, 47.018223463296984 ], [ -113.402933158709047, 47.01243258280828 ] ], [ [ -113.327044148493911, 47.019484241165657 ], [ -113.213967348470447, 47.015063530408909 ], [ -113.174008492863237, 47.033612729010535 ], [ -113.292204043141979, 47.094933905676612 ], [ -113.327044148493911, 47.019484241165657 ] ], [ [ -110.687010259670814, 47.309443402138463 ], [ -110.508588067438865, 47.397590675830102 ], [ -110.466333500132777, 47.474608465866943 ], [ -110.623616118531515, 47.522544137523766 ], [ -110.687010259670814, 47.309443402138463 ] ], [ [ -113.575085364394909, 47.12380861539549 ], [ -113.456306270808966, 47.177372045464296 ], [ -113.575159384664516, 47.259644547154082 ], [ -113.597937167050361, 47.164131659599271 ], [ -113.575085364394909, 47.12380861539549 ] ], [ [ -114.546836098098964, 47.115216487371079 ], [ -114.543311692416367, 47.107060500339131 ], [ -114.532849670182941, 47.11659740949797 ], [ -114.54559561162138, 47.117768602447313 ], [ -114.546836098098964, 47.115216487371079 ] ], [ [ -114.793709028935496, 47.175712731273265 ], [ -114.629860500497031, 47.219374104731202 ], [ -114.48094712413689, 47.206715402413849 ], [ -114.768958014228858, 47.283987944451304 ], [ -114.793709028935496, 47.175712731273265 ] ], [ [ -113.327322178463675, 47.57072327035285 ], [ -113.323967079345337, 47.565389631125313 ], [ -113.316873527400872, 47.571681492388301 ], [ -113.326758366088569, 47.579236298089072 ], [ -113.327322178463675, 47.57072327035285 ] ], [ [ -114.68453837084526, 47.462551487000262 ], [ -114.621185746939588, 47.470217444519307 ], [ -114.631635564356515, 47.518647212609991 ], [ -114.692187402172124, 47.508435342849786 ], [ -114.68453837084526, 47.462551487000262 ] ], [ [ -114.657004673850466, 47.592422128197768 ], [ -114.585825006522356, 47.620594484230338 ], [ -114.637188344479796, 47.834529513638302 ], [ -114.690058449470712, 47.788114285926653 ], [ -114.657004673850466, 47.592422128197768 ] ], [ [ -115.113848206478366, 47.674014796911351 ], [ -115.071264119223031, 47.699469285446703 ], [ -115.083144002033407, 47.715212756584144 ], [ -115.147165347380906, 47.691835757906006 ], [ -115.113848206478366, 47.674014796911351 ] ], [ [ -115.077905531158066, 47.71997290345201 ], [ -115.038369355035741, 47.745101711940606 ], [ -115.052676114439464, 47.785988780991175 ], [ -115.08861163510268, 47.782387897568398 ], [ -115.077905531158066, 47.71997290345201 ] ], [ [ -115.098263779129582, 47.887164156706831 ], [ -115.088814015705083, 47.8824733744081 ], [ -115.036039494119507, 47.914521129362669 ], [ -115.123431573523604, 47.905781151669586 ], [ -115.098263779129582, 47.887164156706831 ] ], [ [ -115.353656182665759, 47.882564044249513 ], [ -115.34070518233149, 47.881058473813169 ], [ -115.335161055376517, 47.884439647850222 ], [ -115.343190832723693, 47.892083442843507 ], [ -115.353656182665759, 47.882564044249513 ] ], [ [ -113.687596355042103, 48.044315919116798 ], [ -113.669816918818412, 48.026991582599649 ], [ -113.659753732625674, 48.046896104539535 ], [ -113.674962248308304, 48.051811169102237 ], [ -113.687596355042103, 48.044315919116798 ] ], [ [ -115.250393156985368, 47.914152589694623 ], [ -115.125404526768619, 48.032338585568553 ], [ -115.358128110104616, 48.072279411124974 ], [ -115.26818356354201, 48.144662735081184 ], [ -115.300335401607327, 48.261634291562345 ], [ -115.306765098174154, 48.150275523712587 ], [ -115.526882737709172, 48.034021843590629 ], [ -115.481740276300599, 47.946706419034925 ], [ -115.250393156985368, 47.914152589694623 ] ], [ [ -113.76205717954295, 48.121698743510166 ], [ -113.748891365409406, 48.103960609570194 ], [ -113.760530766594655, 48.159757051631047 ], [ -113.762034941437136, 48.142767371239351 ], [ -113.76205717954295, 48.121698743510166 ] ], [ [ -113.950861537817929, 48.125125440601273 ], [ -113.879415890198374, 48.124447655670899 ], [ -113.878004554334638, 48.153021383881217 ], [ -113.958847250101869, 48.201714742147708 ], [ -113.950861537817929, 48.125125440601273 ] ], [ [ -115.909503679209166, 48.121372642004623 ], [ -115.899347857831657, 48.113979563446819 ], [ -115.888912077789229, 48.12350844012245 ], [ -115.905108243078899, 48.138721120602767 ], [ -115.909503679209166, 48.121372642004623 ] ], [ [ -115.731898202942645, 48.181934507366194 ], [ -115.660362421019244, 48.231463626771628 ], [ -115.774554289218329, 48.39452887987072 ], [ -115.782985727544997, 48.345394027014677 ], [ -115.731898202942645, 48.181934507366194 ] ], [ [ -115.12007351926087, 48.285975560212918 ], [ -115.115327134266721, 48.283638605320306 ], [ -115.091166932733017, 48.288849002693937 ], [ -115.116870320645049, 48.29050784874569 ], [ -115.12007351926087, 48.285975560212918 ] ], [ [ -115.077202089482455, 48.311301267671126 ], [ -115.026042895255685, 48.337430566629877 ], [ -115.039955528983711, 48.35711083928139 ], [ -115.070626865477209, 48.366706245294907 ], [ -115.077202089482455, 48.311301267671126 ] ], [ [ -114.991858795909693, 48.382914291376366 ], [ -114.94715794658778, 48.381425871636026 ], [ -114.931077437352428, 48.388900912373195 ], [ -114.952735522299108, 48.406412927379428 ], [ -114.991858795909693, 48.382914291376366 ] ], [ [ -113.696567430754769, 42.260055514103811 ], [ -113.638329492952323, 42.266027837368526 ], [ -113.627977276727648, 42.277335997415065 ], [ -113.704113944960554, 42.300276905717283 ], [ -113.696567430754769, 42.260055514103811 ] ], [ [ -106.176259753083059, 42.987402563117911 ], [ -106.170844011255397, 42.992077168445846 ], [ -106.177235309760377, 42.996038549237284 ], [ -106.182650646213403, 42.991363595085161 ], [ -106.176259753083059, 42.987402563117911 ] ], [ [ -106.181138517928929, 43.030571474031618 ], [ -106.181870750569232, 43.037046688602778 ], [ -106.187532215242527, 43.034531171251054 ], [ -106.181138517928929, 43.030571474031618 ] ], [ [ -106.038326110847407, 43.082590633865891 ], [ -106.023489208058919, 43.109536150717226 ], [ -106.079098809125313, 43.12793547682675 ], [ -106.076678902485412, 43.106364256340598 ], [ -106.038326110847407, 43.082590633865891 ] ], [ [ -79.820464984430487, 42.90139386501864 ], [ -79.565571264567922, 42.92439063834702 ], [ -79.521823978885209, 43.05154053383518 ], [ -79.805295777319813, 43.183961500168827 ], [ -79.92778948363781, 43.368560113677312 ], [ -80.07658028424774, 43.373507965640378 ], [ -80.131962655157039, 43.205250400092403 ], [ -79.820464984430487, 42.90139386501864 ] ], [ [ -106.348556795393804, 43.194144774724229 ], [ -106.197718252461144, 43.229354432330247 ], [ -106.186040168981521, 43.336362396082357 ], [ -106.064906447069546, 43.319752800132207 ], [ -106.010085618984363, 43.522400930438806 ], [ -106.409417027400778, 43.719258146265418 ], [ -106.428085354361286, 43.930021257758582 ], [ -106.832012586954534, 44.142598745753375 ], [ -106.932261610964133, 44.395075939203664 ], [ -106.909183444766938, 44.633359032465172 ], [ -107.189236715443172, 44.686592960283448 ], [ -107.481614450626822, 45.073697301790048 ], [ -107.398722736978669, 45.160580230480505 ], [ -107.494520627697597, 45.21867444241412 ], [ -107.456418769810995, 45.392502814590067 ], [ -108.220781907721431, 45.320068967547307 ], [ -108.009857068599118, 44.969796580833048 ], [ -108.065830282598739, 44.83703909709692 ], [ -107.696695549106636, 44.560807475443852 ], [ -107.252638697112218, 43.986098659279541 ], [ -107.302434510808581, 43.676505026766115 ], [ -108.110190708337967, 43.625032814966652 ], [ -108.184780883951248, 43.489663525608492 ], [ -108.046337262695488, 43.415513543430095 ], [ -107.690966340799505, 43.439671678928057 ], [ -107.312409153838445, 43.279617732430395 ], [ -107.026321171631096, 43.378645564961012 ], [ -106.768765988096092, 43.221520383406627 ], [ -106.348556795393804, 43.194144774724229 ] ], [ [ -107.306600084366238, 43.376224219401863 ], [ -107.126404635297405, 43.474807082294596 ], [ -107.177431494181519, 43.666499411509207 ], [ -107.375405595537842, 43.501800184627143 ], [ -107.306600084366238, 43.376224219401863 ] ], [ [ -107.428064319400448, 43.628336400754733 ], [ -107.415757077170724, 43.625689140995355 ], [ -107.392449534400171, 43.630702951873104 ], [ -107.418374112318432, 43.646310935483235 ], [ -107.428064319400448, 43.628336400754733 ] ], [ [ -107.203895575358217, 44.31307429929484 ], [ -107.074883649094744, 44.386028618319429 ], [ -107.222242758814303, 44.470145231252566 ], [ -107.251596736873793, 44.396220780768154 ], [ -107.203895575358217, 44.31307429929484 ] ], [ [ -107.641749904671798, 45.273326825975488 ], [ -107.605529938623661, 45.275707201299085 ], [ -107.637578013167442, 45.33358308135459 ], [ -107.686838165064117, 45.291780628423197 ], [ -107.641749904671798, 45.273326825975488 ] ], [ [ -64.063918728523134, 41.12853440902974 ], [ -64.049334059072592, 41.17543226320845 ], [ -64.048128301958116, 41.179716607183543 ], [ -64.061691396536744, 41.155118125635276 ], [ -64.063918728523134, 41.12853440902974 ] ], [ [ -111.900902417299235, 43.209448561636847 ], [ -111.87454898578612, 43.230163185460484 ], [ -111.881185161288101, 43.268788649126599 ], [ -111.921396071507104, 43.252042541623965 ], [ -111.900902417299235, 43.209448561636847 ] ], [ [ -110.370008401159936, 43.358828917378652 ], [ -110.35920290540686, 43.366247811019463 ], [ -110.373035326195236, 43.378152798771708 ], [ -110.388737460352573, 43.363802466251386 ], [ -110.370008401159936, 43.358828917378652 ] ], [ [ -108.726477449035613, 43.577464314280114 ], [ -108.756672665260936, 43.621870836295045 ], [ -108.883165117020383, 43.61250362525162 ], [ -108.790436158802507, 43.606366189436528 ], [ -108.726477449035613, 43.577464314280114 ] ], [ [ -109.521380287841168, 43.686373568416876 ], [ -109.498790237189255, 43.695840054740273 ], [ -109.496679536218423, 43.722027849131756 ], [ -109.53163587123079, 43.714974927345907 ], [ -109.521380287841168, 43.686373568416876 ] ], [ [ -81.532084665163467, 43.875249945213724 ], [ -81.36437226786316, 43.977284364080695 ], [ -81.432298314518732, 44.160202424503375 ], [ -81.688358142259773, 44.000526798380903 ], [ -81.532084665163467, 43.875249945213724 ] ], [ [ -91.390677526515006, 44.508182288631779 ], [ -91.27042347664036, 44.505860503215061 ], [ -91.251889030900998, 44.518367712808882 ], [ -91.389716673756539, 44.533905802574182 ], [ -91.390677526515006, 44.508182288631779 ] ], [ [ -91.449231487978125, 44.552189151439521 ], [ -91.430711310189565, 44.564709823491398 ], [ -91.448285788892349, 44.577905231311945 ], [ -91.466806386361753, 44.56538359104556 ], [ -91.449231487978125, 44.552189151439521 ] ], [ [ -91.507838798026995, 44.596164755209159 ], [ -91.489317784146778, 44.608687361942202 ], [ -91.506908280989506, 44.62187338311746 ], [ -91.51640167539901, 44.609184912939199 ], [ -91.507838798026995, 44.596164755209159 ] ], [ [ -80.777464731106008, 44.106201933938195 ], [ -80.65358954810506, 44.119039065934224 ], [ -80.586316728260101, 44.221992808311043 ], [ -80.735619007333128, 44.390460672490072 ], [ -80.896075677276542, 44.288621303036678 ], [ -80.777464731106008, 44.106201933938195 ] ], [ [ -104.504830516005256, 44.43986713131217 ], [ -104.443823056249187, 44.432161001394512 ], [ -104.394487134678045, 44.49482894310308 ], [ -104.482285420565631, 44.517123240162974 ], [ -104.504830516005256, 44.43986713131217 ] ], [ [ -114.39125086093398, 44.29230835520174 ], [ -114.277818939327204, 44.436688730595534 ], [ -114.369465343818348, 44.557323287428424 ], [ -114.272044834126419, 44.653887878490536 ], [ -114.313002028154756, 44.736273203175912 ], [ -113.987706128224119, 45.028344050806488 ], [ -113.990828113221966, 45.333092345007323 ], [ -114.205967632645908, 45.336413911647867 ], [ -114.182525973712046, 45.069266416882257 ], [ -114.557356263443054, 44.662147587247169 ], [ -114.55131001823969, 44.516922544664162 ], [ -114.39125086093398, 44.29230835520174 ] ], [ [ -114.389615178128153, 44.425226535046079 ], [ -114.334777732224026, 44.430857469589384 ], [ -114.370387966969204, 44.490063350938009 ], [ -114.399691909199177, 44.467546968133966 ], [ -114.389615178128153, 44.425226535046079 ] ], [ [ -93.39027080141976, 45.454835563763268 ], [ -93.32952889587628, 45.454319973825726 ], [ -93.31070246626004, 45.488243111962937 ], [ -93.358723183732991, 45.522735298812741 ], [ -93.39027080141976, 45.454835563763268 ] ], [ [ -108.516466059840255, 45.08449450019689 ], [ -108.423178488725767, 45.113001463244672 ], [ -108.417112851313803, 45.156345882616279 ], [ -108.558807314015709, 45.168443574433198 ], [ -108.516466059840255, 45.08449450019689 ] ], [ [ -93.328030621799371, 45.539511309511781 ], [ -93.248762343647712, 45.551585343718877 ], [ -93.277619356182925, 45.636988758066536 ], [ -93.38694621554248, 45.650694919845982 ], [ -93.328030621799371, 45.539511309511781 ] ], [ [ -108.373140848250401, 45.146545614455761 ], [ -108.342893158014036, 45.147796333163086 ], [ -108.312653867171548, 45.163631078874886 ], [ -108.378062143184479, 45.181603120370006 ], [ -108.373140848250401, 45.146545614455761 ] ], [ [ -108.226613013930603, 45.186747073245151 ], [ -108.191026796790027, 45.193488459188849 ], [ -108.193969970011992, 45.214731744178366 ], [ -108.248245386150288, 45.210990944390858 ], [ -108.226613013930603, 45.186747073245151 ] ], [ [ -114.237286374867054, 44.735319050328869 ], [ -114.227052827748423, 44.74500958436964 ], [ -114.24155062845098, 44.756517233710547 ], [ -114.250929671709969, 44.742586702625189 ], [ -114.237286374867054, 44.735319050328869 ] ], [ [ -114.630880261120879, 44.723808954132217 ], [ -114.603670593699263, 44.836235130492902 ], [ -114.684863836748264, 44.838057188803987 ], [ -114.727789681222532, 44.780109728872908 ], [ -114.630880261120879, 44.723808954132217 ] ], [ [ -114.571078455901045, 44.729273387469973 ], [ -114.543412535460533, 44.742947536058928 ], [ -114.540895673028842, 44.756189380451445 ], [ -114.58181765235355, 44.751967019286148 ], [ -114.571078455901045, 44.729273387469973 ] ], [ [ -113.014659627007134, 45.030021714444025 ], [ -112.979890543132782, 45.039770660695439 ], [ -112.998296026493918, 45.104852582521943 ], [ -113.035873048278248, 45.077598924644001 ], [ -113.014659627007134, 45.030021714444025 ] ], [ [ -114.904817591218759, 44.868919830802255 ], [ -114.845187199886482, 44.897647882983279 ], [ -114.850281265041886, 45.046660731846337 ], [ -115.001915205084899, 44.924460612226071 ], [ -114.904817591218759, 44.868919830802255 ] ], [ [ -115.176815929685134, 44.856218334181875 ], [ -115.223963483822374, 44.944212963532628 ], [ -115.159004805039302, 45.037568729210925 ], [ -115.29367445818815, 45.118329656953577 ], [ -115.372918011141849, 45.014798228986862 ], [ -115.176815929685134, 44.856218334181875 ] ], [ [ -114.648358557812585, 44.956996938421092 ], [ -114.64205483360044, 44.961969272406563 ], [ -114.650278854721492, 44.966306049310951 ], [ -114.652221175133491, 44.960919663101386 ], [ -114.648358557812585, 44.956996938421092 ] ], [ [ -115.134531435467721, 44.945055442444357 ], [ -115.106139321132716, 44.955266615644128 ], [ -115.100459129732982, 44.957308231404802 ], [ -115.154248348325638, 44.951614988088039 ], [ -115.134531435467721, 44.945055442444357 ] ], [ [ -114.59708883721197, 45.004626370996803 ], [ -114.403927365216632, 45.115925677212232 ], [ -114.502345916151512, 45.235322849203321 ], [ -114.659172130084045, 45.154539141425609 ], [ -114.59708883721197, 45.004626370996803 ] ], [ [ -111.175302369952021, 45.326827765593464 ], [ -111.164303442147343, 45.373826252969344 ], [ -111.18530096514975, 45.385417481309318 ], [ -111.199924576179043, 45.37082511209411 ], [ -111.175302369952021, 45.326827765593464 ] ], [ [ -93.320120372579836, 45.985898255878595 ], [ -93.289463050765178, 45.991998765821108 ], [ -93.27102160201207, 45.99820244196593 ], [ -93.319666138396741, 46.011359351405261 ], [ -93.320120372579836, 45.985898255878595 ] ], [ [ -93.165760609748816, 46.069382489654039 ], [ -93.147170515191547, 46.081932400991676 ], [ -93.165264199419966, 46.094827331735303 ], [ -93.183854292707053, 46.082276724647393 ], [ -93.165760609748816, 46.069382489654039 ] ], [ [ -115.546955394452823, 45.015545731966476 ], [ -115.514180813476358, 45.005388324800521 ], [ -115.414441702190913, 45.053578474627621 ], [ -115.504032239726698, 45.100142255841398 ], [ -115.546955394452823, 45.015545731966476 ] ], [ [ -114.846889685737708, 45.176836447055145 ], [ -114.754501680138347, 45.252564895367868 ], [ -114.774714170782659, 45.315159442116069 ], [ -114.92639997785615, 45.234725104204557 ], [ -114.846889685737708, 45.176836447055145 ] ], [ [ -115.419272714074481, 45.133001645405784 ], [ -115.390401660877558, 45.141130079450953 ], [ -115.384716525006326, 45.143177433400218 ], [ -115.43859318764035, 45.137411928094636 ], [ -115.419272714074481, 45.133001645405784 ] ], [ [ -93.102056296519507, 46.195986107425547 ], [ -93.08343284760744, 46.208517876028786 ], [ -93.101541956942071, 46.221406422693413 ], [ -93.120165638138701, 46.208873816420343 ], [ -93.102056296519507, 46.195986107425547 ] ], [ [ -93.437713291291558, 46.262507847379304 ], [ -93.419121311044307, 46.275065327490232 ], [ -93.437289604115307, 46.287916490709222 ], [ -93.455881775848766, 46.275358178092915 ], [ -93.437713291291558, 46.262507847379304 ] ], [ [ -115.37754464165144, 45.223829397719413 ], [ -115.36991716180367, 45.231117971430393 ], [ -115.384352684594575, 45.255477553776331 ], [ -115.38404164656184, 45.229611679709485 ], [ -115.37754464165144, 45.223829397719413 ] ], [ [ -112.611617528271523, 45.488900027861362 ], [ -112.549973584765524, 45.552947272435581 ], [ -112.629163030450428, 45.582927390216099 ], [ -112.641570603119362, 45.501621225991798 ], [ -112.611617528271523, 45.488900027861362 ] ], [ [ -115.357104153571385, 45.27132689597719 ], [ -115.292060415071973, 45.282555953590531 ], [ -115.307215185704052, 45.410332017426988 ], [ -115.374453601981131, 45.403195830711041 ], [ -115.357104153571385, 45.27132689597719 ] ], [ [ -115.920206314346387, 45.32133320762852 ], [ -115.828042681600948, 45.354405180661708 ], [ -115.852530746211059, 45.394885104232458 ], [ -115.908561819119683, 45.407471474524201 ], [ -115.920206314346387, 45.32133320762852 ] ], [ [ -114.843356443944401, 45.452425821058398 ], [ -114.7693659622757, 45.509581318230339 ], [ -114.85292912044352, 45.643842362588245 ], [ -114.94662642815058, 45.53431098587815 ], [ -114.843356443944401, 45.452425821058398 ] ], [ [ -91.314655927040604, 46.488142401446794 ], [ -91.294057683461858, 46.542734444610701 ], [ -91.342702484797357, 46.556326362364672 ], [ -91.362451500631451, 46.522865811619468 ], [ -91.314655927040604, 46.488142401446794 ] ], [ [ -110.361512245205532, 45.957664101607442 ], [ -110.294881285296327, 46.001370400769744 ], [ -110.382601079810144, 46.086259593593176 ], [ -110.408962637139425, 46.013715958875352 ], [ -110.361512245205532, 45.957664101607442 ] ], [ [ -115.081277179235357, 45.56046988914872 ], [ -115.069844751745919, 45.564533525193696 ], [ -115.057178628492267, 45.591682698617269 ], [ -115.0872624161658, 45.588542849536836 ], [ -115.081277179235357, 45.56046988914872 ] ], [ [ -115.867102591142498, 45.497875402325654 ], [ -115.518203607818705, 45.646366819305051 ], [ -115.61622214758691, 45.756385260921249 ], [ -115.789998400434413, 45.789346436294764 ], [ -115.677358764949787, 45.865941725456771 ], [ -115.657951279303873, 46.147107429267635 ], [ -115.44206798604192, 46.426944587421048 ], [ -115.656957568325609, 46.499682636219575 ], [ -115.930460970563743, 46.246594987314666 ], [ -115.84737815085532, 46.019543681760368 ], [ -116.012600094204998, 45.874189697556055 ], [ -116.215480417538487, 45.850572745637379 ], [ -116.158017583764547, 45.697649443854417 ], [ -116.022127070172616, 45.678089284634098 ], [ -116.067058587888681, 45.566913219030049 ], [ -116.219464253776707, 45.505580457601496 ], [ -115.867102591142498, 45.497875402325654 ] ], [ [ -115.883052150864998, 45.736266526160094 ], [ -115.855236140311192, 45.7220656253849 ], [ -115.790728102054388, 45.746248150101607 ], [ -115.872050672024045, 45.797691352788107 ], [ -115.883052150864998, 45.736266526160094 ] ], [ [ -115.841502256530944, 45.826798854407691 ], [ -115.813666013505426, 45.812601545730821 ], [ -115.793288455968664, 45.831998358317421 ], [ -115.818142553507784, 45.832759765749785 ], [ -115.841502256530944, 45.826798854407691 ] ], [ [ -115.21842227292484, 45.626448691973494 ], [ -115.146693639204329, 45.685598638886077 ], [ -115.161528471179253, 45.70555261717486 ], [ -115.234711089907364, 45.702183618498928 ], [ -115.21842227292484, 45.626448691973494 ] ], [ [ -88.481639929059028, 46.571282726089841 ], [ -88.475203354191137, 46.575300905866683 ], [ -88.481048909908793, 46.579725619666107 ], [ -88.487485752456649, 46.575707171430906 ], [ -88.481639929059028, 46.571282726089841 ] ], [ [ -112.08380018516398, 45.957668989617659 ], [ -112.018475268203673, 45.986229861808809 ], [ -112.046596407529535, 46.091536737912421 ], [ -112.107814943933363, 46.063925658862978 ], [ -112.08380018516398, 45.957668989617659 ] ], [ [ -91.091821892840414, 46.674075001398393 ], [ -91.061244165024902, 46.669242661037842 ], [ -91.035921574161137, 46.685632192907207 ], [ -91.109744610383018, 46.68709936253957 ], [ -91.091821892840414, 46.674075001398393 ] ], [ [ -114.568916215982028, 45.757145358935674 ], [ -114.259716136159, 45.862080932719586 ], [ -114.272127609247335, 46.374879707080545 ], [ -114.103949461294917, 46.646534431914326 ], [ -114.116045636770167, 46.81693825620777 ], [ -114.388999971725553, 46.968166650540766 ], [ -114.476347824626828, 46.909416071776036 ], [ -114.431591844931035, 46.786021821647566 ], [ -114.577773687000388, 46.682804928038848 ], [ -114.816631216205792, 46.875479757298905 ], [ -114.880314957245318, 47.076299289932344 ], [ -115.187399048704435, 47.193794465872188 ], [ -115.02536590367842, 46.790396305318268 ], [ -114.879730198328218, 46.698533192900527 ], [ -115.225149395897461, 46.599154235615984 ], [ -115.232696049509826, 46.491519552858946 ], [ -115.402525818354746, 46.388286933196881 ], [ -114.92283188956722, 46.552179179338609 ], [ -114.74092754563118, 46.573098079690247 ], [ -114.66064721248766, 46.507133699880185 ], [ -115.169443589536584, 46.391126727269487 ], [ -115.397781218848479, 46.168887691158403 ], [ -115.507925983212274, 46.163007671057144 ], [ -115.252438163478104, 46.069745020408064 ], [ -114.983489113365778, 46.257248681101508 ], [ -114.736036745953754, 46.200061970969273 ], [ -114.859497557733022, 46.101783161701285 ], [ -114.69754944153334, 46.032540310368574 ], [ -114.779553253872464, 45.938384647482607 ], [ -114.551728652552185, 45.875698428615735 ], [ -114.623231732557372, 45.825516067207545 ], [ -114.568916215982028, 45.757145358935674 ] ], [ [ -114.367981408487552, 46.536321480704075 ], [ -114.190780029648195, 46.615800647068873 ], [ -114.186607213803569, 46.682188664066274 ], [ -114.306758026787435, 46.670406141987748 ], [ -114.367981408487552, 46.536321480704075 ] ], [ [ -115.072001341826393, 47.105150244106596 ], [ -115.041339659755224, 47.098332630433006 ], [ -115.029194767247176, 47.10949043648516 ], [ -115.045058404144925, 47.115328374691401 ], [ -115.072001341826393, 47.105150244106596 ] ], [ [ -114.882993393105494, 45.786056971274334 ], [ -114.828903881355188, 45.821693578538557 ], [ -114.822167688007582, 45.848156518684569 ], [ -114.894712865667898, 45.797740363390105 ], [ -114.882993393105494, 45.786056971274334 ] ], [ [ -115.119016563583315, 45.880835748707177 ], [ -114.96699818202039, 45.891226245201409 ], [ -114.91306743555748, 46.05341509922571 ], [ -115.214031714951858, 46.035141445587854 ], [ -115.256599039154452, 45.974902321599231 ], [ -115.119016563583315, 45.880835748707177 ] ], [ [ -104.761164605775832, 46.661696001218608 ], [ -104.744080003229612, 46.675240274127944 ], [ -104.763820873869037, 46.686962755913029 ], [ -104.780904273811643, 46.673417690199358 ], [ -104.761164605775832, 46.661696001218608 ] ], [ [ -115.336800783372979, 45.889189479197789 ], [ -115.330549942199696, 45.94568185247244 ], [ -115.440899616820019, 45.998464630790465 ], [ -115.461914359394171, 45.953307592143275 ], [ -115.336800783372979, 45.889189479197789 ] ], [ [ -115.528829333478612, 45.920447105399298 ], [ -115.503253290721545, 45.944636722785845 ], [ -115.498135420420169, 45.949474330293548 ], [ -115.552464617218646, 45.943710788121194 ], [ -115.528829333478612, 45.920447105399298 ] ], [ [ -109.49327063782269, 46.699234152012025 ], [ -109.252786024918876, 46.71874143623598 ], [ -109.318910394247808, 46.972620285241433 ], [ -109.444639398295806, 46.982549242264938 ], [ -109.409928797706527, 46.919401169382809 ], [ -109.631309543517716, 46.839531155370388 ], [ -109.642092570589625, 46.775088957678847 ], [ -109.49327063782269, 46.699234152012025 ] ], [ [ -109.232312734471805, 47.014863068475293 ], [ -109.041090725448768, 47.242114065648657 ], [ -109.40854611401295, 47.346847482290627 ], [ -109.546317016318312, 47.311488323352869 ], [ -109.580093445900715, 47.034041330487923 ], [ -109.232312734471805, 47.014863068475293 ] ], [ [ -110.923914375307078, 47.093195557951056 ], [ -110.898486176771186, 47.102122570568724 ], [ -110.944314568721623, 47.210690596123698 ], [ -110.966222769032782, 47.181407234122901 ], [ -110.923914375307078, 47.093195557951056 ] ], [ [ -114.542771126567743, 46.811236038556345 ], [ -114.517762409485854, 46.947900894852808 ], [ -114.63230392381098, 46.939085867284852 ], [ -114.629608725314284, 46.872906922018288 ], [ -114.542771126567743, 46.811236038556345 ] ], [ [ -107.205964125049576, 47.645147963534825 ], [ -107.174994051891659, 47.647029155395771 ], [ -107.158083409942236, 47.660672464039706 ], [ -107.226223830081111, 47.656533881717664 ], [ -107.205964125049576, 47.645147963534825 ] ], [ [ -107.397436005565226, 47.675481096801036 ], [ -107.389846898698863, 47.688566802128165 ], [ -107.399708536378384, 47.692163971065725 ], [ -107.408433126174131, 47.687419322930246 ], [ -107.397436005565226, 47.675481096801036 ] ], [ [ -106.780366309817666, 47.733630678946312 ], [ -106.673013406102726, 47.773503020601865 ], [ -106.681052332652598, 47.836036538721252 ], [ -106.839748292061131, 47.805771744679873 ], [ -106.780366309817666, 47.733630678946312 ] ], [ [ -106.630644796019652, 47.78435903568554 ], [ -106.613627666536004, 47.7979410684325 ], [ -106.633847475461138, 47.809372367421027 ], [ -106.65086313876651, 47.795789632250475 ], [ -106.630644796019652, 47.78435903568554 ] ], [ [ -106.858694003083286, 47.855053308925079 ], [ -106.813356996994088, 47.891297915445591 ], [ -106.915479467338429, 47.906276879529173 ], [ -106.91274282059419, 47.885451285421738 ], [ -106.858694003083286, 47.855053308925079 ] ], [ [ -106.765544682169036, 47.860512636583309 ], [ -106.748533446352042, 47.87409746987467 ], [ -106.768787127779305, 47.885508043924375 ], [ -106.78579687809858, 47.871922514305851 ], [ -106.765544682169036, 47.860512636583309 ] ], [ [ -106.652031354770685, 47.951031870960328 ], [ -106.634986200546564, 47.964596925905482 ], [ -106.655245795851982, 47.976010268388507 ], [ -106.672289475833793, 47.962444523864775 ], [ -106.652031354770685, 47.951031870960328 ] ], [ [ -105.882210483680211, 48.058212064717296 ], [ -105.833722383954964, 48.071982361488836 ], [ -105.836216830953788, 48.092789448502259 ], [ -105.887556111003875, 48.102598297238686 ], [ -105.882210483680211, 48.058212064717296 ] ], [ [ -115.136987962306662, 47.390963816401552 ], [ -115.058341125144551, 47.404007800134494 ], [ -115.24959652694308, 47.511934985959897 ], [ -115.169983422781101, 47.398373407311773 ], [ -115.136987962306662, 47.390963816401552 ] ], [ [ -105.453250702519057, 48.14221136789962 ], [ -105.432158157890569, 48.176771631832096 ], [ -105.460962765005661, 48.208753987145677 ], [ -105.506996759043915, 48.172909728838363 ], [ -105.453250702519057, 48.14221136789962 ] ], [ [ -104.26790737179752, 48.199809375277567 ], [ -104.221369459197732, 48.235363489343548 ], [ -104.274750778043668, 48.266362356665454 ], [ -104.321283174376219, 48.230805103833021 ], [ -104.26790737179752, 48.199809375277567 ] ], [ [ -103.908489306533284, 48.370413789013625 ], [ -103.890134869565941, 48.375388077694708 ], [ -103.927666032053409, 48.373747471488272 ], [ -103.908489306533284, 48.370413789013625 ] ], [ [ -108.973994952520542, 48.171978236014169 ], [ -108.967932669019774, 48.1734446428583 ], [ -108.974799709417852, 48.17716550349472 ], [ -108.973994952520542, 48.171978236014169 ] ], [ [ -100.675725057736258, 49.369450136619072 ], [ -100.657517543997216, 49.382339561523786 ], [ -100.677317340782849, 49.39419297415111 ], [ -100.695524110492528, 49.381302960925218 ], [ -100.675725057736258, 49.369450136619072 ] ], [ [ -115.036315321553815, 48.496349040264462 ], [ -115.039273899117092, 48.509515855358401 ], [ -115.056793676511305, 48.502739595295083 ], [ -115.036315321553815, 48.496349040264462 ] ], [ [ -116.658280466731085, 48.373780184112242 ], [ -116.657369066655434, 48.42237642118814 ], [ -116.67574685460356, 48.445708050882125 ], [ -116.683337835634745, 48.398512853992102 ], [ -116.658280466731085, 48.373780184112242 ] ], [ [ -115.188423071378978, 48.607429879235099 ], [ -115.087656680666214, 48.667809701374544 ], [ -115.150771737943472, 48.721769239808381 ], [ -115.26234487501894, 48.671515995337202 ], [ -115.188423071378978, 48.607429879235099 ] ], [ [ -116.691740391037726, 48.511428975437695 ], [ -116.68254490931244, 48.604225276109403 ], [ -116.53851970758673, 48.645624734388633 ], [ -116.480918397862439, 48.840882562463364 ], [ -116.835343457201276, 48.992281182860665 ], [ -116.637271792230223, 49.097157236534379 ], [ -116.844242277912613, 49.36838829440358 ], [ -116.886774188209614, 49.572826061315169 ], [ -116.95768807882385, 49.584808398023583 ], [ -117.170441034540843, 49.459079361469051 ], [ -117.194708509354442, 49.121499905052197 ], [ -117.07917424517143, 49.008111982084991 ], [ -117.215451435337172, 48.930382937797923 ], [ -117.136592212455724, 48.89272404395885 ], [ -116.910110716933616, 48.984296159579785 ], [ -116.934938881851679, 48.897659746123139 ], [ -116.758953075395965, 48.748383788096987 ], [ -116.691740391037726, 48.511428975437695 ] ], [ [ -114.646804620009121, 48.744331131540022 ], [ -114.616565148657017, 48.751433426564731 ], [ -114.603317405431909, 48.777871105094498 ], [ -114.66731186482275, 48.750746872600516 ], [ -114.646804620009121, 48.744331131540022 ] ], [ [ -114.779607341414504, 48.769264955081205 ], [ -114.656724672370871, 48.961320130001567 ], [ -114.990625365163282, 48.99929935508888 ], [ -114.934015855456678, 48.889843037052685 ], [ -114.754953524223779, 48.90999046964572 ], [ -114.779607341414504, 48.769264955081205 ] ], [ [ -113.781740868409926, 48.863346270807433 ], [ -113.776859229765421, 48.876354364830547 ], [ -113.803084427497538, 48.873948235800974 ], [ -113.781740868409926, 48.863346270807433 ] ], [ [ -114.037136947436778, 48.866978431785533 ], [ -113.974956890628278, 48.941822109417217 ], [ -113.992760934392123, 48.956913264004918 ], [ -114.064198136624384, 48.933543849027636 ], [ -114.037136947436778, 48.866978431785533 ] ], [ [ -113.859026276022732, 48.927408295212153 ], [ -113.854901843368623, 48.952894637781114 ], [ -113.869528319161475, 48.976652285684665 ], [ -113.870524493202169, 48.951458085445154 ], [ -113.859026276022732, 48.927408295212153 ] ], [ [ -114.073107748889996, 49.18148936169041 ], [ -114.035966577772058, 49.187012239987851 ], [ -114.120876342254917, 49.254306637632638 ], [ -114.142724377067296, 49.198003957791457 ], [ -114.073107748889996, 49.18148936169041 ] ], [ [ -116.300544444977476, 49.001594000110202 ], [ -116.303706156930218, 49.014683957527893 ], [ -116.320437309557775, 49.004557609667771 ], [ -116.300544444977476, 49.001594000110202 ] ], [ [ -116.366066566082637, 49.008193238335139 ], [ -116.330329272604189, 49.045455948638704 ], [ -116.38590354094336, 49.08996780262067 ], [ -116.397283795321741, 49.038482161899992 ], [ -116.366066566082637, 49.008193238335139 ] ], [ [ -116.007365492712154, 49.112278342787391 ], [ -115.919502430972372, 49.146362276033642 ], [ -115.919084157281048, 49.171519795887619 ], [ -115.9753344697248, 49.165791370813935 ], [ -116.007365492712154, 49.112278342787391 ] ], [ [ -115.69497837632116, 49.143967873404826 ], [ -115.687761705841652, 49.194905060679858 ], [ -115.77843041949582, 49.185771805726986 ], [ -115.732487841094851, 49.16739238997009 ], [ -115.69497837632116, 49.143967873404826 ] ], [ [ -116.168880550896702, 49.118735490729605 ], [ -115.949349487441879, 49.271635872048506 ], [ -115.912901155795183, 49.506465735508513 ], [ -116.274610598505163, 49.594811932277906 ], [ -116.103541962164229, 49.645633049376649 ], [ -116.097262550222496, 49.75250941057746 ], [ -116.025010187978268, 49.72025851391372 ], [ -115.992069285888221, 49.873414235133872 ], [ -116.23877840134638, 49.804046953330371 ], [ -116.360651407031838, 49.906032895905227 ], [ -116.701257085250859, 49.847434379574828 ], [ -116.758325200412685, 49.461064623597714 ], [ -116.6729261646081, 49.323713485922624 ], [ -116.581194471776953, 49.207787592477864 ], [ -116.412542190929884, 49.199449106302822 ], [ -116.342977869726155, 49.440291045536313 ], [ -116.257422018167375, 49.387830845472926 ], [ -116.168880550896702, 49.118735490729605 ] ], [ [ -116.330394327971533, 49.630790552007838 ], [ -116.324042949154659, 49.625883260626814 ], [ -116.312810630392988, 49.632596336722457 ], [ -116.329355713183787, 49.647575323994047 ], [ -116.330394327971533, 49.630790552007838 ] ], [ [ -116.044455212231952, 49.133608927614851 ], [ -116.039184694325428, 49.138336081218071 ], [ -116.046410669669655, 49.141784082694272 ], [ -116.051680286530285, 49.137056735726155 ], [ -116.044455212231952, 49.133608927614851 ] ], [ [ -115.473456316739487, 49.291566477953651 ], [ -115.50514109669362, 49.427074339156157 ], [ -115.669279131573973, 49.343076399343367 ], [ -115.601553836272913, 49.291349754720613 ], [ -115.473456316739487, 49.291566477953651 ] ], [ [ -115.186567930684348, 49.436703771731821 ], [ -115.102370182943815, 49.565797133565617 ], [ -115.164250523202554, 49.618117219716027 ], [ -115.300221042870831, 49.504839909738102 ], [ -115.186567930684348, 49.436703771731821 ] ], [ [ -115.42388317965974, 49.491295363301631 ], [ -115.264848372957914, 49.737387266487133 ], [ -115.538165270297156, 49.840407757020145 ], [ -115.63122072243209, 49.701387701503023 ], [ -115.42388317965974, 49.491295363301631 ] ], [ [ -108.311410020556593, 50.05482308668757 ], [ -108.30692988951067, 50.067471030333053 ], [ -108.316892448712352, 50.090538346822299 ], [ -108.318807364156939, 50.087326957962617 ], [ -108.311410020556593, 50.05482308668757 ] ], [ [ -98.857914129208169, 50.587435735418936 ], [ -98.84854933461142, 50.593728829636881 ], [ -98.877466418228664, 50.593205550632192 ], [ -98.857914129208169, 50.587435735418936 ] ], [ [ -93.83361440209876, 51.269916428005892 ], [ -93.573492829056931, 51.32308461727915 ], [ -93.389014842124567, 51.475673892612591 ], [ -93.438884537752756, 51.589269699147039 ], [ -93.639744535717426, 51.639102824935527 ], [ -93.604522487390511, 51.80033343252255 ], [ -93.766954578929614, 51.841627900881853 ], [ -93.471164040280456, 51.960633125288076 ], [ -93.509647062638351, 52.001152197216911 ], [ -93.692166557482125, 52.034501948656619 ], [ -93.856972948654473, 51.93881528407443 ], [ -94.26897894308965, 51.884176403468011 ], [ -94.270734624985792, 51.682505607797069 ], [ -94.205995898581989, 51.641894660769779 ], [ -94.271434538740721, 51.601720863311897 ], [ -93.83361440209876, 51.269916428005892 ] ], [ [ -93.574515516090912, 51.262285039388111 ], [ -93.554526248051758, 51.294586094917214 ], [ -93.573765724624195, 51.306872892385243 ], [ -93.593414457725828, 51.294841886802416 ], [ -93.574515516090912, 51.262285039388111 ] ], [ [ -109.632503740200107, 50.838913032528694 ], [ -109.626786711407163, 50.843400112089157 ], [ -109.636403934539743, 50.842742332913289 ], [ -109.632503740200107, 50.838913032528694 ] ], [ [ -90.015452215545039, 52.259499233634472 ], [ -89.81887775137983, 52.254985904400726 ], [ -89.798469180343233, 52.266555563789311 ], [ -89.928307611905979, 52.289645340966608 ], [ -89.938667131585959, 52.44233354827508 ], [ -90.082964014416419, 52.393449567368791 ], [ -90.015452215545039, 52.259499233634472 ] ], [ [ -89.81135124291319, 52.375235627755259 ], [ -89.788387705194779, 52.426834399543502 ], [ -89.807705692700665, 52.433300171997907 ], [ -89.827778851834026, 52.427754698114633 ], [ -89.81135124291319, 52.375235627755259 ] ], [ [ -108.759981358801298, 53.041221397573452 ], [ -108.72705143443379, 53.043235323079998 ], [ -108.711302360848038, 53.06819668227574 ], [ -108.770595443482762, 53.064573352874767 ], [ -108.759981358801298, 53.041221397573452 ] ], [ [ -87.982816190279678, 53.391131782703205 ], [ -87.979151913543561, 53.394989224678184 ], [ -87.989113044215415, 53.395296708145445 ], [ -87.982816190279678, 53.391131782703205 ] ], [ [ -62.552482350182466, 51.686168084997206 ], [ -62.220653956717733, 51.66063488480691 ], [ -62.139468223211978, 51.880919117289253 ], [ -62.667555072479487, 52.415467136082441 ], [ -63.122697016608065, 52.478294357918102 ], [ -63.160943806927932, 52.380886583655496 ], [ -62.949104191326498, 52.267303580905534 ], [ -63.162643533954892, 52.195481655545194 ], [ -62.791329421019718, 51.846648387223524 ], [ -62.790334341042097, 51.76351690930511 ], [ -62.552482350182466, 51.686168084997206 ] ], [ [ -60.807142614764338, 51.685309127707072 ], [ -60.578339055612311, 51.669473300519684 ], [ -60.489704127918351, 51.784472424217938 ], [ -60.780384184869874, 52.072210111074874 ], [ -61.216147408990011, 52.161510055074402 ], [ -61.446725361512577, 52.102038961309511 ], [ -61.489931102757922, 52.005034946693172 ], [ -61.34800641559891, 51.858280923274947 ], [ -60.807142614764338, 51.685309127707072 ] ], [ [ -61.332656664492859, 52.206594248280275 ], [ -61.269950261498536, 52.194767399924892 ], [ -61.253914663598728, 52.217131643402212 ], [ -61.322183600365335, 52.231893579711439 ], [ -61.332656664492859, 52.206594248280275 ] ], [ [ -63.572102893568051, 52.869636505002426 ], [ -63.366368643722048, 52.961080617536261 ], [ -63.205559669850579, 52.937992845945033 ], [ -63.166827109976531, 53.018415220934713 ], [ -63.562535512760078, 53.240372558510252 ], [ -63.770754402814333, 53.230938156282043 ], [ -63.867168299542072, 53.036214714866517 ], [ -63.572102893568051, 52.869636505002426 ] ], [ [ -64.587362715817491, 53.944034643280801 ], [ -64.228613230264941, 53.895534808187612 ], [ -64.161079935687766, 53.971279371687331 ], [ -64.477022163637656, 54.139162932479614 ], [ -64.624663072093938, 54.033859355131504 ], [ -64.587362715817491, 53.944034643280801 ] ], [ [ -64.709037584778102, 54.162095800652871 ], [ -64.701003585476442, 54.165057696451385 ], [ -64.714097628541936, 54.166799619236016 ], [ -64.709037584778102, 54.162095800652871 ] ], [ [ -62.127188300704489, 53.90345344250067 ], [ -61.981142300543688, 53.9064913149817 ], [ -61.948839361884858, 53.982965986306638 ], [ -62.218708533523618, 54.022251786993344 ], [ -62.127188300704489, 53.90345344250067 ] ], [ [ -61.891968821581173, 53.970579854589005 ], [ -61.883850818304602, 53.97344976855284 ], [ -61.89684925330446, 53.975354849108953 ], [ -61.891968821581173, 53.970579854589005 ] ], [ [ -61.697100525100751, 53.941920982281125 ], [ -61.502082235769052, 53.9943072292035 ], [ -61.30696292669537, 53.885991946102855 ], [ -61.225892858324592, 53.993800110022178 ], [ -61.04780482931033, 53.926414777068494 ], [ -60.355033386999402, 54.085500662295651 ], [ -60.721832076572127, 54.267142030450998 ], [ -60.660546465987473, 54.334900905151734 ], [ -60.391960286912749, 54.298235830411123 ], [ -60.42309932990787, 54.384037871297835 ], [ -60.179731056341907, 54.468494174424549 ], [ -60.210706314940467, 54.554153464937784 ], [ -63.913135604163827, 55.082897028935122 ], [ -63.834333244056452, 54.968464875504822 ], [ -63.370820743761904, 54.825543241176376 ], [ -63.1026470461466, 54.549602704495697 ], [ -62.772791338495644, 54.666443469300297 ], [ -62.746809920684314, 54.819455540939764 ], [ -62.352385779652934, 54.763960607433006 ], [ -62.200405843370575, 54.565272944424024 ], [ -62.256886794385863, 54.432235787670237 ], [ -62.150349678249832, 54.356372812187495 ], [ -62.010708530582889, 54.03257118727219 ], [ -61.875859556722915, 54.08992221241958 ], [ -61.697100525100751, 53.941920982281125 ] ], [ [ -63.001318845152454, 54.291640805204835 ], [ -62.642869155233385, 54.321786844760972 ], [ -62.456091743160506, 54.420345283766849 ], [ -62.885466707421287, 54.404460661349525 ], [ -63.001318845152454, 54.291640805204835 ] ], [ [ -111.105145412112307, 56.080793251711569 ], [ -110.857765367096988, 56.156384757587581 ], [ -110.850488551954783, 56.253361511477593 ], [ -111.324839362592485, 56.453877345091122 ], [ -111.694645491021646, 56.331860664200171 ], [ -111.646317074756908, 56.161444468405108 ], [ -111.105145412112307, 56.080793251711569 ] ] ] } },
{ "type": "Feature", "properties": { "QPF": 0.5, "UNITS": "Inches", "VALID_TIME": "12Z 04/23/26 - 12Z 04/24/26", "PRODUCT": "24-hour QPF", "ISSUE_TIME": "2026-04-21 10:08:37", "START_TIME": "2026-04-23 12:00:00", "END_TIME": "2026-04-24 12:00:00", "fill": "royalblue", "color": "royalblue" }, "geometry": { "type": "Polygon", "coordinates": [ [ [ -82.623551328894223, 22.105288322284466 ], [ -82.513864486503138, 22.213540903144498 ], [ -82.383480176137724, 22.1076355309891 ], [ -82.385767665745561, 22.084923938672318 ], [ -82.623551328894223, 22.105288322284466 ] ], [ [ -76.9819833884236, 21.535538450344497 ], [ -76.674924875297251, 21.605924002082592 ], [ -76.533664604458039, 21.758299233532949 ], [ -77.098149765279842, 22.107422109274285 ], [ -77.174094769006345, 21.723357784798448 ], [ -76.9819833884236, 21.535538450344497 ] ], [ [ -75.408527087412779, 21.311108290143252 ], [ -75.239084886884541, 21.288034125668041 ], [ -75.052769725274175, 21.26242490266986 ], [ -75.24659470877387, 21.397337777797052 ], [ -75.408527087412779, 21.311108290143252 ] ], [ [ -72.536795838805006, 20.892192809845263 ], [ -72.176198122466303, 20.835385538434981 ], [ -71.80752351516729, 20.776329330663998 ], [ -72.120033489748721, 21.007869313057505 ], [ -72.420071154512016, 20.991266829021697 ], [ -72.536795838805006, 20.892192809845263 ] ], [ [ -71.623915858911914, 20.746550088559307 ], [ -69.642298117375233, 20.409471341763268 ], [ -69.620741323624372, 20.544689257641373 ], [ -69.495732921549461, 20.619820180858884 ], [ -69.283594780536902, 20.530842841350832 ], [ -69.367916834927897, 20.360526267736709 ], [ -69.225097523829746, 20.334830016535975 ], [ -69.130237920615642, 20.83024442673236 ], [ -69.541930611621694, 20.880295442266725 ], [ -70.007923772901776, 20.78310043662291 ], [ -70.194569843159172, 20.841687993031762 ], [ -70.678526888181324, 20.646414680070418 ], [ -71.428743420233758, 20.864181115436317 ], [ -71.623915858911914, 20.746550088559307 ] ], [ [ -81.042213490098163, 22.088916363059461 ], [ -80.89934738332316, 22.10924106590236 ], [ -80.802486609156745, 22.260404377370225 ], [ -81.004875973000225, 22.42292466082494 ], [ -81.155334929865688, 22.294293022269564 ], [ -81.042213490098163, 22.088916363059461 ] ], [ [ -81.522874805874977, 22.220914931423881 ], [ -81.473834135097221, 22.216378645534764 ], [ -81.465483701729582, 22.293559462387559 ], [ -81.533442487351707, 22.283791535922969 ], [ -81.522874805874977, 22.220914931423881 ] ], [ [ -77.722297071989999, 21.903289221133313 ], [ -77.351418762223119, 21.896824998434219 ], [ -77.296816180879787, 22.037404337395891 ], [ -77.466386134213451, 22.137687718968778 ], [ -77.789463631274643, 22.135613400543591 ], [ -77.878650135526584, 21.992076438788896 ], [ -77.722297071989999, 21.903289221133313 ] ], [ [ -85.769701999159366, 22.648916924032449 ], [ -85.5640495554604, 22.713608534219212 ], [ -85.674394761889815, 22.92960751185629 ], [ -85.825702141285461, 22.821697762007105 ], [ -85.769701999159366, 22.648916924032449 ] ], [ [ -81.853642276496345, 22.607927900321165 ], [ -81.47616712601527, 22.62246182046681 ], [ -81.406040956559451, 22.776519572435319 ], [ -81.484357101613938, 22.990203462554774 ], [ -81.898364314666523, 22.844279127180293 ], [ -81.853642276496345, 22.607927900321165 ] ], [ [ -80.975139769978909, 22.687722125257778 ], [ -80.940239710005955, 22.732558328455902 ], [ -81.013563038693491, 22.788526379648541 ], [ -81.048537407439397, 22.742913571913547 ], [ -80.975139769978909, 22.687722125257778 ] ], [ [ -82.762337056549427, 22.962427767365124 ], [ -82.713522723201038, 22.952621659899709 ], [ -82.631483799936845, 22.97667578385369 ], [ -82.752869895589384, 23.058663558079381 ], [ -82.762337056549427, 22.962427767365124 ] ], [ [ -85.445795151805768, 23.319203757980787 ], [ -84.898532887274442, 23.305596646511873 ], [ -84.531428562483157, 23.520404252750012 ], [ -84.197205818623928, 23.342857959440082 ], [ -83.749731111692597, 23.325400933003735 ], [ -83.242379598635253, 23.413333804327731 ], [ -82.947953340277934, 23.358984457036023 ], [ -82.761656126638371, 23.475815603838043 ], [ -81.946782772525438, 23.379500122248704 ], [ -81.666815457071237, 23.4266752486676 ], [ -81.569114711489448, 23.571522367181988 ], [ -81.61342547120465, 23.759112021608626 ], [ -81.74696681152426, 23.846415472662891 ], [ -81.965377592546432, 23.678192411288578 ], [ -82.218926521299409, 23.721006679359277 ], [ -82.197630213742542, 23.902654886247593 ], [ -81.999106996958972, 23.977092581124573 ], [ -82.40393655987161, 24.241467579136824 ], [ -82.211736154456133, 24.445232645760889 ], [ -82.238685525367998, 24.525548060641704 ], [ -82.521270591175409, 24.622942097946286 ], [ -82.752805022529429, 24.577978411087152 ], [ -83.301228745598067, 24.908685117437507 ], [ -83.446353484038667, 25.246263857381997 ], [ -83.761475307648965, 25.40197665118524 ], [ -84.424064857996456, 25.952351641316728 ], [ -84.532389412239255, 26.173693013018479 ], [ -84.704736911392786, 26.247771868310181 ], [ -85.114709023824517, 26.229396519676094 ], [ -85.477104865447274, 26.4896065904918 ], [ -85.728991792484635, 26.539583785644908 ], [ -85.91748352736245, 26.413716834025049 ], [ -86.335666147681962, 26.353608152256363 ], [ -86.548578741823647, 25.496204842835631 ], [ -86.335458553135425, 25.02632880427722 ], [ -86.348403625334257, 24.706677154191617 ], [ -86.164080506643359, 24.466988647461651 ], [ -86.129677385615238, 23.984330673265958 ], [ -86.003463559608107, 23.877168001576223 ], [ -85.802536905737171, 23.886562732011313 ], [ -85.708715089126912, 23.752530957038914 ], [ -85.790912092435462, 23.437277781973332 ], [ -85.445795151805768, 23.319203757980787 ] ], [ [ -83.855125445432421, 23.624353063298603 ], [ -83.467866207370463, 23.674048905996834 ], [ -83.373034504857714, 23.724669725495769 ], [ -83.374429052593285, 23.816453008493852 ], [ -83.543703407530131, 23.936230178243605 ], [ -83.767443278767701, 23.846831698467135 ], [ -83.926925117312962, 23.744304059089245 ], [ -83.855125445432421, 23.624353063298603 ] ], [ [ -85.300084531045073, 25.122959509674494 ], [ -84.697229062617197, 25.133005082323944 ], [ -84.531941456054, 25.231475839433024 ], [ -84.974282944018142, 25.457200203825902 ], [ -85.4390529258105, 25.999631265018735 ], [ -85.74963914013388, 25.934337350347139 ], [ -86.117939834556807, 25.700192660102285 ], [ -86.07238112048509, 25.651717658100388 ], [ -86.176652203527595, 25.520559843898585 ], [ -86.093270357533044, 25.411873325039338 ], [ -85.300084531045073, 25.122959509674494 ] ], [ [ -86.740728325572036, 26.32901411074166 ], [ -86.446218470221538, 26.451419008888273 ], [ -86.715420327071527, 26.699713381758958 ], [ -86.86776386981424, 26.566161211125092 ], [ -86.866586376748785, 26.405988624449318 ], [ -86.740728325572036, 26.32901411074166 ] ], [ [ -87.137852798393723, 26.895994249369796 ], [ -86.94847490072452, 26.890643682674579 ], [ -86.819672561073844, 26.975230434149903 ], [ -87.048775916512483, 27.080677965510183 ], [ -87.200666189274315, 26.995262230616362 ], [ -87.137852798393723, 26.895994249369796 ] ], [ [ -95.082938400340296, 35.6932456444274 ], [ -94.530194643150523, 35.78081829313011 ], [ -94.331228152933122, 36.075982261660087 ], [ -93.728857784479473, 36.475429036853619 ], [ -92.655688975035247, 36.833542559234495 ], [ -91.474449353925806, 37.104895777378331 ], [ -91.290556379451843, 37.243803415222395 ], [ -90.945972852854325, 37.761940815966319 ], [ -90.15625942814728, 38.284204592815136 ], [ -89.825897199188816, 38.674246572666554 ], [ -89.937671521723061, 39.010000333695395 ], [ -90.147261419348467, 39.224021735155645 ], [ -90.430864082813429, 39.269260227359304 ], [ -90.775963627387682, 39.212310869337031 ], [ -90.953222847001257, 39.279901553035764 ], [ -91.005260752125324, 39.413732077223003 ], [ -90.893458115139566, 39.565791048012372 ], [ -90.903978593543911, 39.808807582796362 ], [ -90.674188879860424, 40.155951898213445 ], [ -90.843637826689985, 40.384464906131598 ], [ -91.718076428924121, 40.12256714472106 ], [ -92.052840323083814, 40.09615395949745 ], [ -92.015833276263976, 40.381594506899049 ], [ -91.754349353121981, 40.618755382549224 ], [ -91.857954291464893, 41.015505491219628 ], [ -91.788586987114286, 41.189522998560179 ], [ -91.873812658792133, 41.256694247988463 ], [ -91.519266060926029, 41.578233283563776 ], [ -91.551025464787287, 41.674950391082277 ], [ -91.776423157302929, 41.757683358788853 ], [ -91.706407125193351, 41.930950243563615 ], [ -91.562840472606538, 42.015497881312278 ], [ -91.644750976335132, 42.374069879841542 ], [ -92.027891834585304, 42.358928258118091 ], [ -92.006567085555616, 42.284618137531595 ], [ -92.462230019213507, 41.943043877107023 ], [ -92.921471493028605, 41.844197436843857 ], [ -93.189537432998179, 41.589510365920276 ], [ -93.347358370881167, 41.582279545963445 ], [ -93.337253357312576, 41.486051124115988 ], [ -92.826982058684507, 41.336332902124305 ], [ -92.443423234280743, 41.064228324966152 ], [ -92.178511743216788, 41.187294262480897 ], [ -92.11323944885109, 41.129326889538277 ], [ -92.183888483528875, 40.992420831480587 ], [ -92.708284931448929, 40.914390522173527 ], [ -93.549217216779482, 40.942890550202847 ], [ -93.583814333809997, 41.168798314167965 ], [ -93.737394580423256, 41.213719684520257 ], [ -93.689329497125371, 41.331530006299133 ], [ -93.895043267656121, 41.164409889333101 ], [ -94.185486700267518, 41.209736884409807 ], [ -94.329941987360442, 41.363474411056806 ], [ -94.533727029314946, 41.401287640625966 ], [ -94.766916663620492, 41.3973655967444 ], [ -95.000087460018818, 41.206470409190004 ], [ -95.65027951882746, 40.976066202050291 ], [ -95.987250958247628, 40.601602251291069 ], [ -96.016364456251225, 40.425689003460853 ], [ -95.818475846108583, 40.228801422556884 ], [ -95.92738288799859, 40.162252192376847 ], [ -95.874620021883942, 40.052447880210252 ], [ -96.035139508256265, 39.994321462253893 ], [ -96.148192213108786, 39.817327430503035 ], [ -96.52017884685209, 39.540940058897405 ], [ -96.698484102487214, 38.92021946232974 ], [ -97.039635144229294, 38.606330518645912 ], [ -97.042323644055386, 38.340042238893176 ], [ -96.932209068567431, 38.208064641502958 ], [ -97.492737435195394, 37.48888789531626 ], [ -97.461388720133868, 37.311016918429644 ], [ -97.214817562623239, 37.135953748868218 ], [ -97.139511805150732, 36.913685910475593 ], [ -96.879035055404046, 36.603936076279709 ], [ -95.990714194185358, 36.208762245589568 ], [ -95.636556486577277, 35.908800952110475 ], [ -95.082938400340296, 35.6932456444274 ] ], [ [ -95.160799679995051, 36.054837292311774 ], [ -94.944666508282253, 36.05042443997025 ], [ -94.48548341706929, 36.278055132333122 ], [ -94.063119263491757, 36.745895756525982 ], [ -93.296001687843614, 36.938273001974657 ], [ -92.589428475797575, 37.302823305667495 ], [ -91.853310739371153, 37.549397359358444 ], [ -91.741993999995515, 37.698770122033991 ], [ -91.64089415306438, 38.230615007894322 ], [ -91.206407097553154, 38.359323592908808 ], [ -90.923031365699302, 38.65912605063766 ], [ -91.641142584005451, 39.117503807312069 ], [ -91.962607727013776, 39.638278657748934 ], [ -92.566509847400297, 39.795462941858055 ], [ -92.699799264497486, 40.127748509466038 ], [ -93.178425508935447, 40.579667388576425 ], [ -93.496672949674817, 40.568355404845839 ], [ -93.75530512459197, 40.380276147939625 ], [ -93.789915470389701, 40.217766120917361 ], [ -94.138121988040936, 39.924751352855218 ], [ -95.057356949801758, 39.573992149021912 ], [ -95.916964851222588, 39.635297506275776 ], [ -96.056668190086981, 39.566411986416867 ], [ -96.191617171450304, 39.455149518946939 ], [ -96.367128729729046, 39.001354259205392 ], [ -96.838710261232535, 38.564223637602247 ], [ -96.77075651785276, 38.38743361543618 ], [ -96.503988094582624, 38.212329099162567 ], [ -96.761463197625304, 38.054347946533738 ], [ -97.210552287506204, 37.492771980022688 ], [ -96.791379518741294, 37.143915970207637 ], [ -96.43000665873636, 36.69775033566561 ], [ -95.333373765773914, 36.309845726864054 ], [ -95.160799679995051, 36.054837292311774 ] ], [ [ -95.852326710439243, 40.140619015953376 ], [ -95.83494729169928, 40.127496386402839 ], [ -95.817780569487923, 40.140781683860268 ], [ -95.835160079894337, 40.15390580413456 ], [ -95.852326710439243, 40.140619015953376 ] ], [ [ -95.794744100547703, 40.140886415768016 ], [ -95.777371997800941, 40.127758214832582 ], [ -95.760197924577483, 40.141037865931402 ], [ -95.777570111470084, 40.154167397654916 ], [ -95.794744100547703, 40.140886415768016 ] ], [ [ -95.795081872743097, 40.184901231950974 ], [ -95.77770227630802, 40.171775942615639 ], [ -95.760520878488123, 40.185052713218838 ], [ -95.777900559176658, 40.198179329719395 ], [ -95.795081872743097, 40.184901231950974 ] ], [ [ -95.737474578784116, 40.185149984482777 ], [ -95.720102239545241, 40.172018910859386 ], [ -95.702913212963495, 40.185290247153489 ], [ -95.720285838402887, 40.198422487197455 ], [ -95.737474578784116, 40.185149984482777 ] ], [ [ -95.737788010652338, 40.229154999056476 ], [ -95.674395954324623, 40.229407065730712 ], [ -95.674969817784586, 40.317387526587098 ], [ -95.845126041105061, 40.316660243701058 ], [ -95.836012413947628, 40.259519852625822 ], [ -95.738258763204996, 40.295143986341493 ], [ -95.737788010652338, 40.229154999056476 ] ], [ [ -95.015486039196631, 40.428588237325094 ], [ -94.855700507296206, 40.447210670124278 ], [ -94.722617748069922, 40.538231036926405 ], [ -95.000086968338167, 40.628922972964979 ], [ -95.12337966568721, 40.516437584565665 ], [ -95.015486039196631, 40.428588237325094 ] ], [ [ -94.55498749906414, 40.537891628486797 ], [ -94.537702682291098, 40.524666337951615 ], [ -94.491288729094379, 40.559685599110651 ], [ -94.537387110993336, 40.594950659261826 ], [ -94.55498749906414, 40.537891628486797 ] ], [ [ -93.670427074201186, 40.994235989517023 ], [ -93.66479316746117, 40.981047170313559 ], [ -93.647205456053854, 40.994062405785954 ], [ -93.664535856481109, 41.00076558354057 ], [ -93.670427074201186, 40.994235989517023 ] ], [ [ -93.672192529643198, 41.081881107372197 ], [ -93.6635627751687, 41.075247049519064 ], [ -93.646045675355595, 41.081686101974952 ], [ -93.66330498264719, 41.094955589812386 ], [ -93.672192529643198, 41.081881107372197 ] ], [ [ -93.787373467357298, 41.170283972276238 ], [ -93.778807393053341, 41.157091839637204 ], [ -93.761203888487074, 41.17010579621946 ], [ -93.778493043368655, 41.183357627786535 ], [ -93.787373467357298, 41.170283972276238 ] ], [ [ -65.302979563249551, 36.896778943074779 ], [ -65.266889995056104, 37.012729751832687 ], [ -65.231105515939987, 37.154214409530411 ], [ -65.471092498617821, 37.048937009497926 ], [ -65.450231921261704, 36.953796395260227 ], [ -65.302979563249551, 36.896778943074779 ] ], [ [ -65.070930420564309, 37.72249656998553 ], [ -65.016755873648975, 37.904432637752954 ], [ -64.948438752605497, 38.152068003938517 ], [ -65.212477335614039, 38.007373745949238 ], [ -65.070930420564309, 37.72249656998553 ] ], [ [ -93.632429023238458, 41.230462368377651 ], [ -93.626549770941551, 41.234795146196142 ], [ -93.632252855747637, 41.243593530364699 ], [ -93.644011461164055, 41.23492714746088 ], [ -93.632429023238458, 41.230462368377651 ] ], [ [ -93.631900483610849, 41.269846597785516 ], [ -93.449299272434345, 41.408354100310461 ], [ -93.500797291058575, 41.474367903995599 ], [ -93.38308818894582, 41.538910844171816 ], [ -93.422454620207063, 41.635365049563106 ], [ -93.48218876924804, 41.548508944706818 ], [ -93.498536141947113, 41.627274586830559 ], [ -93.580329954578474, 41.627933279547271 ], [ -93.634674239911845, 41.497281976457757 ], [ -93.582468010529283, 41.475026170049944 ], [ -93.694706920371786, 41.366560886153565 ], [ -93.631900483610849, 41.269846597785516 ] ], [ [ -93.451267046152623, 41.661812362066641 ], [ -93.386842364515246, 41.669985164080131 ], [ -93.361204256440772, 41.809426978801611 ], [ -93.519675418547024, 41.780241530812496 ], [ -93.451267046152623, 41.661812362066641 ] ], [ [ -93.275946786667205, 41.660231121825333 ], [ -93.196898191218708, 41.668197265429001 ], [ -93.204889997214821, 41.711936256494724 ], [ -93.257515414854964, 41.712448824784857 ], [ -93.275946786667205, 41.660231121825333 ] ], [ [ -93.887670977112549, 41.839580057316219 ], [ -93.710922679360095, 41.925634192041066 ], [ -93.6176485715186, 41.89006837090195 ], [ -93.512252662541584, 42.085367411099526 ], [ -93.608483677609684, 42.129679292491218 ], [ -93.590077597615249, 42.186140406099838 ], [ -93.032015642973931, 42.180988477796262 ], [ -92.949428724642104, 42.341096393282029 ], [ -92.600580602401521, 42.532497903450832 ], [ -92.639995712968286, 42.611195498335192 ], [ -92.494866272181554, 42.515880202457623 ], [ -92.464132090582439, 42.565423093822162 ], [ -92.288429952604091, 42.519469964640237 ], [ -92.127188700662515, 42.590881279127139 ], [ -92.12746321026772, 42.786234454763004 ], [ -92.294699924134363, 42.94053033211344 ], [ -92.209130113454364, 43.372115225859098 ], [ -92.261583250051984, 43.496039548066037 ], [ -93.006738452208054, 43.450041481356351 ], [ -93.485618880907921, 43.265797348399374 ], [ -93.871688917913545, 43.264211970416895 ], [ -94.051056509039171, 43.139745313973904 ], [ -94.117922343803883, 42.958188027723537 ], [ -93.735312086302471, 42.782550356017353 ], [ -93.824984547768139, 42.696364067408808 ], [ -93.739981072237711, 42.413455809045004 ], [ -93.623118696808632, 42.347391007268236 ], [ -93.64858978990253, 42.203996947409991 ], [ -93.82358802592546, 42.313990776103388 ], [ -94.006887203008958, 42.219348296821764 ], [ -93.954450833233551, 42.1755263392117 ], [ -94.015538533698518, 41.936254952280692 ], [ -93.886228038707358, 41.970383209315443 ], [ -93.887670977112549, 41.839580057316219 ] ], [ [ -93.725359460957151, 42.174073507339301 ], [ -93.690118908889247, 42.173824556092981 ], [ -93.736670996532368, 42.208976421219361 ], [ -93.754459338278252, 42.1960406754785 ], [ -93.725359460957151, 42.174073507339301 ] ], [ [ -92.304115769063031, 42.593556710670541 ], [ -92.28677846515572, 42.580272650870612 ], [ -92.26873317285137, 42.593035279409115 ], [ -92.286070168636485, 42.606320467861089 ], [ -92.304115769063031, 42.593556710670541 ] ], [ [ -93.748493442008908, 42.674158817985941 ], [ -93.73095047808502, 42.66101768245305 ], [ -93.713076077493753, 42.673915032285237 ], [ -93.730618897034333, 42.687057290605452 ], [ -93.748493442008908, 42.674158817985941 ] ], [ [ -92.655957041634636, 42.685211301825319 ], [ -92.638556997286599, 42.671967746504549 ], [ -92.620540181120873, 42.68475771996431 ], [ -92.637939956784862, 42.698002396676692 ], [ -92.655957041634636, 42.685211301825319 ] ], [ [ -92.856050938419031, 42.991212035926459 ], [ -92.599175610474731, 43.080758277670903 ], [ -92.481211933931917, 43.289516974580692 ], [ -92.744373531777157, 43.21329959881345 ], [ -92.856050938419031, 42.991212035926459 ] ], [ [ -93.561327980070558, 42.142377196963309 ], [ -93.549456539704011, 42.150993211890373 ], [ -93.5610786402261, 42.159794859051388 ], [ -93.572950188597815, 42.151178066971603 ], [ -93.561327980070558, 42.142377196963309 ] ], [ [ -95.235251262053794, 42.256704142736552 ], [ -95.223753692505852, 42.374164663402176 ], [ -95.047185048347728, 42.396035121682488 ], [ -94.693017286366654, 42.699850744900388 ], [ -94.572493486052167, 43.262814583168293 ], [ -94.982270563968868, 43.284926716628092 ], [ -94.982297782614268, 43.133510051118179 ], [ -95.150507200351569, 42.981890209312958 ], [ -95.139043324956589, 42.830196601780735 ], [ -95.288888132852534, 42.678179592704808 ], [ -95.235251262053794, 42.256704142736552 ] ], [ [ -92.554703370892383, 42.479745552645582 ], [ -92.542705686887786, 42.488278935439851 ], [ -92.554278156738889, 42.497126635509012 ], [ -92.56627602553246, 42.488592494274272 ], [ -92.554703370892383, 42.479745552645582 ] ], [ [ -92.435766556815679, 42.521582941451811 ], [ -92.423753628316547, 42.530106474327908 ], [ -92.435320475017534, 42.53895943854662 ], [ -92.447333524703836, 42.530435201173177 ], [ -92.435766556815679, 42.521582941451811 ] ], [ [ -110.796437339421786, 42.660606141784918 ], [ -110.753251225646409, 42.853766985379906 ], [ -110.915121080474663, 43.029660728347068 ], [ -110.869221801869728, 42.756465383452863 ], [ -110.796437339421786, 42.660606141784918 ] ], [ [ -95.000089360934197, 43.362741775838295 ], [ -94.946533965284374, 43.457790788197372 ], [ -95.000089489120668, 43.503865850707065 ], [ -95.017937354797738, 43.436198928328309 ], [ -95.000089360934197, 43.362741775838295 ] ], [ [ -110.728352545390351, 42.980687738524438 ], [ -110.708722233450118, 42.988466359101253 ], [ -110.749900990855423, 42.984955731586439 ], [ -110.728352545390351, 42.980687738524438 ] ], [ [ -107.294636390193673, 43.376051416482056 ], [ -107.11733679967989, 43.497076112720293 ], [ -107.177431494181519, 43.666499411509207 ], [ -107.375405595537842, 43.501800184627143 ], [ -107.294636390193673, 43.376051416482056 ] ], [ [ -111.004692214228044, 43.213909750573706 ], [ -110.92344860276711, 43.231605382760947 ], [ -111.017082973401159, 43.354162304445815 ], [ -111.020026436551575, 43.527916117093739 ], [ -111.199335128263399, 43.488037671215849 ], [ -111.224232462396955, 43.42321813419278 ], [ -111.004692214228044, 43.213909750573706 ] ], [ [ -94.342271232558119, 43.943974156031601 ], [ -94.330250269824077, 43.952544322893743 ], [ -94.342155145943138, 43.961198741690723 ], [ -94.346200862713857, 43.952600671095723 ], [ -94.342271232558119, 43.943974156031601 ] ], [ [ -94.282153966567137, 43.986807276078359 ], [ -94.222327231343428, 43.986569855308446 ], [ -94.210290491027138, 43.995129959855049 ], [ -94.282027213943323, 44.00402696220219 ], [ -94.282153966567137, 43.986807276078359 ] ], [ [ -110.99824350792818, 43.541382667878693 ], [ -110.797701074006369, 43.720674788059924 ], [ -110.893278801470132, 44.001972999008785 ], [ -110.9985002162299, 43.877189555470899 ], [ -110.99824350792818, 43.541382667878693 ] ], [ [ -90.019850663025039, 44.249468123764871 ], [ -89.654518366866313, 44.342677735467944 ], [ -89.23941404598736, 44.248814106976567 ], [ -88.99038967310436, 44.391543766803771 ], [ -88.654068806949965, 44.933977830895003 ], [ -88.348350775934179, 44.981396448943634 ], [ -88.216575327223097, 45.132946476644527 ], [ -88.214472843432262, 45.034482782965426 ], [ -87.993963608359479, 44.86167631524517 ], [ -87.849513776103919, 45.064010730941746 ], [ -87.970758925629298, 45.178271260313608 ], [ -88.335575222173816, 45.295239431447158 ], [ -88.699547834293682, 45.621004897120415 ], [ -89.17206179815318, 45.663478360690746 ], [ -89.406029008392949, 46.034663138383429 ], [ -89.863714718785516, 46.054318045621272 ], [ -90.404547817530741, 46.253006497982661 ], [ -90.916082974392708, 46.048032332179417 ], [ -90.843902511708635, 45.812847682269023 ], [ -91.169518336348091, 45.530122030746568 ], [ -91.345281393991996, 45.703829060180198 ], [ -91.305303458993592, 45.843416469353102 ], [ -91.104622409577729, 46.07310393348898 ], [ -90.950915272710688, 46.091196270077049 ], [ -91.010246058220744, 46.134840661752847 ], [ -90.819231564882131, 46.300424142382077 ], [ -90.855936827219637, 46.440934179186584 ], [ -90.321126786873947, 46.695342423512763 ], [ -89.791690511662296, 46.800348597517655 ], [ -89.373568449817128, 46.982985129219507 ], [ -89.404889499678717, 47.383739159811441 ], [ -89.274427374051243, 47.485071920377898 ], [ -89.534461414424101, 47.500726387315026 ], [ -89.513863417537721, 47.843940384014402 ], [ -89.263462156040703, 47.857913384198788 ], [ -89.155611548131731, 47.69143471306387 ], [ -89.160646663597021, 47.515379756570653 ], [ -88.792400867824853, 47.445520145693038 ], [ -88.65137950858778, 47.508306157519002 ], [ -88.4774787208313, 48.172817474770454 ], [ -88.222464825708116, 48.427330045578032 ], [ -87.788760810031789, 48.587433541246938 ], [ -87.858590915753211, 48.777041822291643 ], [ -88.438035123711984, 48.914685356545547 ], [ -88.697817889824734, 48.812785015540889 ], [ -89.201358713348981, 48.827590892317389 ], [ -89.39569726510156, 48.745758983184949 ], [ -89.348266770934686, 48.698747481408695 ], [ -89.49678824086385, 48.536419016130417 ], [ -89.505694395618079, 48.390895002544454 ], [ -89.740419931165434, 48.240026988826855 ], [ -90.286029281231265, 48.347907237331306 ], [ -90.2835742062978, 48.514447869458252 ], [ -90.526313235773387, 48.686240537226844 ], [ -90.968857510559474, 48.782624470345844 ], [ -91.077547750310742, 48.531208120554822 ], [ -91.037293701120433, 48.280526290003124 ], [ -90.511457090476341, 48.10267940687131 ], [ -90.943401585621302, 47.95299557586182 ], [ -91.774951908453389, 47.387645091328068 ], [ -92.145203638976568, 47.449946382308596 ], [ -92.262745296403907, 47.359207702223685 ], [ -92.214706773395164, 47.205129988473345 ], [ -92.523159884915742, 47.244938813948508 ], [ -92.776898096718185, 46.995431100415971 ], [ -93.021719977517961, 47.099071558909216 ], [ -93.362276398620196, 47.070594639249911 ], [ -93.69441898040013, 47.18455165758516 ], [ -93.760305683782519, 47.346787885637767 ], [ -94.007867633128882, 47.383865147886766 ], [ -94.101548372922053, 46.681122061784848 ], [ -94.018152268704881, 46.418671726626471 ], [ -93.602941658927492, 46.276460791229255 ], [ -93.543970777544274, 46.127701678103691 ], [ -93.331361530930778, 46.041166448616977 ], [ -93.416928524400063, 46.041878967363779 ], [ -93.413105150223373, 45.905997310226624 ], [ -93.243641950731202, 45.828066575700277 ], [ -93.576790109787297, 45.575565041521017 ], [ -93.541736342034639, 45.481601313426836 ], [ -93.311837460666652, 45.424330866986082 ], [ -93.247789496477338, 45.274493074771513 ], [ -93.404353387547033, 44.97684880226474 ], [ -93.069218308877453, 44.809034965980523 ], [ -92.705047550820908, 44.897028941620647 ], [ -92.531759611395046, 44.588608964995096 ], [ -91.962542656419345, 44.499586233627227 ], [ -91.628809590817795, 44.581189124819382 ], [ -91.36311427901191, 44.44112720921931 ], [ -91.152564739323111, 44.443416085601115 ], [ -91.104978494485579, 44.579767095953869 ], [ -91.463666959087305, 44.651087427322963 ], [ -91.234347392349605, 44.65955273444807 ], [ -91.138871245428788, 44.78619322451123 ], [ -91.067134197968372, 44.621875509438837 ], [ -90.935970226347962, 44.589099295384131 ], [ -90.659426899252821, 44.7116233454217 ], [ -90.490523725003115, 44.454606032803767 ], [ -90.192474582318681, 44.400049227791669 ], [ -90.019850663025039, 44.249468123764871 ] ], [ [ -91.408236428598954, 44.52138610048533 ], [ -91.27042347664036, 44.505860503215061 ], [ -91.251889030900998, 44.518367712808882 ], [ -91.329572935542956, 44.532754318779126 ], [ -91.408236428598954, 44.52138610048533 ] ], [ [ -91.466806386361753, 44.56538359104556 ], [ -91.449231487978125, 44.552189151439521 ], [ -91.430711310189565, 44.564709823491398 ], [ -91.448285788892349, 44.577905231311945 ], [ -91.466806386361753, 44.56538359104556 ] ], [ [ -91.51640167539901, 44.609184912939199 ], [ -91.507838798026995, 44.596164755209159 ], [ -91.489317784146778, 44.608687361942202 ], [ -91.506908280989506, 44.62187338311746 ], [ -91.51640167539901, 44.609184912939199 ] ], [ [ -93.408277764708288, 45.467767093077853 ], [ -93.32952889587628, 45.454319973825733 ], [ -93.31070246626004, 45.488243111962937 ], [ -93.358723183732991, 45.522735298812734 ], [ -93.408277764708288, 45.467767093077853 ] ], [ [ -93.346045458209531, 45.552440918201455 ], [ -93.248762343647712, 45.551585343718884 ], [ -93.29564546747622, 45.649914029653218 ], [ -93.405419500919749, 45.638081927437611 ], [ -93.346045458209531, 45.552440918201455 ] ], [ [ -93.338219364277649, 45.998786227209024 ], [ -93.320120372579836, 45.985898255878602 ], [ -93.27102160201207, 45.99820244196593 ], [ -93.289116158341045, 46.011093971523437 ], [ -93.338219364277649, 45.998786227209024 ] ], [ [ -93.183854292707053, 46.082276724647393 ], [ -93.165760609748816, 46.069382489654046 ], [ -93.147170515191561, 46.081932400991676 ], [ -93.165264199419966, 46.094827331735303 ], [ -93.183854292707053, 46.082276724647393 ] ], [ [ -93.120165638138701, 46.208873816420343 ], [ -93.102056296519507, 46.195986107425547 ], [ -93.08343284760744, 46.208517876028786 ], [ -93.101541956942071, 46.221406422693413 ], [ -93.120165638138701, 46.208873816420343 ] ], [ [ -93.455881775848781, 46.275358178092915 ], [ -93.437713291291573, 46.262507847379304 ], [ -93.419121311044321, 46.275065327490232 ], [ -93.437289604115321, 46.287916490709222 ], [ -93.455881775848781, 46.275358178092915 ] ], [ [ -91.332574024917875, 46.501165200934153 ], [ -91.29573653225097, 46.500475651509134 ], [ -91.311983212888052, 46.555753978591547 ], [ -91.361627179746421, 46.543993571287913 ], [ -91.332574024917875, 46.501165200934153 ] ], [ [ -91.109744610383018, 46.68709936253957 ], [ -91.061244165024902, 46.669242661037842 ], [ -91.035921574161137, 46.685632192907207 ], [ -91.059813675153094, 46.703003999310368 ], [ -91.109744610383018, 46.68709936253957 ] ], [ [ -90.569897376232475, 47.160648440929677 ], [ -89.997320340019343, 47.558963575306592 ], [ -89.81284114044044, 47.960625764296914 ], [ -90.130611176339556, 47.974096437709548 ], [ -90.864213150807274, 47.635293133183879 ], [ -90.83666803649399, 47.557143006519411 ], [ -91.035039467252162, 47.569545596763177 ], [ -90.569897376232475, 47.160648440929677 ] ], [ [ -91.424390312368928, 44.410090288422651 ], [ -91.412215982371592, 44.41415469284992 ], [ -91.423914785790117, 44.422964341883358 ], [ -91.430239835382622, 44.414494811725589 ], [ -91.424390312368928, 44.410090288422651 ] ], [ [ -91.36432308322297, 44.408948834463516 ], [ -91.358154188276359, 44.41312499661997 ], [ -91.363839574333895, 44.421822874704823 ], [ -91.376177687205086, 44.413469871353641 ], [ -91.36432308322297, 44.408948834463516 ] ], [ [ -107.202265854577533, 44.312101247106334 ], [ -107.074883649094744, 44.386028618319429 ], [ -107.222242758814303, 44.470145231252566 ], [ -107.251596736873793, 44.396220780768154 ], [ -107.202265854577533, 44.312101247106334 ] ], [ [ -109.413945188772075, 44.176963610788739 ], [ -109.232554187445217, 44.173228820865305 ], [ -109.150531698888358, 44.28513190178203 ], [ -109.255297612592585, 44.327714600932694 ], [ -109.441442520722745, 44.219867615103759 ], [ -109.413945188772075, 44.176963610788739 ] ], [ [ -109.269402726152606, 44.254576524351378 ], [ -109.242716124863307, 44.242334672428754 ], [ -109.216980975634129, 44.280137109430292 ], [ -109.24982758918685, 44.290618650129986 ], [ -109.269402726152606, 44.254576524351378 ] ], [ [ -91.172426638822344, 44.701181501199201 ], [ -91.160034357306927, 44.709504478523343 ], [ -91.171745876813191, 44.718311844213048 ], [ -91.184138531796748, 44.709988282488979 ], [ -91.172426638822344, 44.701181501199201 ] ], [ [ -110.809146659432727, 44.225100048365562 ], [ -110.81389301295691, 44.254124116709328 ], [ -110.836838839006646, 44.237485861337234 ], [ -110.809146659432727, 44.225100048365562 ] ], [ [ -113.081232390421974, 44.091983291017513 ], [ -113.064643496307454, 44.166724140869931 ], [ -113.131321136155094, 44.198039939027232 ], [ -113.142962485750942, 44.159176276633545 ], [ -113.081232390421974, 44.091983291017513 ] ], [ [ -109.219493288770337, 44.494555350626655 ], [ -109.155824999892062, 44.629899241646385 ], [ -109.313803097673002, 44.661147164524472 ], [ -109.335662089156287, 44.831764295064843 ], [ -109.191407264756037, 44.993101623250347 ], [ -109.211946331265608, 45.163424957795385 ], [ -109.467818968361868, 45.340274664667412 ], [ -109.837375115383509, 45.352128833108068 ], [ -110.046335956675932, 45.035167218023773 ], [ -109.923672050434277, 45.001783432159911 ], [ -110.006976438239832, 44.952233153731164 ], [ -109.961402298341937, 44.826678986222994 ], [ -109.799963331933469, 44.839295656476544 ], [ -109.894726110221768, 45.004043351915151 ], [ -109.785945004945745, 45.031487291762794 ], [ -109.380435676017683, 44.785339138203277 ], [ -109.454062876447608, 44.647074172367098 ], [ -109.698077156233694, 44.588663539684703 ], [ -109.464637790470832, 44.516047248948247 ], [ -109.414824167004681, 44.58740882911259 ], [ -109.219493288770337, 44.494555350626655 ] ], [ [ -109.396255039628358, 44.827193533576406 ], [ -109.236104906162737, 45.011269187831509 ], [ -109.251682224373724, 45.119675772867978 ], [ -109.447779920725949, 45.007737408044619 ], [ -109.396255039628358, 44.827193533576406 ] ], [ [ -109.878462701476039, 45.13427418821292 ], [ -109.861904161709091, 45.128529505393047 ], [ -109.855250103729617, 45.136077233503414 ], [ -109.863506429415722, 45.138799256265791 ], [ -109.878462701476039, 45.13427418821292 ] ], [ [ -109.414055683696688, 45.169794789786984 ], [ -109.378654865589567, 45.15432362316276 ], [ -109.366104048191374, 45.173396076341106 ], [ -109.383393083210947, 45.185696187398214 ], [ -109.414055683696688, 45.169794789786984 ] ], [ [ -113.16267293073264, 44.20390440018452 ], [ -113.155419877841751, 44.244718752896929 ], [ -113.24481918591745, 44.318443376756584 ], [ -113.262044838848027, 44.277758883964943 ], [ -113.16267293073264, 44.20390440018452 ] ], [ [ -109.860206529576928, 44.530726975799595 ], [ -109.722102819361808, 44.586799918990863 ], [ -109.730200246931105, 44.737038114804157 ], [ -109.867178220986318, 44.77161234140808 ], [ -110.067614073226309, 44.602790039022878 ], [ -109.900099956048962, 44.637585077018855 ], [ -109.860206529576928, 44.530726975799595 ] ], [ [ -110.132753367934981, 44.531648553425171 ], [ -110.075970417527387, 44.555629102134397 ], [ -110.078827936481787, 44.573859194407476 ], [ -110.158423471609268, 44.552406294213441 ], [ -110.132753367934981, 44.531648553425171 ] ], [ [ -112.949388771561459, 44.358316592115756 ], [ -112.868904546358337, 44.402107633330495 ], [ -113.037117427669045, 44.645752810182458 ], [ -113.126509495101146, 44.655380585837513 ], [ -113.067260348392225, 44.426521313685086 ], [ -112.949388771561459, 44.358316592115756 ] ], [ [ -113.024030725827345, 44.430655480559729 ], [ -113.005645619764039, 44.432409785423175 ], [ -113.029896101654387, 44.464733441181906 ], [ -113.028062880834753, 44.451919176189051 ], [ -113.024030725827345, 44.430655480559729 ] ], [ [ -113.048167169120148, 44.558198200432365 ], [ -113.046652609195007, 44.55401546946608 ], [ -113.046939947836279, 44.558315314827965 ], [ -113.048167169120148, 44.558198200432365 ] ], [ [ -111.550310692577654, 44.496646574553573 ], [ -111.415270488168161, 44.577177458898866 ], [ -111.539214073157325, 44.608307282434566 ], [ -111.910507382634165, 44.533584487861319 ], [ -111.550310692577654, 44.496646574553573 ] ], [ [ -111.835395791801076, 44.540282637212066 ], [ -111.830260734854164, 44.538056938812268 ], [ -111.825837738461843, 44.541132730985495 ], [ -111.831117635756272, 44.542951478364152 ], [ -111.835395791801076, 44.540282637212066 ] ], [ [ -111.696595585666145, 44.55257832435899 ], [ -111.648794418409167, 44.540502161779152 ], [ -111.619053900296976, 44.559402075989226 ], [ -111.653110520092653, 44.565418053402581 ], [ -111.696595585666145, 44.55257832435899 ] ], [ [ -111.537417168187503, 44.566550076893165 ], [ -111.531374832549872, 44.562757568120176 ], [ -111.526796202324164, 44.567477376943131 ], [ -111.532323803063235, 44.568275171877822 ], [ -111.537417168187503, 44.566550076893165 ] ], [ [ -113.904373635278588, 44.282512396143929 ], [ -113.878528363612077, 44.347032020143686 ], [ -113.92292089677872, 44.376994900316532 ], [ -113.950615224779909, 44.339792589903645 ], [ -113.904373635278588, 44.282512396143929 ] ], [ [ -113.32665322040954, 44.430199795964668 ], [ -113.323201608270949, 44.445152638841819 ], [ -113.330538725502549, 44.450594766032509 ], [ -113.337427779459702, 44.44377091349773 ], [ -113.32665322040954, 44.430199795964668 ] ], [ [ -111.54138550008112, 44.620912745256014 ], [ -111.512717883552483, 44.630609523642256 ], [ -111.487332826385298, 44.659443938226474 ], [ -111.548555072447698, 44.662505903741106 ], [ -111.54138550008112, 44.620912745256014 ] ], [ [ -111.400832512382522, 44.685973286659021 ], [ -111.287420273985859, 44.717706969846809 ], [ -111.429985105082139, 44.834827460783174 ], [ -111.348860156874508, 44.915084491331214 ], [ -111.210540354214444, 44.817007357183513 ], [ -111.064807126295875, 44.866003267958725 ], [ -111.154275678230178, 44.987667823561807 ], [ -111.40053656650592, 45.031249465231866 ], [ -111.350000985032949, 45.186186079085161 ], [ -111.404655483605111, 45.224513493701103 ], [ -111.229086919977931, 45.284056827907065 ], [ -111.081747900876948, 45.135230271619278 ], [ -110.817747242188517, 45.402668115686637 ], [ -110.895426050527604, 45.567851322473871 ], [ -111.32042949612989, 45.459989143371558 ], [ -111.742997538418948, 45.496035143066614 ], [ -111.552536720559146, 45.340748694589287 ], [ -111.593181292526907, 45.229774008478927 ], [ -111.468599053147443, 45.132997757412774 ], [ -111.567522701377527, 44.995292523514372 ], [ -111.428610401293923, 44.791823821607629 ], [ -111.473611723262408, 44.701640627859632 ], [ -111.400832512382522, 44.685973286659021 ] ], [ [ -111.389502455210902, 44.752066993456225 ], [ -111.380318381470317, 44.743567422820831 ], [ -111.375436640768541, 44.753279993230819 ], [ -111.383081166973483, 44.759726075078127 ], [ -111.389502455210902, 44.752066993456225 ] ], [ [ -111.12729385821477, 45.248060085384203 ], [ -111.100044831840819, 45.243366757461835 ], [ -111.089901534481655, 45.294172404006062 ], [ -111.121343116331772, 45.291532340322661 ], [ -111.12729385821477, 45.248060085384203 ] ], [ [ -111.384892261966456, 45.312169601484563 ], [ -111.355674522304696, 45.309773062733349 ], [ -111.295281766531815, 45.319801429753952 ], [ -111.425627813573612, 45.360903272954147 ], [ -111.384892261966456, 45.312169601484563 ] ], [ [ -111.181850591816385, 45.329399547465769 ], [ -111.164303442147343, 45.373826252969351 ], [ -111.18530096514975, 45.385417481309318 ], [ -111.199924576179029, 45.37082511209411 ], [ -111.181850591816385, 45.329399547465769 ] ], [ [ -111.061368385659193, 45.33951873854722 ], [ -110.993949515440534, 45.33827586662418 ], [ -110.925875759094794, 45.393738238380216 ], [ -110.999826530610434, 45.387595450351576 ], [ -111.061368385659193, 45.33951873854722 ] ], [ [ -114.387322822811029, 44.423438605156953 ], [ -114.334777732224026, 44.430857469589384 ], [ -114.370387966969204, 44.490063350938009 ], [ -114.399691909199177, 44.467546968133973 ], [ -114.387322822811029, 44.423438605156953 ] ], [ [ -110.845558846160955, 44.814712041908862 ], [ -110.840121163559644, 44.992480422645514 ], [ -110.955104746450189, 45.112001144420582 ], [ -111.075844942735188, 45.100274053146322 ], [ -110.951799456059149, 44.832412031096261 ], [ -110.845558846160955, 44.814712041908862 ] ], [ [ -110.875850362650056, 44.967985545821023 ], [ -110.870822409328625, 44.967026365579805 ], [ -110.8696358077963, 44.968502899095206 ], [ -110.87126552660915, 44.969692144664741 ], [ -110.875850362650056, 44.967985545821023 ] ], [ [ -111.876870688092936, 44.803322395371758 ], [ -111.709765733731444, 44.896693934292529 ], [ -111.948728252422342, 45.208465398365178 ], [ -111.999250826932808, 45.129591581084803 ], [ -111.899831208326063, 45.095357158129261 ], [ -111.948992672883335, 44.918661969147088 ], [ -111.876870688092936, 44.803322395371758 ] ], [ [ -111.837811248745268, 44.885412390434411 ], [ -111.801605808330265, 44.974813373998423 ], [ -111.848030525588001, 44.984760664570587 ], [ -111.874068625401009, 44.925314303601994 ], [ -111.837811248745268, 44.885412390434411 ] ], [ [ -113.794953692016179, 44.65331683011393 ], [ -113.770605402070757, 44.660985671494274 ], [ -113.803044027454447, 44.694540910565664 ], [ -113.807234408404142, 44.657351291754232 ], [ -113.794953692016179, 44.65331683011393 ] ], [ [ -113.674688731243407, 44.66037255118836 ], [ -113.677343131021075, 44.67399048031799 ], [ -113.690544461265972, 44.668902779589878 ], [ -113.674688731243407, 44.66037255118836 ] ], [ [ -113.19676972082965, 44.705282117274805 ], [ -113.112207153993552, 44.740513729740741 ], [ -113.103732131118136, 44.790666515138042 ], [ -113.157022807500141, 44.816391974320368 ], [ -113.19676972082965, 44.705282117274805 ] ], [ [ -113.149941197624727, 44.764653857134512 ], [ -113.146734213998698, 44.762182852946069 ], [ -113.143665100140453, 44.765253837833129 ], [ -113.147855337432219, 44.768093866904692 ], [ -113.149941197624727, 44.764653857134512 ] ], [ [ -113.806793696717904, 44.713631099920022 ], [ -113.810170896893183, 44.743570076784927 ], [ -113.813278855544382, 44.746625176240336 ], [ -113.819597059932306, 44.742634661864052 ], [ -113.806793696717904, 44.713631099920022 ] ], [ [ -110.333764335691654, 45.032384490366901 ], [ -109.981366922439676, 45.340954284464566 ], [ -110.138059601469052, 45.332960631767435 ], [ -110.198116387455244, 45.280996144350645 ], [ -110.129900534927501, 45.243450014180951 ], [ -110.299323630667658, 45.197069950837687 ], [ -110.349862099163971, 45.311851956144324 ], [ -110.243101778542297, 45.427627550054154 ], [ -110.415926871383164, 45.539926057266698 ], [ -110.575265395712435, 45.379553458176851 ], [ -110.490970871039195, 45.300514389035264 ], [ -110.547918590045597, 45.225751793290861 ], [ -110.681255530199039, 45.294404810743856 ], [ -110.850775386368227, 45.185173051320248 ], [ -110.546991576496453, 45.03344554238047 ], [ -110.412467415234772, 45.142729453872946 ], [ -110.333764335691654, 45.032384490366901 ] ], [ [ -113.466333737890281, 44.841372698485948 ], [ -113.437073166293885, 44.847590775067864 ], [ -113.421874450936514, 44.868068346761348 ], [ -113.475577530378615, 44.889162190994348 ], [ -113.466333737890281, 44.841372698485948 ] ], [ [ -104.216804127064165, 45.522119660972479 ], [ -103.867422920461635, 45.590783982594523 ], [ -103.873020498293329, 45.63318204124829 ], [ -104.076571356094391, 45.64836712723546 ], [ -104.216804127064165, 45.522119660972479 ] ], [ [ -105.362296013336277, 45.68623829806485 ], [ -105.361049831604518, 45.68725317715041 ], [ -105.362554393634412, 45.688595048279062 ], [ -105.364134356849206, 45.687088127324017 ], [ -105.362296013336277, 45.68623829806485 ] ], [ [ -113.579093874519216, 45.107653773406682 ], [ -113.570607589483373, 45.112551844796307 ], [ -113.582218216429339, 45.123639468815369 ], [ -113.586245451242831, 45.111030085416616 ], [ -113.579093874519216, 45.107653773406682 ] ], [ [ -110.149334834840516, 45.403580752002647 ], [ -110.120292651616978, 45.413015480452373 ], [ -110.108672458969679, 45.416787963875088 ], [ -110.153285265309535, 45.428290529869905 ], [ -110.149334834840516, 45.403580752002647 ] ], [ [ -105.614443101436095, 45.756010147568176 ], [ -105.450311964841461, 45.929706832178468 ], [ -105.324381705931827, 45.898098786365253 ], [ -105.092279610871586, 46.016711353121146 ], [ -104.754417410403875, 46.008385225420895 ], [ -104.784742521405434, 45.887671770320232 ], [ -104.523072826499032, 45.841039356616314 ], [ -104.342631274644248, 45.99452835973419 ], [ -104.407814218564056, 46.033931961356373 ], [ -104.304535682453917, 46.166415912195589 ], [ -104.391260834523735, 46.480575042457914 ], [ -104.04938629028932, 46.636375966375347 ], [ -103.947686193716052, 46.903183855631518 ], [ -104.422782495243979, 46.974089837186497 ], [ -104.508467674071326, 47.024888115045101 ], [ -104.468716290241332, 47.132272213947111 ], [ -104.75469779025525, 47.244950449869208 ], [ -104.401409555366229, 47.674113147258254 ], [ -104.440083072632802, 47.806600755671141 ], [ -104.191067580458963, 48.061090598638259 ], [ -104.246039314402879, 48.108802706678773 ], [ -104.140176500717615, 48.23903138151217 ], [ -103.848751211819291, 48.210141510890814 ], [ -103.790480980748981, 48.44854444083601 ], [ -103.762984874480338, 48.360027866498683 ], [ -103.522261462235065, 48.272134461996302 ], [ -103.206505869803919, 48.249620074109927 ], [ -103.323823568214948, 48.399296197938753 ], [ -103.276534132650823, 48.56795151129861 ], [ -103.373989361462975, 48.701368430393522 ], [ -103.252717503226478, 48.753423209854247 ], [ -102.863437499820677, 48.630033890272685 ], [ -102.547992562292137, 48.62316733825493 ], [ -102.102652157349624, 48.961086140114439 ], [ -101.830426532056123, 49.036630437065654 ], [ -101.9408865451841, 49.074402368796513 ], [ -101.849419890979561, 49.118887819440118 ], [ -101.283017304374724, 48.985594450642395 ], [ -101.068875265140719, 49.01894830131485 ], [ -101.116778773928615, 49.07969973707219 ], [ -100.85065014008272, 49.232292782211118 ], [ -100.856116780001244, 49.31485164681861 ], [ -100.630857603110229, 49.362404156061686 ], [ -100.673132948133428, 49.526418586427141 ], [ -100.4542838594313, 49.738331936565679 ], [ -100.496410324179266, 49.9018195585125 ], [ -100.266244457514276, 50.318025172961697 ], [ -100.083726132127325, 50.486143576361542 ], [ -99.885405393505025, 50.558216221854281 ], [ -99.559176519532997, 50.469399120087161 ], [ -99.501085205053329, 50.58709257446408 ], [ -99.311384712811019, 50.652243950733173 ], [ -98.461777375560615, 50.331921507270501 ], [ -98.237714256044583, 50.341253874397346 ], [ -97.953603515763504, 50.471150564496639 ], [ -97.464758735959961, 50.217544514637169 ], [ -96.854800755540182, 50.135657880678984 ], [ -96.434154268979171, 49.83720184608913 ], [ -96.083674938073017, 49.843412298667509 ], [ -96.039839008971995, 49.909382358147369 ], [ -96.135783972112193, 49.929424912688191 ], [ -96.15025101016451, 50.058647515669861 ], [ -96.067114303054865, 50.052930830586178 ], [ -96.021089606379235, 49.942332072894345 ], [ -95.895059710631159, 50.097822745248997 ], [ -95.447424551140585, 50.068484915948204 ], [ -95.000096232801582, 50.225736697541251 ], [ -94.776212323724963, 50.153918659276378 ], [ -94.648071616328124, 50.204963596025173 ], [ -94.488629054623402, 50.108324316743364 ], [ -94.168635373978333, 50.142156365033813 ], [ -93.717832669187032, 50.350805243534261 ], [ -93.686802698336308, 50.283091377417037 ], [ -93.271453199342389, 50.228926666121559 ], [ -93.018666724776139, 50.083251809236643 ], [ -92.521267043607693, 50.041075756455214 ], [ -92.199826754945676, 49.704126085060288 ], [ -91.833652274660324, 49.620663021410422 ], [ -91.962199897465197, 49.581363126959147 ], [ -91.834716502623962, 49.414488152903488 ], [ -91.511417698633096, 49.407261172904356 ], [ -91.495374721440555, 49.491587819271921 ], [ -91.301529590188096, 49.570717804488098 ], [ -91.552381516114508, 49.657412692234736 ], [ -91.281489756838226, 50.04339412982916 ], [ -91.114541648621838, 50.060907433629311 ], [ -91.080680357291783, 50.244794510003601 ], [ -90.889637582686433, 50.220688114696578 ], [ -90.81973118670021, 50.342187126006692 ], [ -90.691584220497262, 50.339625854658337 ], [ -90.172951032379842, 50.667749484789397 ], [ -90.139602488301563, 50.858631109188146 ], [ -89.78504259790418, 50.69332947019695 ], [ -89.699292201524855, 50.725902243175526 ], [ -89.770857419371737, 50.503064851842858 ], [ -89.712745727713013, 50.481187748055156 ], [ -89.849992011127995, 50.361819884870677 ], [ -89.808452865506951, 50.305531291702557 ], [ -89.583972402440111, 50.30606245264196 ], [ -89.458454299062396, 50.413361186661504 ], [ -89.515308807798874, 50.680461511308394 ], [ -89.796061879721094, 50.830204104920064 ], [ -89.764070944193946, 50.931253971831296 ], [ -90.069862253353492, 51.506745932209057 ], [ -90.018196737016211, 51.748128793961648 ], [ -90.080961836819156, 51.789915306132556 ], [ -89.845892722127843, 51.819216885548833 ], [ -89.704227617744607, 51.994837614512107 ], [ -89.494700969151808, 51.997752694920152 ], [ -89.455363402421256, 52.097412307165264 ], [ -89.704164690203754, 52.304476284010939 ], [ -89.311789601654993, 52.615458973313608 ], [ -89.470922042974394, 52.699457092655145 ], [ -89.409498740478796, 52.777862711051895 ], [ -89.67425764256555, 52.904066460010704 ], [ -89.622371519998211, 53.022430802507863 ], [ -89.684350071574315, 53.222882819604109 ], [ -89.837151282676942, 53.325738558274061 ], [ -89.844873789800516, 53.413225383971799 ], [ -90.461498686885918, 53.689684050570285 ], [ -90.682343482814645, 53.680118066022779 ], [ -91.007754263916524, 53.982037348037935 ], [ -91.375166773983494, 54.153414099800983 ], [ -91.891162308050113, 54.69131948153273 ], [ -92.767740552882316, 55.120795147582889 ], [ -92.94160439116007, 55.355213274591065 ], [ -92.946563359064015, 55.510117370469452 ], [ -93.964807576579858, 56.309369667132138 ], [ -94.792236774309856, 56.601889321074538 ], [ -95.902880534852159, 56.767962060415613 ], [ -96.098665685706465, 56.858455897702129 ], [ -96.113772226530102, 56.938174682650043 ], [ -96.322233291527596, 56.918163510254587 ], [ -96.450006815548619, 57.046485635447134 ], [ -96.561529273676044, 57.045812026457867 ], [ -96.527464377230956, 57.083933097620658 ], [ -98.615547147035485, 57.062401436974298 ], [ -97.913623684389123, 56.682612798575548 ], [ -97.614384736262892, 56.656743725609253 ], [ -94.955501376569231, 55.86619272002315 ], [ -94.70638963299308, 55.518742343498765 ], [ -93.844104210985137, 55.173159979063954 ], [ -93.883279015921886, 55.128674089531103 ], [ -93.733909560227971, 55.050172342343515 ], [ -93.705305354689045, 54.933253550544379 ], [ -93.930338437165432, 54.836954568473232 ], [ -93.830244152353885, 54.7389374102628 ], [ -93.874758837929093, 54.700107010614261 ], [ -93.404860280490482, 54.540998986931569 ], [ -93.532190875766332, 54.404763515342012 ], [ -93.183171245375092, 54.355255138978769 ], [ -93.299074969958042, 54.285509310047999 ], [ -92.984319757797778, 54.235876838123957 ], [ -92.469034441440627, 53.746351066497468 ], [ -92.327774486482497, 53.776342716833277 ], [ -91.963937618020992, 53.502881607206945 ], [ -92.140895912838232, 52.82933858377784 ], [ -92.391502418006183, 52.840370147640229 ], [ -92.426394895507173, 52.780910477367257 ], [ -92.489928698525844, 52.861437833047944 ], [ -93.809805838389678, 52.952029756071624 ], [ -93.973665839996841, 53.0683036960857 ], [ -94.14939850929305, 53.04515812601732 ], [ -94.158096709954663, 53.164514085906674 ], [ -94.072224447488182, 53.136351446355732 ], [ -93.958440766909803, 53.223286856684702 ], [ -94.302808148953929, 53.298063931015349 ], [ -94.735195770310796, 53.074460446982897 ], [ -94.834494135894161, 53.09444613839041 ], [ -95.000099403584642, 52.955177114212887 ], [ -95.086124420861069, 53.006938097559946 ], [ -95.019963098123952, 53.04676134225241 ], [ -95.099535818944503, 53.154132997658699 ], [ -95.465270886245264, 53.352221659546061 ], [ -95.551202418534487, 53.284574043820015 ], [ -95.731616575767021, 53.410999515735043 ], [ -95.732335019147968, 53.490242129483519 ], [ -95.852071493413661, 53.481906057036539 ], [ -95.826055059001931, 53.541395450010967 ], [ -95.954016108010222, 53.659565589478206 ], [ -96.636548545882533, 53.762376091849127 ], [ -96.71398760195973, 53.635364601805392 ], [ -96.801295774948358, 53.66236784304013 ], [ -96.97875888943247, 53.554101029314126 ], [ -97.403311164865329, 53.193058435079308 ], [ -97.452557916749143, 52.754321114240128 ], [ -97.277596006162426, 51.974287731982471 ], [ -98.024927925629115, 51.945145894805272 ], [ -98.203879324549774, 52.011061530513111 ], [ -98.236572132129396, 52.123224897556788 ], [ -98.717145753840811, 52.520929419712758 ], [ -99.080027070818588, 52.539937158356487 ], [ -99.19815771284847, 52.468319648717653 ], [ -99.316113507731416, 52.144967091298419 ], [ -99.290589572290372, 51.90393625026956 ], [ -99.22431076909767, 51.885066796029577 ], [ -99.262617974595287, 51.803667292164896 ], [ -99.124313220803998, 51.644804222589485 ], [ -99.267625155233773, 51.581412829649764 ], [ -99.269005451381162, 51.480239085950977 ], [ -99.389248534494925, 51.542595580882988 ], [ -99.540261783472275, 51.326870561218307 ], [ -100.343457674130704, 51.201019871386883 ], [ -100.422125204730662, 50.910350659453499 ], [ -100.620392822375536, 50.880818496748091 ], [ -100.670578456631475, 50.76129338600164 ], [ -100.93082327897541, 50.795026925325999 ], [ -101.244096708812123, 50.667793434827018 ], [ -101.19465192888444, 50.518063934385957 ], [ -101.293445581070884, 50.461997642768097 ], [ -101.421387276719074, 50.454085071155944 ], [ -101.559497486798463, 50.580047938684551 ], [ -101.889497925215437, 50.682266095319306 ], [ -101.966491774308253, 50.678137454572138 ], [ -101.9213619245335, 50.597904351526573 ], [ -102.015247859501244, 50.643866978672889 ], [ -102.078527753763538, 50.551870287924075 ], [ -102.045792802156285, 50.348327678814726 ], [ -102.259563791685878, 50.218137302033028 ], [ -102.158336291527547, 50.098464573235006 ], [ -102.268214098749937, 50.053635556984524 ], [ -102.169131618376369, 50.015938191000345 ], [ -102.219309773279292, 49.849711036555988 ], [ -102.389022671092789, 49.742907897714964 ], [ -102.64525605602303, 49.756379760279813 ], [ -102.908807808441736, 49.849579335924346 ], [ -102.998524327823588, 50.027198656873061 ], [ -102.951814875487258, 50.111142096098497 ], [ -103.068676354470483, 50.197036185225429 ], [ -103.443558853718173, 50.096154645145639 ], [ -103.703377201887605, 50.132164789487121 ], [ -103.695043080599049, 50.048949054159365 ], [ -103.805630791048856, 50.09779573425331 ], [ -103.846206949765758, 50.526719071359658 ], [ -103.608254475981028, 50.57738011165651 ], [ -103.505883171830476, 50.730665146697362 ], [ -103.140844487208, 50.759154172538686 ], [ -103.110601470897251, 50.882693847864132 ], [ -103.24330301585087, 50.918406961508467 ], [ -103.244228639380026, 51.028365100873742 ], [ -103.468741474566201, 50.909635355564745 ], [ -104.104733652005876, 51.203310518953629 ], [ -104.462266254851585, 51.208280624733881 ], [ -104.765868926576374, 51.025801519146839 ], [ -105.145888572134339, 51.061195007933705 ], [ -105.419778358092231, 51.373620207522535 ], [ -105.626531527739047, 51.465107933132991 ], [ -105.588618639252275, 51.750670093177213 ], [ -105.3311594906896, 51.783218425666576 ], [ -105.376345094345311, 51.962953129355405 ], [ -105.484157100079216, 52.038564444387333 ], [ -105.396367553117514, 52.12338849089776 ], [ -105.509067621004647, 52.520358439299095 ], [ -105.426392908181299, 52.804826853309251 ], [ -105.071055062747888, 53.036880329233156 ], [ -104.549792520308145, 53.11941398320883 ], [ -104.197487725039764, 53.058301039703238 ], [ -103.843601759994073, 53.251721372314734 ], [ -103.89317703274196, 53.309452439042019 ], [ -103.684825587517267, 53.476441726920044 ], [ -103.900979533771064, 53.982686952911251 ], [ -104.245614013356146, 54.233228190331474 ], [ -104.554306293534523, 54.279737015906647 ], [ -104.549413424984309, 54.350735174358988 ], [ -104.707173568291182, 54.426726458620692 ], [ -105.39161902898276, 54.495367812498372 ], [ -105.699204969759734, 54.693284910532611 ], [ -105.557049513607637, 54.895382990876996 ], [ -105.279862973165663, 54.966241389463917 ], [ -105.234562743825052, 55.02675440636073 ], [ -105.476641383345722, 55.055148865130683 ], [ -105.110089155961532, 55.246388542825613 ], [ -105.185623562856861, 55.301504726067009 ], [ -104.968604405985872, 55.524229345760986 ], [ -104.443259614503404, 55.595911539096861 ], [ -104.183008787187859, 55.768471365008438 ], [ -104.253889356716186, 55.842999909859245 ], [ -104.135371582250642, 55.924680104043901 ], [ -104.249896165245048, 56.035934620938576 ], [ -104.236604603796607, 56.19032567717872 ], [ -104.33767410772316, 56.244100927373438 ], [ -104.285193253577049, 56.322882466710993 ], [ -104.358269065122698, 56.492571161099519 ], [ -104.235279330135768, 56.535505708041356 ], [ -104.372607137195601, 56.606797196970717 ], [ -104.337450738000655, 56.741815124926823 ], [ -104.46590309245974, 56.79414892836823 ], [ -104.490876635942953, 56.907518941953597 ], [ -106.312064609297693, 56.831000864051262 ], [ -106.173732556041983, 56.684528976889368 ], [ -106.43681707601111, 56.085125994238382 ], [ -106.790519548965733, 55.828803577094604 ], [ -107.321352558496926, 55.705420025246056 ], [ -107.339993534183677, 55.452251553772619 ], [ -107.29959349126905, 55.142861356375725 ], [ -107.22883592561098, 55.127024549221119 ], [ -107.089040633968352, 54.821561906270503 ], [ -107.124413470737593, 54.662964456905371 ], [ -107.049572974550443, 54.470476348100306 ], [ -107.10461424077576, 54.329888728085294 ], [ -107.03462720535282, 54.313839297532844 ], [ -106.968516391739826, 54.100368815898271 ], [ -106.787755011442229, 53.971402706909139 ], [ -106.788303282210194, 53.88434512778646 ], [ -106.597114315235672, 53.862427658604702 ], [ -106.519129193336013, 53.787163422411098 ], [ -106.573344264800426, 53.7448025884458 ], [ -106.426862310027531, 53.70459952780746 ], [ -106.208650238067349, 53.485199637264898 ], [ -106.613155380282976, 53.325615633664334 ], [ -106.572521522346278, 53.228088087813966 ], [ -106.693299079785916, 53.142091946210542 ], [ -106.604594839243674, 52.986928874271698 ], [ -106.694016765239368, 52.962301847979383 ], [ -106.717742225853499, 52.780954133099286 ], [ -107.011011835235252, 52.363746769118322 ], [ -107.439141009540393, 52.44877374401635 ], [ -107.932266370117162, 52.352107315381176 ], [ -107.49874363687924, 52.014001582798898 ], [ -107.520311504494941, 51.676775770673984 ], [ -107.97435858033532, 51.398327525177322 ], [ -108.131593190768712, 50.899416658766611 ], [ -108.866064865078343, 50.484129771097365 ], [ -108.940933063993086, 50.335362153025216 ], [ -108.755765315051733, 50.265199824887574 ], [ -108.812682899536341, 50.137944255943587 ], [ -109.154382100342985, 50.104275553056709 ], [ -109.67036776446119, 49.790774387253769 ], [ -109.612294201183531, 49.577882899828758 ], [ -109.027724114289711, 49.518898200561857 ], [ -108.87276786587978, 49.548276243116547 ], [ -108.858592277342581, 49.680686670840565 ], [ -108.222683447691765, 49.893767498491819 ], [ -108.203821777468391, 49.970884634674995 ], [ -108.297438899758276, 50.047460332119449 ], [ -106.913665990814508, 50.156995272649311 ], [ -106.607583533021426, 50.065001730789625 ], [ -106.692800557523299, 50.019106742587901 ], [ -106.661309590795099, 49.855972670769916 ], [ -106.745763463889091, 49.809996848893064 ], [ -106.678727252861393, 49.731174942104545 ], [ -106.722060597301066, 49.522046944043304 ], [ -106.563624808609973, 49.456406194708094 ], [ -106.675607376897105, 49.34037148897638 ], [ -106.981087103826354, 49.24761135150613 ], [ -107.38187700554883, 49.385802757772751 ], [ -107.519182262751428, 49.351311635867773 ], [ -107.477512722034106, 49.229360690460823 ], [ -107.178359605449003, 49.0187157134513 ], [ -106.916339369662182, 48.971656323457282 ], [ -106.821003967751125, 48.810686722405976 ], [ -106.595751211875339, 48.731892608301905 ], [ -105.825523632366796, 48.890496002611201 ], [ -105.421703477006034, 48.844802611816462 ], [ -105.342611819441615, 48.598955674250973 ], [ -105.119674683558856, 48.522548461087169 ], [ -104.875365716973178, 48.705336130039825 ], [ -104.898323053949326, 48.798567689769271 ], [ -104.524888933344116, 48.849828076414475 ], [ -104.328565953657019, 48.785015298258095 ], [ -104.29547908116561, 48.649173361200255 ], [ -104.088292233244431, 48.470952636698613 ], [ -104.151490197880236, 48.288658009216249 ], [ -104.946076363327052, 48.3766790336783 ], [ -105.431690855856203, 48.226991877005119 ], [ -105.396635256590997, 48.304037736502124 ], [ -105.472552899424329, 48.308503367645109 ], [ -106.011814885814772, 48.09309088749297 ], [ -106.086696648798636, 48.192277878473504 ], [ -106.223046991952913, 48.026673893005906 ], [ -106.693866620691182, 48.032484216550166 ], [ -106.770950272763855, 47.902172773251706 ], [ -106.929181534221712, 48.010350139122288 ], [ -106.810206015311394, 48.059257975467318 ], [ -106.827317286522486, 48.142059697261089 ], [ -107.088805104976501, 48.172706902605498 ], [ -107.168879229688017, 48.247472383997533 ], [ -107.070666361990078, 48.29518012310065 ], [ -107.116720853112383, 48.380272142022868 ], [ -107.44736197995249, 48.494680032087608 ], [ -107.658731363181275, 48.175621674137766 ], [ -107.62113514185026, 47.779295418405496 ], [ -107.501852401270185, 47.525883242963943 ], [ -107.451397027716268, 47.613231193970691 ], [ -107.333114322174154, 47.431026025689178 ], [ -107.139734179562709, 47.382172746041221 ], [ -107.067813104733858, 47.497769312461571 ], [ -107.110830397662369, 47.634081734011382 ], [ -106.932381846088361, 47.701542693131685 ], [ -106.826582339100611, 47.51216681317252 ], [ -106.450069134048789, 47.491952895644928 ], [ -106.63032486323398, 47.439442003293777 ], [ -105.956732820558543, 47.01357073999813 ], [ -105.669563402000222, 46.923578584879905 ], [ -105.768765182291745, 46.836447912992263 ], [ -105.870978509486534, 46.916855317769603 ], [ -106.19276362494675, 46.915843221963733 ], [ -106.120066512757916, 46.877645797908414 ], [ -106.118437124725176, 46.658058822248336 ], [ -105.483770205585486, 46.777017352431812 ], [ -105.350389179515503, 46.689236558615249 ], [ -105.302288019422591, 46.811947010433371 ], [ -104.766574364010978, 46.801069091034556 ], [ -104.822534039808403, 46.658648613032796 ], [ -105.03729514303626, 46.647832048810599 ], [ -105.571863871912598, 46.35690904866631 ], [ -105.545651937038599, 46.124607083598676 ], [ -105.828603384052542, 45.917533564228975 ], [ -105.805738956995413, 45.825045814852665 ], [ -105.614443101436095, 45.756010147568176 ] ], [ [ -105.17755376707521, 46.05908171534584 ], [ -105.15776534662551, 46.055623067068566 ], [ -105.111301007184778, 46.083796525410349 ], [ -105.210189689598778, 46.078646087217024 ], [ -105.17755376707521, 46.05908171534584 ] ], [ [ -105.384738717215342, 46.260744088615034 ], [ -105.363545483332672, 46.253485631964054 ], [ -105.329273229583819, 46.28491819838613 ], [ -105.370657787233469, 46.31763592444014 ], [ -105.384738717215342, 46.260744088615034 ] ], [ [ -104.780904273811643, 46.673417690199358 ], [ -104.761164605775832, 46.661696001218608 ], [ -104.744080003229612, 46.675240274127944 ], [ -104.763820873869037, 46.686962755913029 ], [ -104.780904273811643, 46.673417690199358 ] ], [ [ -105.053215362632301, 47.272266518232726 ], [ -105.042924591929804, 47.269039082075096 ], [ -105.037841078405194, 47.273041056119261 ], [ -105.043856069219558, 47.277554616668581 ], [ -105.053215362632301, 47.272266518232726 ] ], [ [ -105.220440062317678, 47.663531776087758 ], [ -105.196929894092364, 47.685729995963683 ], [ -105.214724580396393, 47.696028023501015 ], [ -105.230020436224166, 47.684048581708808 ], [ -105.220440062317678, 47.663531776087758 ] ], [ [ -107.226223830081125, 47.656533881717657 ], [ -107.20596412504959, 47.645147963534825 ], [ -107.158083409942236, 47.660672464039706 ], [ -107.207921224990045, 47.659751324852223 ], [ -107.226223830081125, 47.656533881717657 ] ], [ [ -107.408433126174131, 47.687419322930239 ], [ -107.397436005565226, 47.675481096801036 ], [ -107.389846898698849, 47.688566802128165 ], [ -107.399708536378384, 47.692163971065725 ], [ -107.408433126174131, 47.687419322930239 ] ], [ [ -106.800592163240779, 47.745051045673748 ], [ -106.718347625519641, 47.737254603654371 ], [ -106.681052332652598, 47.836036538721252 ], [ -106.794428887706317, 47.842027189514994 ], [ -106.800592163240779, 47.745051045673748 ] ], [ [ -106.65086313876651, 47.795789632250475 ], [ -106.630644796019652, 47.78435903568554 ], [ -106.613627666536004, 47.7979410684325 ], [ -106.633847475461138, 47.809372367421027 ], [ -106.65086313876651, 47.795789632250475 ] ], [ [ -106.878956661126281, 47.866454365123417 ], [ -106.827645472276771, 47.856877883685748 ], [ -106.813356996994088, 47.891297915445591 ], [ -106.915479467338429, 47.906276879529173 ], [ -106.878956661126281, 47.866454365123417 ] ], [ [ -106.78579687809858, 47.871922514305851 ], [ -106.765544682169036, 47.860512636583309 ], [ -106.748533446352042, 47.87409746987467 ], [ -106.768787127779305, 47.885508043924375 ], [ -106.78579687809858, 47.871922514305851 ] ], [ [ -106.672289475833793, 47.962444523864775 ], [ -106.652031354770685, 47.951031870960328 ], [ -106.634986200546564, 47.964596925905482 ], [ -106.655245795851982, 47.976010268388507 ], [ -106.672289475833793, 47.962444523864775 ] ], [ [ -105.908456950792399, 48.067969515585091 ], [ -105.851656395165833, 48.064739756283991 ], [ -105.836216830953788, 48.092789448502259 ], [ -105.887556111003875, 48.102598297238686 ], [ -105.908456950792399, 48.067969515585091 ] ], [ [ -105.473399839689847, 48.153725066872951 ], [ -105.435990756144463, 48.155653396530333 ], [ -105.460962765005661, 48.208753987145677 ], [ -105.506996759043915, 48.172909728838363 ], [ -105.473399839689847, 48.153725066872951 ] ], [ [ -104.287917882405878, 48.21143466272072 ], [ -104.236694155211381, 48.201231395419029 ], [ -104.221369459197732, 48.235363489343548 ], [ -104.274750778043668, 48.266362356665454 ], [ -104.287917882405878, 48.21143466272072 ] ], [ [ -103.927666032053409, 48.373747471488272 ], [ -103.908489306533284, 48.370413789013625 ], [ -103.890134869565941, 48.375388077694708 ], [ -103.910136042697985, 48.387033208813179 ], [ -103.927666032053409, 48.373747471488272 ] ], [ [ -104.274096717287293, 49.231661829168289 ], [ -103.80220156001532, 49.525221119880243 ], [ -103.68382333615908, 49.711784213598563 ], [ -103.766411916521662, 50.058328509478173 ], [ -103.911249689725281, 50.134451530948141 ], [ -104.261557901243719, 49.957343279556255 ], [ -104.369775231719245, 50.011806098093345 ], [ -104.336823851054874, 50.062622452851578 ], [ -104.781576583737873, 50.030113038763623 ], [ -104.982082522764514, 50.102971377051361 ], [ -105.096268591057012, 49.982336797464576 ], [ -105.225992527916901, 49.996656030777707 ], [ -105.43731519034398, 49.879182722612228 ], [ -105.112325980696042, 49.771414299805052 ], [ -105.011326366876332, 49.549197137756394 ], [ -105.684246573060122, 49.555492935534772 ], [ -105.887018151093187, 49.443236200369739 ], [ -105.902123585360926, 49.359636297582441 ], [ -105.358501525741062, 49.495025653511377 ], [ -105.022241055561395, 49.337696546656588 ], [ -104.274096717287293, 49.231661829168289 ] ], [ [ -100.695524110492528, 49.381302960925225 ], [ -100.675725057736273, 49.369450136619079 ], [ -100.657517543997216, 49.382339561523793 ], [ -100.677317340782864, 49.394192974151117 ], [ -100.695524110492528, 49.381302960925225 ] ], [ [ -106.168652134879821, 49.221108134533608 ], [ -106.126598509369927, 49.223371896973248 ], [ -106.077573093421734, 49.288193106826867 ], [ -106.270619138502013, 49.257058677221941 ], [ -106.168652134879821, 49.221108134533608 ] ], [ [ -106.168636173470745, 49.324756274463176 ], [ -106.036304824455101, 49.313878209015833 ], [ -106.011633050176911, 49.353859447798477 ], [ -106.125837399138391, 49.368484517275718 ], [ -106.168636173470745, 49.324756274463176 ] ], [ [ -105.942727462851991, 49.481696313800143 ], [ -105.928028190689332, 49.465916617276136 ], [ -105.913199020375487, 49.483245991049522 ], [ -105.930657068724869, 49.487059258602351 ], [ -105.942727462851991, 49.481696313800143 ] ], [ [ -106.107884407999649, 49.67966863105589 ], [ -106.074064848243651, 49.681462742394721 ], [ -106.086677887858599, 49.713833818570158 ], [ -106.094632786686503, 49.701022272503323 ], [ -106.107884407999649, 49.67966863105589 ] ], [ [ -106.017933578983076, 49.725721227273368 ], [ -105.922760745485803, 49.730710292454006 ], [ -105.772933295086148, 49.862226875970251 ], [ -106.021928925453835, 49.808049561604392 ], [ -106.017933578983076, 49.725721227273368 ] ], [ [ -109.228730616425068, 49.655781993030068 ], [ -109.115146301979763, 49.704884755254469 ], [ -109.348448158297373, 49.688984925406103 ], [ -109.341218040516992, 49.678718333895802 ], [ -109.228730616425068, 49.655781993030068 ] ], [ [ -103.743168983821221, 50.018178268393811 ], [ -103.723429949693553, 50.012827212573207 ], [ -103.714484130670968, 50.019366659349437 ], [ -103.725278504402851, 50.031257699467545 ], [ -103.743168983821221, 50.018178268393811 ] ], [ [ -108.315673487499197, 50.066918419025249 ], [ -108.311410020556593, 50.05482308668757 ], [ -108.316892448712352, 50.090538346822306 ], [ -108.318807364156939, 50.087326957962617 ], [ -108.315673487499197, 50.066918419025249 ] ], [ [ -98.877466418228664, 50.593205550632192 ], [ -98.857914129208183, 50.587435735418943 ], [ -98.848549334611434, 50.593728829636881 ], [ -98.858325674224758, 50.596614587321532 ], [ -98.877466418228664, 50.593205550632192 ] ], [ [ -96.561851819376358, 51.090885953362324 ], [ -96.551928904138691, 51.078769277343682 ], [ -96.526648336590284, 51.111445514189057 ], [ -96.552817616279967, 51.127503027519509 ], [ -96.561851819376358, 51.090885953362324 ] ], [ [ -93.852970685044312, 51.276100712923096 ], [ -93.573492829056946, 51.323084617279157 ], [ -93.389014842124567, 51.475673892612591 ], [ -93.438884537752756, 51.589269699147039 ], [ -93.639744535717426, 51.639102824935534 ], [ -93.604522487390511, 51.80033343252255 ], [ -93.766954578929628, 51.841627900881861 ], [ -93.471164040280456, 51.960633125288076 ], [ -93.509647062638351, 52.001152197216911 ], [ -93.692166557482125, 52.034501948656619 ], [ -93.856972948654473, 51.93881528407443 ], [ -94.26897894308965, 51.884176403468011 ], [ -94.270734624985792, 51.682505607797069 ], [ -94.205995898581989, 51.641894660769779 ], [ -94.271434538740721, 51.601720863311897 ], [ -93.852970685044312, 51.276100712923096 ] ], [ [ -93.593750328683029, 51.2745736468909 ], [ -93.574515516090912, 51.262285039388111 ], [ -93.554526248051758, 51.294586094917221 ], [ -93.573765724624195, 51.306872892385243 ], [ -93.593750328683029, 51.2745736468909 ] ], [ [ -96.673335233457536, 51.333477286503296 ], [ -96.524691856961539, 51.362931741322143 ], [ -96.540095443797014, 51.496416712842276 ], [ -96.611184610837398, 51.475672416335257 ], [ -96.673335233457536, 51.333477286503296 ] ], [ [ -90.024558927569558, 52.271751015408846 ], [ -90.015452215545039, 52.259499233634472 ], [ -89.798469180343233, 52.266555563789311 ], [ -89.928307611905979, 52.289645340966608 ], [ -89.938667131585959, 52.44233354827508 ], [ -90.082964014416433, 52.393449567368798 ], [ -90.024558927569558, 52.271751015408846 ] ], [ [ -89.830283761413313, 52.387710382411001 ], [ -89.790911654495403, 52.386790139581123 ], [ -89.788387705194779, 52.426834399543509 ], [ -89.827778851834026, 52.42775469811464 ], [ -89.830283761413313, 52.387710382411001 ] ], [ [ -92.120106288549508, 52.669325978600966 ], [ -92.098716448363675, 52.715006039140448 ], [ -92.184622771982021, 52.710109531863608 ], [ -92.132304468527451, 52.697456475766216 ], [ -92.120106288549508, 52.669325978600966 ] ], [ [ -94.490089858112853, 53.085976638519995 ], [ -94.470294014295419, 53.073993968819266 ], [ -94.450343168065857, 53.085883350780989 ], [ -94.470138694359889, 53.097866479773614 ], [ -94.490089858112853, 53.085976638519995 ] ], [ [ -94.423573571730884, 53.125590276099672 ], [ -94.403777884362015, 53.113606977181377 ], [ -94.383807615634453, 53.125485319701774 ], [ -94.403602976692525, 53.137468930438857 ], [ -94.423573571730884, 53.125590276099672 ] ], [ [ -93.534927622540408, 54.620076877586385 ], [ -93.514892337401278, 54.608219663184457 ], [ -93.437028215185578, 54.619443905575267 ], [ -93.514448449450271, 54.631677288614824 ], [ -93.534927622540408, 54.620076877586385 ] ], [ [ -111.918207776573865, 45.379910206991823 ], [ -111.838278442289152, 45.487720487573782 ], [ -111.949367582072867, 45.606724064948338 ], [ -112.170697787190903, 45.587133376549446 ], [ -111.918207776573865, 45.379910206991823 ] ], [ [ -111.390155488949802, 45.509238479224095 ], [ -111.374982644680998, 45.527691620920066 ], [ -111.411192474492992, 45.524609166152239 ], [ -111.390155488949802, 45.509238479224095 ] ], [ [ -112.464739802981185, 45.688782585905201 ], [ -112.427571897526562, 45.735687012696047 ], [ -112.4828721927949, 45.786426022071268 ], [ -112.543458305000627, 45.725195727031846 ], [ -112.464739802981185, 45.688782585905201 ] ], [ [ -113.174421200639927, 45.705767086841774 ], [ -113.12468395756116, 45.714405941094157 ], [ -113.152511680190202, 45.751483272349013 ], [ -113.189659682388026, 45.708292816601244 ], [ -113.174421200639927, 45.705767086841774 ] ], [ [ -111.025656398114648, 45.88648631465643 ], [ -110.996853130431532, 45.897776242571972 ], [ -110.990499934207605, 45.902577314528294 ], [ -111.031681446010452, 45.921783824865336 ], [ -111.025656398114648, 45.88648631465643 ] ], [ [ -113.430516759857497, 45.914756399010059 ], [ -113.141671260370856, 46.013744412062742 ], [ -113.064403400686601, 46.062903837966516 ], [ -113.220453962342475, 46.101665450295627 ], [ -113.513205906448832, 45.977780813212703 ], [ -113.430516759857497, 45.914756399010059 ] ], [ [ -113.109364687852391, 46.16534335950579 ], [ -112.930142737728602, 46.331844612287739 ], [ -113.109402991630517, 46.483443660247183 ], [ -113.280248073162582, 46.299358070913357 ], [ -113.109364687852391, 46.16534335950579 ] ], [ [ -113.135681935533924, 46.248750585265341 ], [ -112.99058939474952, 46.326282544709265 ], [ -113.016191575769128, 46.366628824630077 ], [ -113.093328825929305, 46.400978334106441 ], [ -113.199808883347714, 46.312373893654517 ], [ -113.135681935533924, 46.248750585265341 ] ], [ [ -112.623691881172419, 46.209032543050185 ], [ -112.214043350411117, 46.331185287734669 ], [ -112.221023757561511, 46.438292830794396 ], [ -112.556246543405848, 46.506592338374773 ], [ -112.659052148387815, 46.292499397236163 ], [ -112.623691881172419, 46.209032543050185 ] ], [ [ -112.5827962457534, 46.299386531040462 ], [ -112.577562230252681, 46.291926612105406 ], [ -112.503961753368756, 46.32782134448648 ], [ -112.585128641095253, 46.332001854659637 ], [ -112.5827962457534, 46.299386531040462 ] ], [ [ -111.958887431621605, 46.287573631372005 ], [ -111.776579493315495, 46.348977481156354 ], [ -111.792844612255678, 46.432868049032571 ], [ -111.861681554544603, 46.432988705703679 ], [ -111.958887431621605, 46.287573631372005 ] ], [ [ -113.865915901405032, 46.240552652804638 ], [ -113.739099470981742, 46.255788062716775 ], [ -113.801290379374663, 46.420776533434598 ], [ -113.894903510004497, 46.45446319008299 ], [ -113.766418093564084, 46.59487563228123 ], [ -113.825968885876108, 46.654363486903932 ], [ -113.888150048912223, 46.654632411080001 ], [ -113.928577559165547, 46.493911900083667 ], [ -113.865915901405032, 46.240552652804638 ] ], [ [ -113.687279544463919, 46.428993914560216 ], [ -113.59787132386441, 46.446642997386085 ], [ -113.505891105426073, 46.606843857352914 ], [ -113.733149352869958, 46.502757164420316 ], [ -113.687279544463919, 46.428993914560216 ] ], [ [ -112.324474029342355, 46.592202780412833 ], [ -112.291871470272596, 46.772797732270085 ], [ -112.382369462419661, 46.849887538355986 ], [ -112.289808474199191, 46.94301696990734 ], [ -112.484868861687957, 47.222954628539654 ], [ -112.651153155643001, 47.328506958455492 ], [ -112.973027001134412, 47.375769703869203 ], [ -113.065599085847296, 47.211228747982993 ], [ -113.155214481307169, 47.332389245520226 ], [ -113.458597297667751, 47.389232836197834 ], [ -113.339579268475461, 47.442597345586755 ], [ -113.530192275037592, 47.55199876057452 ], [ -113.475987946360789, 47.641636939254738 ], [ -113.558587074750875, 47.803065098175267 ], [ -113.937191991746431, 48.099013790389719 ], [ -113.749562766997045, 47.869778627095641 ], [ -113.711363626701484, 47.577427387233371 ], [ -113.527200535210483, 47.331456493220344 ], [ -113.340399426713901, 47.179943340763309 ], [ -113.202364746803113, 47.270839675610176 ], [ -112.866258560769865, 46.976692652225481 ], [ -112.54933484074067, 47.047553608849455 ], [ -112.500532291603264, 47.009416081863428 ], [ -112.63179545403878, 46.903560647247822 ], [ -112.872921210280239, 46.848544100919327 ], [ -112.44828128636729, 46.591243357200256 ], [ -112.324474029342355, 46.592202780412833 ] ], [ [ -112.802242762454142, 47.067420167277419 ], [ -112.78646042503938, 47.059961145590975 ], [ -112.774057795693295, 47.069953548294407 ], [ -112.790808026242047, 47.08239920904056 ], [ -112.802242762454142, 47.067420167277419 ] ], [ [ -112.738617299832924, 47.115582126859714 ], [ -112.734636166885451, 47.114346968342851 ], [ -112.73326636683916, 47.116061372111027 ], [ -112.73515865389065, 47.117049641313365 ], [ -112.738617299832924, 47.115582126859714 ] ], [ [ -113.643054062499459, 47.562654259012874 ], [ -113.584112957819556, 47.589308653756888 ], [ -113.654777047109235, 47.649262245283005 ], [ -113.659838128443155, 47.582248307651426 ], [ -113.643054062499459, 47.562654259012874 ] ], [ [ -113.676207224465998, 47.707618926337922 ], [ -113.659562776982881, 47.709171025512823 ], [ -113.676266507722744, 47.753641397897987 ], [ -113.678795591051085, 47.749648760459927 ], [ -113.676207224465998, 47.707618926337922 ] ], [ [ -112.768333354586346, 46.643473986129315 ], [ -112.834908900209484, 46.745608354816909 ], [ -112.968261859654447, 46.733470769833652 ], [ -112.895261854727124, 46.658049954176164 ], [ -112.768333354586346, 46.643473986129315 ] ], [ [ -114.358933968667941, 46.528675228536017 ], [ -114.190780029648209, 46.615800647068873 ], [ -114.186607213803569, 46.682188664066274 ], [ -114.306758026787435, 46.670406141987748 ], [ -114.358933968667941, 46.528675228536017 ] ], [ [ -110.888526218030506, 46.888399262250559 ], [ -110.824452022327804, 46.938453013585033 ], [ -110.872360585191572, 47.083027484241349 ], [ -110.702957547858318, 47.202397629995055 ], [ -110.90113203066619, 47.321006412636649 ], [ -111.098647651031655, 47.255400515722201 ], [ -111.029848128286346, 47.218626821473009 ], [ -111.152249750446856, 46.996795337292248 ], [ -110.888526218030506, 46.888399262250559 ] ], [ [ -110.951695280736175, 47.09784825488105 ], [ -110.8984861767712, 47.102122570568724 ], [ -110.944314568721637, 47.210690596123698 ], [ -110.966222769032768, 47.181407234122901 ], [ -110.951695280736175, 47.09784825488105 ] ], [ [ -113.469255044665175, 46.734250206720361 ], [ -113.397267827006687, 46.757681308618402 ], [ -113.363372935862088, 46.803428479599489 ], [ -113.4711334457416, 46.793344795733475 ], [ -113.469255044665175, 46.734250206720361 ] ], [ [ -113.319055134099898, 46.760335844771838 ], [ -113.200009917768284, 46.818597290099262 ], [ -113.253410221370487, 46.899818305298531 ], [ -113.356504290882725, 46.804069253432765 ], [ -113.319055134099898, 46.760335844771838 ] ], [ [ -111.699248175126911, 46.905174233416297 ], [ -111.685623948866919, 46.910041936985181 ], [ -111.72134119363011, 46.907020400739633 ], [ -111.699248175126911, 46.905174233416297 ] ], [ [ -110.670396248534445, 47.066469364773994 ], [ -110.644691851089746, 47.079941837183028 ], [ -110.676171431366427, 47.100334921188157 ], [ -110.693041208521777, 47.076119069172641 ], [ -110.670396248534445, 47.066469364773994 ] ], [ [ -113.876644036649566, 46.902330179670635 ], [ -113.604605131044579, 47.078553627619904 ], [ -113.713269684953275, 47.153271973029646 ], [ -113.681816735023645, 47.28357848813291 ], [ -113.780695024058701, 47.316675504692526 ], [ -113.860552811377119, 47.478688283817327 ], [ -113.968445207536618, 47.947810704377574 ], [ -114.042755931403747, 47.905533545869588 ], [ -114.0761085163399, 47.585247295206457 ], [ -113.985324388216156, 47.277596971180067 ], [ -113.807921894587679, 47.186776862854465 ], [ -114.057883599884832, 47.035382390422029 ], [ -113.876644036649566, 46.902330179670635 ] ], [ [ -113.924067543231303, 47.303069934312553 ], [ -113.859521427342713, 47.351624417639201 ], [ -113.922549924588424, 47.42746720543883 ], [ -113.976656810966659, 47.34047704644486 ], [ -113.924067543231303, 47.303069934312553 ] ], [ [ -113.980729360789127, 47.446088308557933 ], [ -113.902546551423981, 47.453523592575721 ], [ -113.987647416224462, 47.739471395858963 ], [ -114.039758018838128, 47.588716417309897 ], [ -113.980729360789127, 47.446088308557933 ] ], [ [ -110.680377832892418, 47.307145977366837 ], [ -110.508588067438865, 47.397590675830102 ], [ -110.466333500132777, 47.47460846586695 ], [ -110.623616118531515, 47.522544137523766 ], [ -110.680377832892418, 47.307145977366837 ] ], [ [ -103.535509487044948, 47.748386001329486 ], [ -103.380608523860786, 47.895314681150687 ], [ -103.384462792341424, 47.937040270614297 ], [ -103.53931832654348, 47.888665382778051 ], [ -103.535509487044948, 47.748386001329486 ] ], [ [ -114.776077129484378, 47.172257377097111 ], [ -114.629860500497031, 47.219374104731202 ], [ -114.48094712413689, 47.206715402413849 ], [ -114.768958014228872, 47.283987944451304 ], [ -114.827434278518254, 47.236092957082583 ], [ -114.776077129484378, 47.172257377097111 ] ], [ [ -103.503224733999161, 48.070208920817379 ], [ -103.39991526237776, 48.103796663374595 ], [ -103.405724642736956, 48.166269885741663 ], [ -103.527800336469824, 48.098458021799551 ], [ -103.503224733999161, 48.070208920817379 ] ], [ [ -106.57260392269211, 48.064602981139046 ], [ -106.585517599483339, 48.197891732043054 ], [ -106.782910507156345, 48.186522650397514 ], [ -106.591457915213667, 48.113802867338208 ], [ -106.57260392269211, 48.064602981139046 ] ], [ [ -91.98440287686995, 48.55905124239159 ], [ -91.842280343908499, 48.669150148215095 ], [ -91.775966572405494, 48.937883060806172 ], [ -91.650644278302266, 48.998052183475998 ], [ -91.705869493879533, 49.296851920939375 ], [ -91.786667251299562, 49.16581155045079 ], [ -91.724962925512244, 49.123468062262468 ], [ -92.069005881236677, 49.045829477337634 ], [ -92.084607390381208, 48.714274725837505 ], [ -91.98440287686995, 48.55905124239159 ] ], [ [ -105.667791120747239, 48.365216808734019 ], [ -105.417785218955856, 48.378157859936366 ], [ -105.412495233070445, 48.386782541263983 ], [ -105.486300487478246, 48.426426355023978 ], [ -105.667791120747239, 48.365216808734019 ] ], [ [ -87.80497977230813, 48.542205519824236 ], [ -87.792100274603314, 48.545916645840308 ], [ -87.803979929625712, 48.55466403899495 ], [ -87.80497977230813, 48.542205519824236 ] ], [ [ -104.984719391361423, 48.441579486201988 ], [ -104.973125896748257, 48.450493835355758 ], [ -104.986566557759943, 48.458183441678578 ], [ -104.998159199794259, 48.449268655798058 ], [ -104.984719391361423, 48.441579486201988 ] ], [ [ -104.63149795367039, 48.666969017673843 ], [ -104.626115469798691, 48.675551817949334 ], [ -104.644941499025379, 48.674666606320898 ], [ -104.63149795367039, 48.666969017673843 ] ], [ [ -113.939019307543049, 48.107693140607758 ], [ -113.878004554334638, 48.153021383881217 ], [ -113.958847250101854, 48.201714742147708 ], [ -113.975330773079122, 48.186026885874853 ], [ -113.939019307543049, 48.107693140607758 ] ], [ [ -100.559269616941563, 49.031215158441789 ], [ -100.49516869385333, 49.016766528389027 ], [ -100.430032151306293, 49.036723316761439 ], [ -100.572021473507078, 49.032943730790983 ], [ -100.559269616941563, 49.031215158441789 ] ], [ [ -115.723674770816316, 48.175041619682609 ], [ -115.660362421019244, 48.231463626771628 ], [ -115.774554289218344, 48.39452887987072 ], [ -115.782985727544997, 48.345394027014677 ], [ -115.723674770816316, 48.175041619682609 ] ], [ [ -91.319581755060952, 49.443173193315502 ], [ -91.306722138636445, 49.447072943067937 ], [ -91.319064928065387, 49.455545755302019 ], [ -91.319581755060952, 49.443173193315502 ] ], [ [ -91.129220697819335, 49.441789177807216 ], [ -91.128767725242895, 49.452099603346319 ], [ -91.141816935267812, 49.444086183527041 ], [ -91.129220697819335, 49.441789177807216 ] ], [ [ -109.873115568077665, 49.608052334493884 ], [ -109.838929235247562, 49.595017617371646 ], [ -109.829345899813958, 49.613934317544604 ], [ -109.845041513943912, 49.631049327974644 ], [ -109.873115568077665, 49.608052334493884 ] ], [ [ -110.158923783798699, 49.596432374479804 ], [ -110.1281672740148, 49.603504784843693 ], [ -110.079643904450393, 49.637415112630443 ], [ -110.191808816779911, 49.629271016022827 ], [ -110.158923783798699, 49.596432374479804 ] ], [ [ -109.855425121170143, 49.692165066443422 ], [ -109.792462917460398, 49.698361818222331 ], [ -109.77998268420356, 49.700280485276124 ], [ -109.862214728277849, 49.694442619089408 ], [ -109.855425121170143, 49.692165066443422 ] ], [ [ -91.032474683452676, 50.178328148409001 ], [ -91.019493849504585, 50.182183928358654 ], [ -91.045081254148741, 50.182663584863519 ], [ -91.032474683452676, 50.178328148409001 ] ], [ [ -105.432980059200787, 51.708235806655026 ], [ -105.423661690813958, 51.738364793100615 ], [ -105.470144000400197, 51.744235472267576 ], [ -105.456881152349609, 51.716538279726507 ], [ -105.432980059200787, 51.708235806655026 ] ], [ [ -103.800120166669274, 53.249438223094486 ], [ -103.754121414227882, 53.27509382953383 ], [ -103.75847466103653, 53.294814443433395 ], [ -103.81595035861065, 53.272694666680664 ], [ -103.800120166669274, 53.249438223094486 ] ], [ [ -105.506524083909653, 54.596180750868648 ], [ -105.49411116014592, 54.604580960994028 ], [ -105.521026197477994, 54.603370249444943 ], [ -105.506524083909653, 54.596180750868648 ] ] ] } },
{ "type": "Feature", "properties": { "QPF": 0.75, "UNITS": "Inches", "VALID_TIME": "12Z 04/23/26 - 12Z 04/24/26", "PRODUCT": "24-hour QPF", "ISSUE_TIME": "2026-04-21 10:08:37", "START_TIME": "2026-04-23 12:00:00", "END_TIME": "2026-04-24 12:00:00", "fill": "dodgerblue", "color": "dodgerblue" }, "geometry": { "type": "Polygon", "coordinates": [ [ [ -69.637523616966803, 20.408624730360231 ], [ -69.54762934838773, 20.608194717078113 ], [ -69.283594780536902, 20.530842841350832 ], [ -69.367916834927897, 20.360526267736709 ], [ -69.637523616966803, 20.408624730360231 ] ], [ [ -85.280677540529865, 25.112539595834214 ], [ -84.697229062617197, 25.133005082323944 ], [ -84.531941456054, 25.231475839433024 ], [ -84.974282944018142, 25.457200203825899 ], [ -85.4390529258105, 25.999631265018731 ], [ -85.74963914013388, 25.934337350347139 ], [ -86.117939834556807, 25.700192660102282 ], [ -86.07238112048509, 25.651717658100388 ], [ -86.176652203527595, 25.520559843898585 ], [ -86.093270357533044, 25.411873325039338 ], [ -85.280677540529865, 25.112539595834214 ] ], [ [ -95.138615799625541, 36.042908687902667 ], [ -94.944666508282253, 36.05042443997025 ], [ -94.48548341706929, 36.278055132333122 ], [ -94.063119263491757, 36.745895756525989 ], [ -93.296001687843614, 36.938273001974657 ], [ -92.589428475797575, 37.302823305667495 ], [ -91.853310739371153, 37.549397359358444 ], [ -91.741993999995515, 37.698770122033991 ], [ -91.640894153064394, 38.230615007894322 ], [ -91.206407097553154, 38.359323592908808 ], [ -90.923031365699302, 38.65912605063766 ], [ -91.641142584005451, 39.117503807312069 ], [ -91.962607727013761, 39.638278657748934 ], [ -92.566509847400297, 39.795462941858055 ], [ -92.699799264497486, 40.127748509466038 ], [ -93.178425508935447, 40.579667388576425 ], [ -93.496672949674817, 40.568355404845839 ], [ -93.75530512459197, 40.380276147939625 ], [ -93.789915470389701, 40.217766120917361 ], [ -94.138121988040936, 39.924751352855218 ], [ -95.057356949801758, 39.573992149021912 ], [ -95.916964851222588, 39.635297506275776 ], [ -96.056668190086981, 39.566411986416867 ], [ -96.191617171450318, 39.455149518946939 ], [ -96.367128729729032, 39.001354259205392 ], [ -96.838710261232535, 38.564223637602247 ], [ -96.77075651785276, 38.38743361543618 ], [ -96.503988094582624, 38.212329099162567 ], [ -96.761463197625289, 38.054347946533738 ], [ -97.210552287506189, 37.492771980022688 ], [ -96.791379518741294, 37.143915970207637 ], [ -96.430006658736346, 36.69775033566561 ], [ -95.333373765773914, 36.309845726864062 ], [ -95.138615799625541, 36.042908687902667 ] ], [ [ -95.063241654469223, 36.659085205003514 ], [ -94.81061039266892, 36.658991000868987 ], [ -94.300719493864804, 37.09092513858603 ], [ -93.769469029533866, 37.066485170271932 ], [ -93.303986725841185, 37.141919031586312 ], [ -92.783167357495685, 37.514971520491748 ], [ -92.638190323090356, 37.891494837189839 ], [ -92.323101049178419, 37.866849611787465 ], [ -92.095745323879413, 37.936566675991855 ], [ -92.030782158583364, 38.08221417729397 ], [ -92.116438578866351, 38.214781908715842 ], [ -92.569497047434041, 38.185472948264888 ], [ -92.711825999723786, 38.270346284752698 ], [ -92.712266298804749, 38.381367794031242 ], [ -92.562417568840232, 38.494720235238155 ], [ -92.07628934441351, 38.646903540809873 ], [ -91.91879552788447, 38.790481329491286 ], [ -92.25684812945731, 39.347169066218456 ], [ -92.427688786401077, 39.372962477813708 ], [ -92.801573225205516, 39.264224729114432 ], [ -92.884093519703526, 39.136975194521099 ], [ -92.833724330335329, 39.089899977937158 ], [ -93.063344574375037, 39.004815329277598 ], [ -93.121541677007784, 39.095443662271592 ], [ -92.832997497978425, 39.401637696994712 ], [ -92.93910312860649, 39.531018971413118 ], [ -93.08164015012585, 39.563538669502179 ], [ -94.429519604639637, 39.180919218792837 ], [ -94.601148467242709, 39.060102773058844 ], [ -94.743310876701045, 39.189402802896147 ], [ -95.313657543082627, 39.100839761026265 ], [ -95.421382279312823, 38.950126454350389 ], [ -95.170708719431673, 38.844263417600978 ], [ -95.227356519264646, 38.738971206968223 ], [ -95.546461053009637, 38.550934617015713 ], [ -95.791955272857521, 38.260004689037821 ], [ -96.934119640477263, 37.674304150527547 ], [ -96.231858093188535, 37.413499939182337 ], [ -96.147671149397851, 37.324924439208338 ], [ -96.226515489303679, 37.19057059400216 ], [ -96.169068357153776, 37.057099660539897 ], [ -95.893177020627661, 36.836985850146029 ], [ -95.390200873329348, 36.667586679270265 ], [ -95.063241654469223, 36.659085205003514 ] ], [ [ -96.581770398706439, 38.5002147714318 ], [ -96.049195808846179, 38.534426050899057 ], [ -95.562524791535921, 38.728236996449269 ], [ -95.654026739453883, 38.825401423571122 ], [ -95.909538249022674, 38.781055170582647 ], [ -95.941301306707629, 38.837374494654654 ], [ -95.491450238244994, 39.325954886968674 ], [ -95.686402723121915, 39.431348481972009 ], [ -95.943040288243864, 39.349741130754509 ], [ -96.222340049811038, 38.79575434826431 ], [ -96.421136425889898, 38.782215969112585 ], [ -96.674708004057976, 38.56588557412374 ], [ -96.581770398706439, 38.5002147714318 ] ], [ [ -94.968695788273592, 39.216119652571848 ], [ -94.857420939664379, 39.198373083019796 ], [ -94.849564076600487, 39.370771716231083 ], [ -94.984367852687768, 39.370835420970735 ], [ -94.968695788273592, 39.216119652571848 ] ], [ [ -93.068657494020101, 39.955964101709938 ], [ -92.988530381881688, 39.937441021182629 ], [ -92.936021905046132, 39.976498125903881 ], [ -93.099864306590121, 39.978333967770638 ], [ -93.068657494020101, 39.955964101709938 ] ], [ [ -93.186096902523758, 39.979239136503502 ], [ -93.160576423126543, 39.959146335922199 ], [ -93.108482734573201, 39.978426161761583 ], [ -93.159991271619106, 39.992188026297605 ], [ -93.186096902523758, 39.979239136503502 ] ], [ [ -95.170837730352858, 38.923988162250836 ], [ -95.057004768271483, 38.927381643898791 ], [ -94.865206763166412, 39.06124302573734 ], [ -95.119764528166399, 39.061254064073104 ], [ -95.170837730352858, 38.923988162250836 ] ], [ [ -95.00008679351177, 40.421555834966711 ], [ -94.847031226158464, 40.450499899937874 ], [ -94.722617748069922, 40.538231036926405 ], [ -95.000086968338167, 40.628922972964979 ], [ -95.12337966568721, 40.516437584565665 ], [ -95.00008679351177, 40.421555834966711 ] ], [ [ -94.537702682291098, 40.524666337951615 ], [ -94.491288729094379, 40.559685599110651 ], [ -94.537387110993336, 40.594950659261826 ], [ -94.554987499064168, 40.537891628486797 ], [ -94.537702682291098, 40.524666337951615 ] ], [ [ -92.838353927453468, 42.987756887486952 ], [ -92.599175610474717, 43.080758277670895 ], [ -92.481211933931917, 43.289516974580692 ], [ -92.744373531777157, 43.21329959881345 ], [ -92.838353927453468, 42.987756887486952 ] ], [ [ -109.242716124863307, 44.242334672428754 ], [ -109.216980975634129, 44.280137109430292 ], [ -109.24982758918685, 44.290618650129986 ], [ -109.274366113750617, 44.27580383837158 ], [ -109.242716124863307, 44.242334672428754 ] ], [ [ -113.023447640540198, 44.430317482573521 ], [ -113.005645619764053, 44.432409785423175 ], [ -113.029896101654401, 44.464733441181906 ], [ -113.028062880834739, 44.451919176189051 ], [ -113.023447640540198, 44.430317482573521 ] ], [ [ -111.830260734854164, 44.538056938812275 ], [ -111.825837738461843, 44.541132730985495 ], [ -111.835395791801076, 44.540282637212059 ], [ -111.830260734854164, 44.538056938812275 ] ], [ [ -111.680274897639308, 44.547227260729684 ], [ -111.648794418409182, 44.540502161779152 ], [ -111.619053900296962, 44.559402075989219 ], [ -111.696595585666145, 44.55257832435899 ], [ -111.680274897639308, 44.547227260729684 ] ], [ [ -111.531374832549872, 44.562757568120176 ], [ -111.526796202324164, 44.567477376943131 ], [ -111.537417168187503, 44.566550076893158 ], [ -111.531374832549872, 44.562757568120176 ] ], [ [ -109.389636912477499, 44.823537787501039 ], [ -109.236104906162737, 45.011269187831509 ], [ -109.251682224373738, 45.119675772867978 ], [ -109.454063748102456, 44.994900969961833 ], [ -109.389636912477499, 44.823537787501039 ] ], [ [ -109.352803573212256, 44.959540616605523 ], [ -109.349209581756654, 44.958735762963542 ], [ -109.348323879184179, 44.959877570983501 ], [ -109.349794961608879, 44.962634142554514 ], [ -109.352803573212256, 44.959540616605523 ] ], [ [ -113.046652609195007, 44.55401546946608 ], [ -113.046939947836279, 44.558315314827965 ], [ -113.04763570354541, 44.559247439146034 ], [ -113.048167169120163, 44.558198200432372 ], [ -113.046652609195007, 44.55401546946608 ] ], [ [ -111.380318381470317, 44.743567422820831 ], [ -111.375436640768541, 44.753279993230819 ], [ -111.383081166973469, 44.759726075078127 ], [ -111.389502455210902, 44.752066993456232 ], [ -111.380318381470317, 44.743567422820831 ] ], [ [ -113.146734213998698, 44.762182852946069 ], [ -113.143665100140453, 44.765253837833129 ], [ -113.147855337432219, 44.768093866904692 ], [ -113.149941197624727, 44.764653857134512 ], [ -113.146734213998698, 44.762182852946069 ] ], [ [ -111.829979934122335, 44.882409350700264 ], [ -111.801605808330265, 44.974813373998423 ], [ -111.848030525588001, 44.984760664570587 ], [ -111.874068625401009, 44.925314303601994 ], [ -111.829979934122335, 44.882409350700264 ] ], [ [ -110.870822409328625, 44.967026365579805 ], [ -110.87126552660915, 44.969692144664741 ], [ -110.875850362650056, 44.967985545821023 ], [ -110.870822409328625, 44.967026365579805 ] ], [ [ -109.861904161709091, 45.128529505393047 ], [ -109.855250103729617, 45.136077233503414 ], [ -109.878462701476039, 45.13427418821292 ], [ -109.861904161709091, 45.128529505393047 ] ], [ [ -109.411088799146356, 45.167441117144051 ], [ -109.378654865589567, 45.15432362316276 ], [ -109.366104048191374, 45.173396076341106 ], [ -109.383393083210947, 45.185696187398214 ], [ -109.411088799146356, 45.167441117144051 ] ], [ [ -111.100044831840819, 45.243366757461835 ], [ -111.089901534481669, 45.294172404006062 ], [ -111.110329343337312, 45.304004327011668 ], [ -111.12729385821477, 45.248060085384211 ], [ -111.100044831840819, 45.243366757461835 ] ], [ [ -111.35567452230471, 45.309773062733349 ], [ -111.295281766531815, 45.319801429753952 ], [ -111.433969097548072, 45.350936791775098 ], [ -111.384892261966456, 45.312169601484563 ], [ -111.35567452230471, 45.309773062733349 ] ], [ [ -111.054496498340768, 45.335017742479941 ], [ -110.993949515440534, 45.33827586662418 ], [ -110.925875759094808, 45.393738238380223 ], [ -110.999826530610434, 45.387595450351576 ], [ -111.054496498340768, 45.335017742479941 ] ], [ [ -105.15776534662551, 46.055623067068566 ], [ -105.111301007184778, 46.083796525410349 ], [ -105.210189689598778, 46.078646087217024 ], [ -105.189189388636066, 46.062728585500366 ], [ -105.15776534662551, 46.055623067068566 ] ], [ [ -105.363545483332672, 46.253485631964054 ], [ -105.329273229583819, 46.284918198386123 ], [ -105.370657787233469, 46.31763592444014 ], [ -105.408293163157168, 46.280733234007371 ], [ -105.363545483332672, 46.253485631964054 ] ], [ [ -105.367451956886427, 46.282900696090174 ], [ -105.366758079057377, 46.282478184149376 ], [ -105.366226657521878, 46.282965579315814 ], [ -105.366869113534719, 46.283479721670339 ], [ -105.367451956886427, 46.282900696090174 ] ], [ [ -113.123297789929353, 46.23707879499149 ], [ -112.99058939474952, 46.326282544709265 ], [ -113.016191575769113, 46.36662882463007 ], [ -113.093328825929305, 46.400978334106441 ], [ -113.199808883347714, 46.312373893654517 ], [ -113.123297789929353, 46.23707879499149 ] ], [ [ -112.577562230252681, 46.291926612105399 ], [ -112.520196659298335, 46.315527086099095 ], [ -112.503961753368756, 46.32782134448648 ], [ -112.585128641095253, 46.332001854659637 ], [ -112.577562230252681, 46.291926612105399 ] ], [ [ -90.5459770552512, 47.143278829176772 ], [ -90.252114359183537, 47.441326984436294 ], [ -89.989764955613339, 47.56716684961588 ], [ -89.81284114044044, 47.960625764296914 ], [ -90.130611176339556, 47.974096437709548 ], [ -90.864213150807274, 47.635293133183879 ], [ -90.83666803649399, 47.557143006519411 ], [ -91.035039467252162, 47.569545596763177 ], [ -90.5459770552512, 47.143278829176772 ] ], [ [ -105.04292459192979, 47.269039082075096 ], [ -105.043856069219558, 47.277554616668581 ], [ -105.053215362632301, 47.272266518232726 ], [ -105.04292459192979, 47.269039082075096 ] ], [ [ -112.786460425039394, 47.059961145590975 ], [ -112.774057795693295, 47.069953548294407 ], [ -112.790808026242047, 47.08239920904056 ], [ -112.802242762454142, 47.067420167277419 ], [ -112.786460425039394, 47.059961145590975 ] ], [ [ -112.734636166885451, 47.114346968342851 ], [ -112.73515865389065, 47.117049641313365 ], [ -112.738617299832924, 47.115582126859714 ], [ -112.734636166885451, 47.114346968342851 ] ], [ [ -105.209730556771802, 47.65147029094549 ], [ -105.196929894092364, 47.685729995963683 ], [ -105.214724580396393, 47.696028023501015 ], [ -105.230020436224166, 47.684048581708801 ], [ -105.209730556771802, 47.65147029094549 ] ], [ [ -113.893850262703523, 47.288974791787567 ], [ -113.859521427342713, 47.351624417639201 ], [ -113.922549924588438, 47.42746720543883 ], [ -113.976656810966659, 47.34047704644486 ], [ -113.893850262703523, 47.288974791787567 ] ], [ [ -113.95581950457958, 47.436805610918306 ], [ -113.91149126728294, 47.60090295232353 ], [ -113.987647416224462, 47.739471395858956 ], [ -114.039758018838128, 47.588716417309897 ], [ -113.95581950457958, 47.436805610918306 ] ], [ [ -113.9512151607627, 47.554802659688868 ], [ -113.947972762071842, 47.549665814004825 ], [ -113.956879286832816, 47.592370248289718 ], [ -113.954709888380151, 47.575640705083167 ], [ -113.9512151607627, 47.554802659688868 ] ], [ [ -113.96371957635354, 47.617114558831801 ], [ -113.958611010379968, 47.600666963299751 ], [ -113.967973613180376, 47.645486821148921 ], [ -113.969051477332926, 47.637767809053877 ], [ -113.96371957635354, 47.617114558831801 ] ], [ [ -113.634944589943089, 47.552636700382706 ], [ -113.584112957819556, 47.589308653756888 ], [ -113.654777047109235, 47.649262245282998 ], [ -113.659838128443155, 47.582248307651426 ], [ -113.634944589943089, 47.552636700382706 ] ], [ [ -113.665039039273879, 47.699147571646364 ], [ -113.659562776982881, 47.709171025512823 ], [ -113.676266507722744, 47.753641397897994 ], [ -113.676207224465998, 47.707618926337922 ], [ -113.665039039273879, 47.699147571646364 ] ], [ [ -104.247684843476065, 49.221792696045696 ], [ -103.80220156001532, 49.525221119880243 ], [ -103.683823336159065, 49.711784213598555 ], [ -103.766411916521676, 50.058328509478173 ], [ -103.911249689725281, 50.134451530948141 ], [ -104.261557901243719, 49.957343279556255 ], [ -104.369775231719245, 50.011806098093345 ], [ -104.336823851054874, 50.062622452851571 ], [ -104.781576583737873, 50.030113038763623 ], [ -104.982082522764514, 50.102971377051361 ], [ -105.096268591057012, 49.982336797464576 ], [ -105.225992527916901, 49.996656030777707 ], [ -105.43731519034398, 49.879182722612228 ], [ -105.112325980696042, 49.771414299805052 ], [ -105.011326366876318, 49.549197137756387 ], [ -105.684246573060122, 49.555492935534772 ], [ -105.887018151093187, 49.443236200369746 ], [ -105.902123585360926, 49.359636297582441 ], [ -105.358501525741076, 49.495025653511377 ], [ -105.022241055561381, 49.337696546656588 ], [ -104.247684843476065, 49.221792696045696 ] ], [ [ -104.182668332882656, 49.669863493224689 ], [ -104.166146635103757, 49.658208193037197 ], [ -104.017214032520116, 49.697688642615127 ], [ -104.175363892993744, 49.746201978964798 ], [ -104.182668332882656, 49.669863493224689 ] ], [ [ -103.939537722697111, 49.865886250307561 ], [ -103.900915082097328, 49.9498624249985 ], [ -103.95192087691791, 50.056495766486918 ], [ -103.996754098284129, 49.904622446659467 ], [ -103.939537722697111, 49.865886250307561 ] ], [ [ -106.150791189508396, 49.213774492125879 ], [ -106.077573093421734, 49.288193106826867 ], [ -106.270619138502013, 49.257058677221949 ], [ -106.218741584644462, 49.248814991646142 ], [ -106.150791189508396, 49.213774492125879 ] ], [ [ -106.1632831822035, 49.312609854316548 ], [ -106.036304824455087, 49.313878209015833 ], [ -106.011633050176897, 49.353859447798477 ], [ -106.138263440265717, 49.36616243282932 ], [ -106.1632831822035, 49.312609854316548 ] ], [ [ -105.928028190689332, 49.465916617276136 ], [ -105.913199020375501, 49.483245991049529 ], [ -105.942727462851991, 49.481696313800143 ], [ -105.928028190689332, 49.465916617276136 ] ], [ [ -102.421446728799623, 49.749315724173059 ], [ -102.219309773279292, 49.849711036555988 ], [ -102.169131618376383, 50.015938191000345 ], [ -102.268214098749937, 50.053635556984531 ], [ -102.158336291527547, 50.098464573235006 ], [ -102.259563791685878, 50.218137302033028 ], [ -102.045792802156285, 50.348327678814726 ], [ -102.078527753763552, 50.551870287924082 ], [ -102.015247859501244, 50.643866978672889 ], [ -101.9213619245335, 50.597904351526573 ], [ -101.966491774308267, 50.678137454572138 ], [ -101.293445581070884, 50.461997642768104 ], [ -101.19465192888444, 50.51806393438595 ], [ -101.244096708812137, 50.667793434827018 ], [ -100.93082327897541, 50.795026925325999 ], [ -100.670578456631475, 50.76129338600164 ], [ -100.62039282237555, 50.880818496748091 ], [ -100.422125204730676, 50.910350659453499 ], [ -100.343457674130718, 51.20101987138689 ], [ -99.540261783472261, 51.326870561218314 ], [ -99.389248534494939, 51.542595580882995 ], [ -99.269005451381162, 51.480239085950977 ], [ -99.267625155233773, 51.581412829649764 ], [ -99.124313220803998, 51.644804222589485 ], [ -99.262617974595287, 51.803667292164896 ], [ -99.22431076909767, 51.885066796029577 ], [ -99.290589572290372, 51.903936250269567 ], [ -99.316113507731416, 52.144967091298412 ], [ -99.198157712848484, 52.468319648717653 ], [ -99.080027070818602, 52.539937158356494 ], [ -98.717145753840811, 52.520929419712758 ], [ -98.236572132129396, 52.123224897556788 ], [ -98.203879324549774, 52.011061530513111 ], [ -98.024927925629129, 51.945145894805279 ], [ -97.277596006162426, 51.974287731982471 ], [ -97.452557916749129, 52.754321114240128 ], [ -97.403311164865329, 53.193058435079308 ], [ -96.97875888943247, 53.554101029314126 ], [ -96.801295774948358, 53.66236784304013 ], [ -96.71398760195973, 53.635364601805392 ], [ -96.636548545882533, 53.762376091849134 ], [ -95.954016108010237, 53.659565589478206 ], [ -95.826055059001945, 53.541395450010967 ], [ -95.852071493413661, 53.481906057036539 ], [ -95.732335019147968, 53.490242129483519 ], [ -95.731616575767021, 53.410999515735043 ], [ -95.551202418534501, 53.284574043820022 ], [ -95.465270886245264, 53.352221659546061 ], [ -95.099535818944503, 53.154132997658699 ], [ -95.019963098123952, 53.04676134225241 ], [ -95.086124420861069, 53.006938097559946 ], [ -95.000099403584642, 52.955177114212894 ], [ -94.834494135894175, 53.09444613839041 ], [ -94.735195770310796, 53.074460446982897 ], [ -94.302808148953915, 53.298063931015349 ], [ -93.958440766909817, 53.223286856684702 ], [ -94.072224447488182, 53.136351446355732 ], [ -94.158096709954663, 53.164514085906674 ], [ -94.139530006623488, 53.039149624552607 ], [ -93.973665839996841, 53.068303696085707 ], [ -93.809805838389678, 52.952029756071624 ], [ -93.545917431216083, 52.916607076310839 ], [ -92.489928698525844, 52.861437833047944 ], [ -92.426394895507173, 52.780910477367257 ], [ -92.391502418006183, 52.840370147640229 ], [ -92.140895912838232, 52.82933858377784 ], [ -91.963937618020992, 53.502881607206945 ], [ -92.327774486482497, 53.776342716833284 ], [ -92.469034441440627, 53.746351066497475 ], [ -92.984319757797778, 54.235876838123957 ], [ -93.299074969958042, 54.285509310047999 ], [ -93.183171245375092, 54.355255138978777 ], [ -93.532190875766346, 54.404763515342005 ], [ -93.404860280490482, 54.540998986931569 ], [ -93.851305952846161, 54.686323096701244 ], [ -93.940759899452871, 54.817502896331803 ], [ -93.705305354689045, 54.933253550544379 ], [ -93.733909560227957, 55.050172342343508 ], [ -93.883279015921886, 55.128674089531103 ], [ -93.837391129004615, 55.167300923884653 ], [ -94.70638963299308, 55.518742343498772 ], [ -94.955501376569217, 55.86619272002315 ], [ -97.614384736262892, 56.656743725609253 ], [ -97.913623684389123, 56.682612798575548 ], [ -98.615547147035485, 57.062401436974298 ], [ -104.490876635942953, 56.907518941953597 ], [ -104.46590309245974, 56.79414892836823 ], [ -104.337450738000655, 56.741815124926823 ], [ -104.372607137195587, 56.606797196970717 ], [ -104.235279330135768, 56.535505708041363 ], [ -104.358269065122698, 56.492571161099519 ], [ -104.285193253577049, 56.322882466710993 ], [ -104.33767410772316, 56.244100927373438 ], [ -104.236604603796607, 56.19032567717872 ], [ -104.249896165245062, 56.035934620938576 ], [ -104.135371582250642, 55.924680104043908 ], [ -104.253889356716186, 55.842999909859245 ], [ -104.183008787187873, 55.768471365008445 ], [ -104.443259614503404, 55.595911539096861 ], [ -104.968604405985872, 55.524229345760986 ], [ -105.185623562856861, 55.301504726067009 ], [ -105.110089155961532, 55.246388542825613 ], [ -105.476641383345722, 55.055148865130683 ], [ -105.234562743825052, 55.026754406360723 ], [ -105.279862973165649, 54.966241389463924 ], [ -105.557049513607637, 54.895382990876996 ], [ -105.699204969759748, 54.693284910532604 ], [ -105.39161902898276, 54.495367812498372 ], [ -104.707173568291196, 54.426726458620699 ], [ -104.549413424984323, 54.350735174358988 ], [ -104.554306293534538, 54.279737015906647 ], [ -104.245614013356175, 54.233228190331474 ], [ -103.900979533771078, 53.982686952911259 ], [ -103.684825587517267, 53.476441726920051 ], [ -103.89317703274196, 53.309452439042019 ], [ -103.843601759994073, 53.251721372314734 ], [ -104.197487725039778, 53.058301039703238 ], [ -104.549792520308145, 53.11941398320883 ], [ -105.071055062747888, 53.036880329233156 ], [ -105.426392908181313, 52.804826853309251 ], [ -105.509067621004633, 52.520358439299095 ], [ -105.3963675531175, 52.12338849089776 ], [ -105.484157100079202, 52.038564444387333 ], [ -105.376345094345311, 51.962953129355405 ], [ -105.3311594906896, 51.783218425666576 ], [ -105.588618639252275, 51.750670093177213 ], [ -105.626531527739061, 51.465107933132991 ], [ -105.419778358092245, 51.373620207522535 ], [ -105.145888572134368, 51.061195007933712 ], [ -104.765868926576374, 51.025801519146839 ], [ -104.462266254851585, 51.208280624733874 ], [ -104.104733652005876, 51.203310518953629 ], [ -103.468741474566187, 50.909635355564745 ], [ -103.244228639380026, 51.028365100873742 ], [ -103.243303015850884, 50.918406961508467 ], [ -103.110601470897251, 50.882693847864132 ], [ -103.140844487208, 50.759154172538686 ], [ -103.505883171830476, 50.730665146697355 ], [ -103.608254475981028, 50.57738011165651 ], [ -103.846206949765758, 50.526719071359658 ], [ -103.805630791048841, 50.09779573425331 ], [ -103.695043080599049, 50.048949054159365 ], [ -103.703377201887605, 50.132164789487121 ], [ -103.443558853718173, 50.096154645145639 ], [ -103.068676354470483, 50.197036185225429 ], [ -102.951814875487258, 50.111142096098497 ], [ -102.998524327823588, 50.027198656873061 ], [ -102.908807808441736, 49.849579335924346 ], [ -102.421446728799623, 49.749315724173059 ] ], [ [ -101.723920384656026, 50.726724570535531 ], [ -101.448855038325462, 50.73518967186773 ], [ -101.442853627019019, 50.776166929426772 ], [ -101.785779331494751, 50.765577311991464 ], [ -101.723920384656026, 50.726724570535531 ] ], [ [ -105.456881152349595, 51.716538279726507 ], [ -105.432980059200801, 51.708235806655026 ], [ -105.41141498486661, 51.718710467295018 ], [ -105.470144000400197, 51.744235472267576 ], [ -105.456881152349595, 51.716538279726507 ] ], [ [ -99.98411447153785, 52.030302729140878 ], [ -99.970084195123988, 52.014512766680269 ], [ -99.976803091893288, 52.12704435222382 ], [ -100.019208373676889, 52.069757540201493 ], [ -99.98411447153785, 52.030302729140878 ] ], [ [ -101.237511787607858, 52.380334910714467 ], [ -100.783209173863185, 52.41669980224831 ], [ -100.442939810784083, 52.541511809890707 ], [ -100.212571957866714, 52.751018973674263 ], [ -100.085839566521742, 52.729960760605486 ], [ -99.911105924833421, 53.172385526259781 ], [ -100.069652712667164, 53.585544973806847 ], [ -99.772992863302278, 54.203360755777325 ], [ -99.475551328317806, 54.350668322921287 ], [ -99.003598948160558, 54.336713674180025 ], [ -98.729554415756098, 54.234285730997414 ], [ -98.519918816260216, 53.851744747119085 ], [ -98.464086363821878, 53.540340016440751 ], [ -98.335827153208541, 53.660952523506836 ], [ -98.197728819086507, 53.544229621905608 ], [ -98.139179227656356, 53.580669402298938 ], [ -98.078607819488226, 53.739649562371113 ], [ -98.146912872532752, 53.778217414289124 ], [ -97.84846017887854, 53.841322096102843 ], [ -97.853384507045988, 53.979250362044908 ], [ -98.124294987142093, 54.054497301552757 ], [ -97.872453736654776, 54.136449499669958 ], [ -97.936469025964385, 54.233900354133425 ], [ -97.914690187167196, 54.645615098275563 ], [ -97.328643932060658, 55.042101176400045 ], [ -97.285134547581876, 55.178567740682922 ], [ -97.149683127635711, 55.199248509834199 ], [ -97.21880920710062, 55.237430928655236 ], [ -97.083760088780494, 55.277451395109821 ], [ -97.089005826448997, 55.471121696448243 ], [ -97.366183025449146, 55.603875136660534 ], [ -97.50899444435079, 55.891672619818216 ], [ -98.827418076341729, 56.235589701399036 ], [ -99.29284231771598, 56.533993253059364 ], [ -99.60888610864346, 56.604629365908025 ], [ -100.004563114921012, 56.817961338215412 ], [ -100.285022724332435, 56.850187636343293 ], [ -100.969155931246632, 56.705130443169708 ], [ -101.112789177358721, 56.762598844477395 ], [ -101.257704061156346, 56.667468962011178 ], [ -101.205717476087358, 56.626812264680069 ], [ -101.35836347338585, 56.626732989205408 ], [ -101.370667313967303, 56.527110382986535 ], [ -101.574727002369457, 56.483497612584799 ], [ -102.279264138392705, 56.605044065004705 ], [ -102.890955376032124, 56.482940173459845 ], [ -103.04684748095967, 56.385970577563292 ], [ -102.994495064278908, 56.349364114671033 ], [ -103.14971594551443, 56.313561637808633 ], [ -103.097255841948424, 56.21168972080681 ], [ -103.283204684362872, 56.186227769310392 ], [ -103.093615048956707, 56.134969453467086 ], [ -103.27631237803962, 55.491903550737803 ], [ -103.251393396031204, 55.259908063970585 ], [ -103.183865698664491, 55.223371270617619 ], [ -103.284220669135124, 55.142084308214876 ], [ -103.207733657157803, 54.676400353098401 ], [ -102.865099738764954, 54.229127934003927 ], [ -102.4676407378807, 53.974448065127689 ], [ -102.345140896220144, 53.602867798630989 ], [ -102.524105061940617, 53.398728170578742 ], [ -102.393917651085317, 53.16447637689771 ], [ -101.954186963369921, 53.04303502790254 ], [ -101.854521075674967, 52.882559518499804 ], [ -101.631972386805174, 52.789403039533518 ], [ -101.714481343028808, 52.626965367785246 ], [ -101.451691472127877, 52.555438887364332 ], [ -101.237511787607858, 52.380334910714467 ] ], [ [ -101.806573607675404, 52.624175241520049 ], [ -101.727630778440485, 52.626569346745399 ], [ -101.729264720757413, 52.646532738765728 ], [ -101.789806112963191, 52.660709931105544 ], [ -101.806573607675404, 52.624175241520049 ] ], [ [ -103.813793907092617, 53.252884302320119 ], [ -103.768077592832697, 53.260629777492802 ], [ -103.758474661036544, 53.294814443433395 ], [ -103.81595035861065, 53.272694666680664 ], [ -103.813793907092617, 53.252884302320119 ] ], [ [ -105.521026197478008, 54.60337024944495 ], [ -105.506524083909667, 54.596180750868655 ], [ -105.494111160145934, 54.604580960994042 ], [ -105.508614311353114, 54.611770596398685 ], [ -105.521026197478008, 54.60337024944495 ] ], [ [ -97.269835519818258, 55.120438453562564 ], [ -97.242204794393558, 55.105152118407446 ], [ -97.215472965290644, 55.120952744943025 ], [ -97.243104141430649, 55.136239309317396 ], [ -97.269835519818258, 55.120438453562564 ] ], [ [ -102.788796787755444, 56.566509870420447 ], [ -102.645535597810465, 56.590113174829753 ], [ -102.77662106034569, 56.715813266517891 ], [ -102.846110181179853, 56.583795836434781 ], [ -102.788796787755444, 56.566509870420447 ] ], [ [ -102.934965665272102, 56.809898306297114 ], [ -102.78538288158056, 56.799408343951228 ], [ -102.711626861719083, 56.893110754811325 ], [ -102.796563955463753, 56.905678780057336 ], [ -102.934965665272102, 56.809898306297114 ] ], [ [ -106.081827478699893, 49.675543910752673 ], [ -106.074064848243637, 49.681462742394714 ], [ -106.086677887858599, 49.713833818570158 ], [ -106.107884407999649, 49.67966863105589 ], [ -106.081827478699893, 49.675543910752673 ] ], [ [ -105.991965537555444, 49.72236838859947 ], [ -105.779568050354854, 49.812401789816064 ], [ -105.772933295086148, 49.862226875970251 ], [ -106.021928925453835, 49.808049561604392 ], [ -105.991965537555444, 49.72236838859947 ] ], [ [ -109.209252712884805, 49.654004074729087 ], [ -109.115146301979763, 49.704884755254469 ], [ -109.348448158297373, 49.68898492540611 ], [ -109.341218040516992, 49.678718333895802 ], [ -109.209252712884805, 49.654004074729087 ] ], [ [ -103.723429949693568, 50.012827212573207 ], [ -103.725278504402866, 50.03125769946756 ], [ -103.743168983821221, 50.018178268393825 ], [ -103.723429949693568, 50.012827212573207 ] ], [ [ -96.551928904138691, 51.078769277343682 ], [ -96.526648336590284, 51.111445514189064 ], [ -96.552817616279967, 51.127503027519509 ], [ -96.578394020745762, 51.111073478511067 ], [ -96.551928904138691, 51.078769277343682 ] ], [ [ -96.653640913562029, 51.321469347580447 ], [ -96.515177342992573, 51.375152145493445 ], [ -96.559814270122303, 51.508413874743972 ], [ -96.673735544406043, 51.353733142398433 ], [ -96.653640913562029, 51.321469347580447 ] ], [ [ -92.100760928485187, 52.657082045039033 ], [ -92.09871644836366, 52.715006039140448 ], [ -92.184622771982021, 52.710109531863608 ], [ -92.132304468527451, 52.697456475766216 ], [ -92.100760928485187, 52.657082045039033 ] ], [ [ -94.470294014295433, 53.073993968819273 ], [ -94.450343168065857, 53.085883350780989 ], [ -94.470138694359889, 53.097866479773614 ], [ -94.490089858112867, 53.085976638519995 ], [ -94.470294014295433, 53.073993968819273 ] ], [ [ -94.403777884362029, 53.113606977181377 ], [ -94.383807615634453, 53.125485319701781 ], [ -94.40360297669254, 53.137468930438857 ], [ -94.423573571730884, 53.125590276099672 ], [ -94.403777884362029, 53.113606977181377 ] ], [ [ -98.210108937791006, 53.854310114427754 ], [ -98.203506540601083, 53.8563736076472 ], [ -98.210346313949742, 53.860221128118056 ], [ -98.210108937791006, 53.854310114427754 ] ], [ [ -98.077847638887462, 53.893591181611043 ], [ -98.072830452693282, 53.937023249426865 ], [ -98.079671000859591, 53.940871204848897 ], [ -98.086207328366868, 53.936844348016564 ], [ -98.077847638887462, 53.893591181611043 ] ], [ [ -98.281813873425534, 53.971579407207777 ], [ -98.278549242366537, 53.973594794403908 ], [ -98.282056907574457, 53.977482431564979 ], [ -98.285240475741233, 53.973499506920021 ], [ -98.281813873425534, 53.971579407207777 ] ], [ [ -93.514892337401278, 54.608219663184457 ], [ -93.447272618888277, 54.613646726446973 ], [ -93.437028215185563, 54.619443905575267 ], [ -93.534927622540408, 54.620076877586385 ], [ -93.514892337401278, 54.608219663184457 ] ], [ [ -97.27936797791395, 55.213571248988259 ], [ -97.272683201117445, 55.217515047365886 ], [ -97.286281294960176, 55.217384608012004 ], [ -97.27936797791395, 55.213571248988259 ] ] ] } },
{ "type": "Feature", "properties": { "QPF": 1.0, "UNITS": "Inches", "VALID_TIME": "12Z 04/23/26 - 12Z 04/24/26", "PRODUCT": "24-hour QPF", "ISSUE_TIME": "2026-04-21 10:08:37", "START_TIME": "2026-04-23 12:00:00", "END_TIME": "2026-04-24 12:00:00", "fill": "deepskyblue", "color": "deepskyblue" }, "geometry": { "type": "Polygon", "coordinates": [ [ [ -95.055808820757477, 36.656107435932618 ], [ -95.390200873329348, 36.667586679270265 ], [ -95.893177020627661, 36.836985850146029 ], [ -96.169068357153776, 37.057099660539897 ], [ -96.226515489303679, 37.19057059400216 ], [ -96.147671149397851, 37.324924439208338 ], [ -96.231858093188535, 37.413499939182337 ], [ -96.934119640477263, 37.67430415052754 ], [ -95.791955272857521, 38.260004689037821 ], [ -95.546461053009622, 38.550934617015713 ], [ -95.227356519264646, 38.738971206968223 ], [ -95.170708719431673, 38.844263417600978 ], [ -95.421382279312823, 38.950126454350389 ], [ -95.313657543082627, 39.100839761026265 ], [ -94.743310876701045, 39.18940280289614 ], [ -94.601148467242709, 39.060102773058837 ], [ -94.429519604639637, 39.180919218792837 ], [ -93.08164015012585, 39.563538669502179 ], [ -92.93910312860649, 39.531018971413118 ], [ -92.832997497978411, 39.401637696994705 ], [ -93.121541677007784, 39.095443662271592 ], [ -93.063344574375037, 39.004815329277598 ], [ -92.833724330335329, 39.089899977937158 ], [ -92.884093519703526, 39.136975194521099 ], [ -92.801573225205516, 39.264224729114424 ], [ -92.427688786401077, 39.372962477813708 ], [ -92.25684812945731, 39.347169066218456 ], [ -91.91879552788447, 38.790481329491286 ], [ -92.07628934441351, 38.646903540809873 ], [ -92.562417568840232, 38.494720235238148 ], [ -92.712266298804749, 38.381367794031242 ], [ -92.711825999723786, 38.270346284752698 ], [ -92.569497047434055, 38.185472948264895 ], [ -92.116438578866351, 38.214781908715842 ], [ -92.030782158583364, 38.08221417729397 ], [ -92.095745323879413, 37.936566675991855 ], [ -92.323101049178419, 37.866849611787465 ], [ -92.638190323090356, 37.891494837189839 ], [ -92.783167357495685, 37.514971520491748 ], [ -93.303986725841185, 37.141919031586312 ], [ -93.769469029533866, 37.066485170271925 ], [ -94.300719493864804, 37.09092513858603 ], [ -94.81061039266892, 36.658991000868987 ], [ -95.055808820757477, 36.656107435932618 ] ], [ [ -93.851106681203092, 37.280323110598282 ], [ -93.429696866907548, 37.351279976643525 ], [ -93.259058134706805, 37.498199443882044 ], [ -93.257251279681014, 37.609558624252337 ], [ -93.508055455663495, 37.767761846122553 ], [ -93.116793891874977, 38.563745812581878 ], [ -93.239366620867912, 38.698065383363897 ], [ -93.692982545066997, 38.761166242966681 ], [ -93.803292282480001, 39.057194263077086 ], [ -93.9165853037494, 39.124306030848736 ], [ -94.430480905730093, 39.003462674137026 ], [ -94.658853879718549, 38.839586802727418 ], [ -94.705938154090873, 38.950387572724686 ], [ -94.886245968698049, 38.928460408096143 ], [ -94.772694215452574, 38.795469347680175 ], [ -94.971696953145667, 38.662656935423442 ], [ -95.148751515211885, 38.396433806514594 ], [ -96.435516426492427, 37.745987960261409 ], [ -96.812749126955026, 37.675631551076918 ], [ -95.337494540498142, 37.640364163687153 ], [ -94.915824972074461, 37.521899899300919 ], [ -94.325548443365818, 37.594833340897132 ], [ -94.045293385711147, 37.504404028600995 ], [ -93.851106681203092, 37.280323110598282 ] ], [ [ -95.017566493638896, 38.729146347043823 ], [ -94.971682129324506, 38.718064494968559 ], [ -94.924318286281391, 38.751289722385835 ], [ -95.000085460721806, 38.805463669157348 ], [ -95.017566493638896, 38.729146347043823 ] ], [ [ -95.173689141769373, 38.928410649483958 ], [ -95.057004768271483, 38.927381643898791 ], [ -94.865206763166427, 39.06124302573734 ], [ -95.119764528166399, 39.061254064073097 ], [ -95.173689141769373, 38.928410649483958 ] ], [ [ -96.559077482050469, 38.499376694314464 ], [ -96.049195808846193, 38.534426050899057 ], [ -95.562524791535921, 38.728236996449269 ], [ -95.654026739453869, 38.825401423571122 ], [ -95.909538249022674, 38.781055170582647 ], [ -95.941301306707629, 38.837374494654654 ], [ -95.491450238244994, 39.325954886968674 ], [ -95.686402723121915, 39.431348481972009 ], [ -95.943040288243864, 39.349741130754509 ], [ -96.222340049811052, 38.79575434826431 ], [ -96.421136425889898, 38.782215969112585 ], [ -96.674708004057976, 38.56588557412374 ], [ -96.559077482050469, 38.499376694314464 ] ], [ [ -96.545891870169669, 38.567081459463068 ], [ -96.13454923217887, 38.561390247011772 ], [ -96.092328082278087, 38.592707536720368 ], [ -96.363985312447468, 38.758419558077144 ], [ -96.545891870169669, 38.567081459463068 ] ], [ [ -95.770437564711244, 39.192314770291851 ], [ -95.684740910847964, 39.177061153953773 ], [ -95.635447920820511, 39.281289449053602 ], [ -95.918824285159332, 39.280032182839001 ], [ -95.770437564711244, 39.192314770291851 ] ], [ [ -94.943021024986109, 39.196211916607503 ], [ -94.845980170075222, 39.216054320580284 ], [ -94.88574805882827, 39.387590379329922 ], [ -95.007432348537108, 39.326643696002847 ], [ -94.943021024986109, 39.196211916607503 ] ], [ [ -93.045774393604916, 39.949836399817862 ], [ -92.988530381881688, 39.937441021182629 ], [ -92.936021905046132, 39.976498125903881 ], [ -93.099864306590121, 39.978333967770638 ], [ -93.045774393604916, 39.949836399817862 ] ], [ [ -93.160576423126543, 39.959146335922199 ], [ -93.131798102175281, 39.961046590084855 ], [ -93.108482734573187, 39.978426161761583 ], [ -93.186096902523758, 39.979239136503502 ], [ -93.160576423126543, 39.959146335922199 ] ], [ [ -109.349209581756654, 44.958735762963542 ], [ -109.348323879184193, 44.959877570983501 ], [ -109.349794961608879, 44.962634142554514 ], [ -109.352803573212256, 44.959540616605523 ], [ -109.349209581756654, 44.958735762963542 ] ], [ [ -105.366758079057377, 46.282478184149376 ], [ -105.366226657521878, 46.282965579315814 ], [ -105.366869113534719, 46.283479721670339 ], [ -105.367451956886427, 46.282900696090174 ], [ -105.366758079057377, 46.282478184149376 ] ], [ [ -113.947972762071828, 47.549665814004825 ], [ -113.947734798372167, 47.555133173762286 ], [ -113.956879286832816, 47.592370248289711 ], [ -113.9512151607627, 47.554802659688868 ], [ -113.947972762071828, 47.549665814004825 ] ], [ [ -113.958611010379968, 47.600666963299751 ], [ -113.965152658222664, 47.638137858461093 ], [ -113.967973613180376, 47.645486821148921 ], [ -113.969051477332926, 47.637767809053877 ], [ -113.958611010379968, 47.600666963299751 ] ], [ [ -104.166146635103757, 49.658208193037197 ], [ -104.041339409858267, 49.684271299786943 ], [ -104.017214032520116, 49.69768864261512 ], [ -104.175363892993744, 49.746201978964798 ], [ -104.166146635103757, 49.658208193037197 ] ], [ [ -103.931624991504634, 49.858808902180854 ], [ -103.900915082097342, 49.9498624249985 ], [ -103.951920876917924, 50.056495766486918 ], [ -103.996754098284143, 49.904622446659467 ], [ -103.931624991504634, 49.858808902180854 ] ], [ [ -101.698254161355194, 50.708871353744513 ], [ -101.448855038325462, 50.735189671867722 ], [ -101.442853627019019, 50.776166929426772 ], [ -101.785779331494766, 50.765577311991471 ], [ -101.698254161355194, 50.708871353744513 ] ], [ [ -99.970084195123974, 52.014512766680262 ], [ -99.960364664681919, 52.071089409751977 ], [ -99.976803091893288, 52.12704435222382 ], [ -100.019208373676904, 52.0697575402015 ], [ -99.970084195123974, 52.014512766680262 ] ], [ [ -101.207449045603425, 52.373953890380292 ], [ -100.783209173863185, 52.416699802248303 ], [ -100.442939810784083, 52.541511809890707 ], [ -100.212571957866714, 52.751018973674263 ], [ -100.085839566521742, 52.729960760605486 ], [ -99.911105924833421, 53.172385526259781 ], [ -100.069652712667164, 53.585544973806847 ], [ -99.772992863302278, 54.203360755777325 ], [ -99.475551328317806, 54.350668322921287 ], [ -99.003598948160572, 54.336713674180032 ], [ -98.729554415756098, 54.234285730997421 ], [ -98.519918816260216, 53.851744747119078 ], [ -98.464086363821878, 53.540340016440744 ], [ -98.335827153208541, 53.660952523506829 ], [ -98.197728819086507, 53.544229621905608 ], [ -98.139179227656342, 53.580669402298938 ], [ -98.078607819488226, 53.739649562371113 ], [ -98.146912872532738, 53.778217414289124 ], [ -97.84846017887854, 53.84132209610285 ], [ -97.853384507045988, 53.979250362044908 ], [ -98.124294987142093, 54.054497301552757 ], [ -97.872453736654776, 54.136449499669958 ], [ -97.936469025964385, 54.233900354133425 ], [ -97.91469018716721, 54.64561509827557 ], [ -97.328643932060658, 55.042101176400045 ], [ -97.285134547581876, 55.178567740682915 ], [ -97.149683127635711, 55.199248509834192 ], [ -97.21880920710062, 55.237430928655229 ], [ -97.083760088780494, 55.277451395109821 ], [ -97.089005826448997, 55.471121696448236 ], [ -97.366183025449146, 55.603875136660534 ], [ -97.508994444350805, 55.891672619818216 ], [ -98.827418076341715, 56.235589701399029 ], [ -99.29284231771598, 56.533993253059364 ], [ -99.60888610864346, 56.604629365908025 ], [ -100.004563114921012, 56.817961338215412 ], [ -100.285022724332435, 56.850187636343293 ], [ -100.969155931246632, 56.705130443169708 ], [ -101.112789177358707, 56.762598844477395 ], [ -101.257704061156346, 56.667468962011178 ], [ -101.205717476087358, 56.626812264680069 ], [ -101.35836347338585, 56.626732989205408 ], [ -101.370667313967303, 56.527110382986528 ], [ -101.574727002369457, 56.483497612584792 ], [ -102.279264138392705, 56.605044065004712 ], [ -102.89095537603211, 56.482940173459838 ], [ -103.04684748095967, 56.385970577563285 ], [ -102.994495064278908, 56.349364114671033 ], [ -103.14971594551443, 56.313561637808633 ], [ -103.097255841948424, 56.21168972080681 ], [ -103.283204684362858, 56.186227769310385 ], [ -103.093615048956707, 56.134969453467086 ], [ -103.276312378039634, 55.491903550737803 ], [ -103.251393396031204, 55.259908063970578 ], [ -103.183865698664491, 55.223371270617619 ], [ -103.284220669135124, 55.142084308214876 ], [ -103.207733657157803, 54.676400353098394 ], [ -102.865099738764954, 54.229127934003927 ], [ -102.4676407378807, 53.974448065127689 ], [ -102.34514089622013, 53.602867798630982 ], [ -102.524105061940617, 53.39872817057875 ], [ -102.393917651085317, 53.16447637689771 ], [ -101.954186963369906, 53.043035027902533 ], [ -101.854521075674967, 52.882559518499804 ], [ -101.631972386805174, 52.789403039533525 ], [ -101.714481343028808, 52.626965367785246 ], [ -101.451691472127877, 52.555438887364332 ], [ -101.207449045603425, 52.373953890380292 ] ], [ [ -101.131858132346508, 52.683735723510836 ], [ -101.131855631743889, 52.683734338879773 ], [ -101.13185095519087, 52.683735920254833 ], [ -101.131855848301385, 52.683737239463696 ], [ -101.131858132346508, 52.683735723510836 ] ], [ [ -98.213528787857513, 53.856233854653766 ], [ -98.210108937791006, 53.854310114427754 ], [ -98.203506540601083, 53.856373607647193 ], [ -98.210346313949742, 53.860221128118049 ], [ -98.213528787857513, 53.856233854653766 ] ], [ [ -98.084684427101564, 53.897440831916548 ], [ -98.071314147771815, 53.897619725583091 ], [ -98.079671000859591, 53.940871204848897 ], [ -98.086207328366854, 53.936844348016557 ], [ -98.084684427101564, 53.897440831916548 ] ], [ [ -98.285240475741247, 53.973499506920021 ], [ -98.281813873425534, 53.971579407207777 ], [ -98.278549242366537, 53.973594794403908 ], [ -98.282056907574457, 53.977482431564979 ], [ -98.285240475741247, 53.973499506920021 ] ], [ [ -97.286281294960176, 55.217384608011997 ], [ -97.279367977913935, 55.213571248988252 ], [ -97.272683201117445, 55.217515047365886 ], [ -97.279596632898802, 55.221328461437466 ], [ -97.286281294960176, 55.217384608011997 ] ], [ [ -101.807687426071737, 55.2279438768105 ], [ -101.807684708578606, 55.22794113075836 ], [ -101.807683310455658, 55.227943994830774 ], [ -101.807685204985802, 55.227946764034044 ], [ -101.807687426071737, 55.2279438768105 ] ], [ [ -101.914831799675653, 55.283118157461665 ], [ -101.756672049111529, 55.423451422888945 ], [ -101.831677813915249, 55.498810296633373 ], [ -102.111612688352935, 55.568081391446931 ], [ -102.104449894826914, 55.490855795935502 ], [ -101.898144477774366, 55.477531980322304 ], [ -101.957562980662829, 55.3789014512694 ], [ -102.129571845194022, 55.393210428858616 ], [ -102.020358180541322, 55.318851508132042 ], [ -101.957562472349053, 55.378895828785915 ], [ -101.886013624242025, 55.342181049785324 ], [ -101.914831799675653, 55.283118157461665 ] ], [ [ -102.169028062696796, 55.450183458948011 ], [ -102.169025324511196, 55.450180724570664 ], [ -102.169020634221951, 55.450183681750858 ], [ -102.169025848745449, 55.450186341661855 ], [ -102.169028062696796, 55.450183458948011 ] ], [ [ -102.136751369118699, 55.470525654370455 ], [ -102.136746154595201, 55.470522994459458 ], [ -102.136741461823391, 55.470525950263898 ], [ -102.136746676609363, 55.470528610210543 ], [ -102.136751369118699, 55.470525654370455 ] ], [ [ -101.786245251264461, 52.617588129999348 ], [ -101.727630778440471, 52.626569346745399 ], [ -101.729264720757413, 52.646532738765728 ], [ -101.789806112963191, 52.660709931105544 ], [ -101.786245251264461, 52.617588129999348 ] ], [ [ -97.242204794393558, 55.105152118407446 ], [ -97.215472965290644, 55.120952744943025 ], [ -97.269835519818258, 55.120438453562564 ], [ -97.242204794393558, 55.105152118407446 ] ], [ [ -102.760343455038878, 56.559764105405279 ], [ -102.645535597810465, 56.590113174829753 ], [ -102.776621060345676, 56.715813266517891 ], [ -102.846110181179853, 56.583795836434781 ], [ -102.760343455038878, 56.559764105405279 ] ], [ [ -102.924903927950083, 56.80259897654259 ], [ -102.785382881580546, 56.799408343951228 ], [ -102.711626861719083, 56.893110754811325 ], [ -102.796563955463753, 56.905678780057336 ], [ -102.924903927950083, 56.80259897654259 ] ] ] } },
{ "type": "Feature", "properties": { "QPF": 1.25, "UNITS": "Inches", "VALID_TIME": "12Z 04/23/26 - 12Z 04/24/26", "PRODUCT": "24-hour QPF", "ISSUE_TIME": "2026-04-21 10:08:37", "START_TIME": "2026-04-23 12:00:00", "END_TIME": "2026-04-24 12:00:00", "fill": "cyan", "color": "cyan" }, "geometry": { "type": "Polygon", "coordinates": [ [ [ -93.85110465170186, 37.280322448876902 ], [ -94.045293385711133, 37.504404028600995 ], [ -94.325548443365818, 37.594833340897132 ], [ -94.915824972074461, 37.521899899300919 ], [ -95.337494540498142, 37.640364163687153 ], [ -96.574718565867727, 37.6417405732603 ], [ -96.812749126955026, 37.675631551076918 ], [ -96.435516426492427, 37.745987960261409 ], [ -95.148751515211899, 38.396433806514601 ], [ -94.971696953145667, 38.662656935423442 ], [ -94.772694215452574, 38.795469347680175 ], [ -94.886245968698063, 38.928460408096143 ], [ -94.705938154090873, 38.950387572724694 ], [ -94.658853879718549, 38.839586802727418 ], [ -94.430480905730093, 39.003462674137026 ], [ -93.9165853037494, 39.124306030848736 ], [ -93.803292282480001, 39.057194263077086 ], [ -93.692982545066997, 38.761166242966681 ], [ -93.239366620867912, 38.698065383363897 ], [ -93.116793891874977, 38.563745812581878 ], [ -93.508055455663495, 37.767761846122553 ], [ -93.257251279681014, 37.60955862425233 ], [ -93.259058134706805, 37.498199443882044 ], [ -93.429696866907548, 37.351279976643525 ], [ -93.85110465170186, 37.280322448876902 ] ], [ [ -96.638251927901564, 37.6773895809404 ], [ -96.575100380782061, 37.667761022484292 ], [ -96.527905321199952, 37.678409350553238 ], [ -96.57543380143477, 37.690470901499474 ], [ -96.638251927901564, 37.6773895809404 ] ], [ [ -96.003498407563328, 37.749060307393719 ], [ -93.929517017099812, 37.850119203726422 ], [ -93.620287860716374, 38.146721773595957 ], [ -93.614803759973483, 38.568439981325994 ], [ -94.03503773081124, 38.64445894186548 ], [ -94.317417974983186, 38.870854116374609 ], [ -94.413535779889344, 38.750316931882161 ], [ -94.210571311563029, 38.705192672752254 ], [ -94.154127327618852, 38.660596746334647 ], [ -94.205585408987929, 38.61206757440587 ], [ -96.119585766714934, 37.85959480598585 ], [ -96.003498407563328, 37.749060307393719 ] ], [ [ -94.129226026951187, 38.926321363839023 ], [ -94.089482647341811, 38.914493940692154 ], [ -94.078515847505969, 38.926060606026319 ], [ -94.089221699772011, 38.944715322239375 ], [ -94.129226026951187, 38.926321363839023 ] ], [ [ -96.531672672672642, 38.564598751134028 ], [ -96.13454923217887, 38.561390247011772 ], [ -96.092328082278101, 38.592707536720368 ], [ -96.363985312447483, 38.758419558077151 ], [ -96.531672672672642, 38.564598751134028 ] ], [ [ -95.000085387116712, 38.714373410230692 ], [ -94.924318286281405, 38.751289722385835 ], [ -95.000085460721806, 38.805463669157348 ], [ -95.031654741038381, 38.751303601003478 ], [ -95.000085387116712, 38.714373410230692 ] ], [ [ -95.770435488758125, 39.192314422486383 ], [ -95.684740910847964, 39.177061153953773 ], [ -95.635447920820511, 39.281289449053602 ], [ -95.918824285159332, 39.280032182839001 ], [ -95.770435488758125, 39.192314422486383 ] ], [ [ -101.131855631743903, 52.683734338879773 ], [ -101.13185095519087, 52.683735920254833 ], [ -101.131858132346508, 52.683735723510836 ], [ -101.131855631743903, 52.683734338879773 ] ], [ [ -101.807684708578591, 55.22794113075836 ], [ -101.807683310455658, 55.227943994830774 ], [ -101.807685204985802, 55.227946764034044 ], [ -101.807687426071737, 55.2279438768105 ], [ -101.807684708578591, 55.22794113075836 ] ], [ [ -101.914826731477532, 55.283116894019557 ], [ -101.756672049111529, 55.423451422888945 ], [ -101.831677813915263, 55.49881029663338 ], [ -102.111612688352935, 55.568081391446931 ], [ -102.104449894826914, 55.490855795935502 ], [ -101.898144477774366, 55.477531980322304 ], [ -101.957562980662829, 55.3789014512694 ], [ -102.129571845194022, 55.393210428858616 ], [ -102.020358180541322, 55.318851508132035 ], [ -101.957562472349053, 55.378895828785922 ], [ -101.886013624242025, 55.342181049785324 ], [ -101.914826731477532, 55.283116894019557 ] ], [ [ -102.169025324511196, 55.450180724570664 ], [ -102.169020634221951, 55.450183681750858 ], [ -102.169025848745449, 55.450186341661855 ], [ -102.169028062696782, 55.450183458948011 ], [ -102.169025324511196, 55.450180724570664 ] ], [ [ -102.136746154595201, 55.470522994459458 ], [ -102.136741461823391, 55.470525950263898 ], [ -102.136751369118699, 55.470525654370455 ], [ -102.136746154595201, 55.470522994459458 ] ] ] } },
{ "type": "Feature", "properties": { "QPF": 1.5, "UNITS": "Inches", "VALID_TIME": "12Z 04/23/26 - 12Z 04/24/26", "PRODUCT": "24-hour QPF", "ISSUE_TIME": "2026-04-21 10:08:37", "START_TIME": "2026-04-23 12:00:00", "END_TIME": "2026-04-24 12:00:00", "fill": "mediumpurple", "color": "mediumpurple" }, "geometry": { "type": "Polygon", "coordinates": [ [ [ -96.631489993671352, 37.676732356273909 ], [ -96.575433801434755, 37.690470901499467 ], [ -96.527905321199938, 37.678409350553231 ], [ -96.575100380782061, 37.667761022484292 ], [ -96.631489993671352, 37.676732356273909 ] ], [ [ -95.985136957859879, 37.741933689785789 ], [ -94.661975471024675, 37.862276186770259 ], [ -93.929517017099812, 37.850119203726422 ], [ -93.62028786071636, 38.146721773595957 ], [ -93.614803759973483, 38.568439981325994 ], [ -94.03503773081124, 38.644458941865473 ], [ -94.317417974983186, 38.870854116374602 ], [ -94.413535779889344, 38.750316931882161 ], [ -94.210571311563029, 38.705192672752254 ], [ -94.154127327618852, 38.660596746334647 ], [ -94.205585408987929, 38.61206757440587 ], [ -96.119585766714948, 37.85959480598585 ], [ -95.985136957859879, 37.741933689785789 ] ], [ [ -95.961961142308127, 37.793805531118657 ], [ -95.732252546122936, 37.803072648013803 ], [ -95.593559940669806, 37.906704169381683 ], [ -95.677115660028051, 37.990338457828784 ], [ -96.038506674953197, 37.860104471881002 ], [ -95.961961142308127, 37.793805531118657 ] ], [ [ -94.596668884698815, 37.996199898880519 ], [ -93.980313884667538, 38.038111937489518 ], [ -93.811856733368685, 38.170365777249735 ], [ -93.801583451786257, 38.347953158029824 ], [ -94.206780723747869, 38.452375885968301 ], [ -94.547140716571676, 38.365467257384246 ], [ -95.097926168221221, 38.04110393634005 ], [ -94.596668884698815, 37.996199898880519 ] ], [ [ -94.117878002434438, 38.921835910020413 ], [ -94.089482647341825, 38.914493940692154 ], [ -94.078515847505969, 38.926060606026311 ], [ -94.089221699772011, 38.944715322239382 ], [ -94.117878002434438, 38.921835910020413 ] ] ] } },
{ "type": "Feature", "properties": { "QPF": 1.75, "UNITS": "Inches", "VALID_TIME": "12Z 04/23/26 - 12Z 04/24/26", "PRODUCT": "24-hour QPF", "ISSUE_TIME": "2026-04-21 10:08:37", "START_TIME": "2026-04-23 12:00:00", "END_TIME": "2026-04-24 12:00:00", "fill": "darkorchid", "color": "darkorchid" }, "geometry": { "type": "Polygon", "coordinates": [ [ [ -95.957433972729177, 37.791403436232471 ], [ -96.038506674953197, 37.860104471881002 ], [ -95.677115660028051, 37.990338457828784 ], [ -95.60130804398527, 37.928916239581163 ], [ -95.597881090126577, 37.862203834702456 ], [ -95.732252546122936, 37.803072648013803 ], [ -95.957433972729177, 37.791403436232471 ] ], [ [ -95.911186094501673, 37.816332767388779 ], [ -95.788754516386774, 37.827618530793799 ], [ -95.671692205125566, 37.861931059772942 ], [ -95.789398324560636, 37.914935715507156 ], [ -95.964874172780029, 37.860533863736322 ], [ -95.911186094501673, 37.816332767388779 ] ], [ [ -94.576932271504347, 37.992694031527613 ], [ -93.980313884667538, 38.038111937489511 ], [ -93.811856733368685, 38.170365777249735 ], [ -93.801583451786257, 38.347953158029824 ], [ -94.206780723747869, 38.452375885968308 ], [ -94.547140716571676, 38.365467257384246 ], [ -95.097926168221221, 38.04110393634005 ], [ -94.576932271504347, 37.992694031527613 ] ], [ [ -94.415268896150181, 38.151251076900955 ], [ -94.152561493062834, 38.145716106012536 ], [ -93.993690443026139, 38.215949190683141 ], [ -94.094526953429821, 38.32605778305166 ], [ -94.320990015681872, 38.314884994406526 ], [ -94.498767049473059, 38.218155616855789 ], [ -94.415268896150181, 38.151251076900955 ] ] ] } },
{ "type": "Feature", "properties": { "QPF": 2.0, "UNITS": "Inches", "VALID_TIME": "12Z 04/23/26 - 12Z 04/24/26", "PRODUCT": "24-hour QPF", "ISSUE_TIME": "2026-04-21 10:08:37", "START_TIME": "2026-04-23 12:00:00", "END_TIME": "2026-04-24 12:00:00", "fill": "purple", "color": "purple" }, "geometry": { "type": "Polygon", "coordinates": [ [ [ -95.901292481074307, 37.812088758115806 ], [ -95.964874172780029, 37.860533863736322 ], [ -95.733055424649109, 37.920365074027657 ], [ -95.671692205125566, 37.861931059772942 ], [ -95.901292481074307, 37.812088758115806 ] ], [ [ -94.406802227105828, 38.148999884810323 ], [ -94.152561493062834, 38.145716106012536 ], [ -93.993690443026139, 38.215949190683141 ], [ -94.094526953429821, 38.32605778305166 ], [ -94.320990015681872, 38.314884994406526 ], [ -94.498767049473059, 38.218155616855789 ], [ -94.406802227105828, 38.148999884810323 ] ] ] } }
]
}
