{
"type": "FeatureCollection",
"features": [
{ "type": "Feature", "properties": { "PRODUCT": "7-day QPF", "VALID_TIME": "12Z 06/20/25 - 12Z 06/27/25", "QPF": 1.5, "UNITS": "Inches", "ISSUE_TIME": "2025-06-20 10:05:52", "START_TIME": "2025-06-20 12:00:00", "END_TIME": "2025-06-27 12:00:00", "InPoly_FID": 7, "fill": "mediumpurple", "color": "mediumpurple" }, "geometry": { "type": "MultiPolygon", "coordinates": [ [ [ [ -72.69595224529985, 45.135145648452976 ], [ -72.439024158338214, 45.140347823593231 ], [ -72.48273789623687, 44.823550660234844 ], [ -72.699103181966223, 44.67408640556323 ], [ -72.790749849625797, 44.775935736145357 ], [ -72.650175119086441, 44.979207084439452 ], [ -72.793996631539301, 45.088080512305851 ], [ -72.69595224529985, 45.135145648452976 ] ] ], [ [ [ -86.0, 44.662605017650499 ], [ -86.0, 48.0 ], [ -85.079665658296648, 48.0 ], [ -84.976684545355454, 47.851635943044414 ], [ -84.236186251194511, 47.559826319529066 ], [ -83.468677725896271, 47.477805504920184 ], [ -83.046431714352082, 47.015202147661057 ], [ -82.485777710672778, 46.795844654707082 ], [ -82.129758434703945, 46.538549061589947 ], [ -81.872217702584862, 46.489401322213325 ], [ -81.176887525438929, 46.592149258081861 ], [ -80.74861660747041, 46.437453806248186 ], [ -80.380314081629535, 46.465691488771256 ], [ -80.424570215043332, 46.580979240299769 ], [ -80.340427695581639, 46.822902231552803 ], [ -79.965165954045517, 46.900998322914347 ], [ -79.760910015384866, 47.079390738891561 ], [ -79.3648752646817, 47.136128159187251 ], [ -79.074407664382193, 47.130108883418302 ], [ -78.73747369655382, 46.952581963287003 ], [ -78.021416742588542, 46.914874709200546 ], [ -77.933193885689207, 47.017382651088553 ], [ -78.178405964763442, 47.261508018180564 ], [ -77.863451593216439, 47.315097287010246 ], [ -77.321885886124733, 47.240335344000982 ], [ -77.052007192977555, 47.292835396236626 ], [ -76.78942937156819, 47.141155958480738 ], [ -76.278656695050415, 47.054403924801363 ], [ -76.165575780897541, 46.932518895130954 ], [ -76.180680669876949, 46.776883265950005 ], [ -76.080537578946064, 46.620955819355629 ], [ -75.579502882951658, 46.719099045584528 ], [ -75.375496523245886, 46.513455211089195 ], [ -75.148573357674252, 46.463943907285568 ], [ -75.0704953588737, 46.362374673252646 ], [ -75.241956894994644, 46.163373662164815 ], [ -75.153269347602247, 46.006583553488269 ], [ -75.25796130656903, 45.930687308172764 ], [ -75.938297253615303, 46.175225527935822 ], [ -76.628677855398678, 46.306478284545221 ], [ -77.191612105414322, 46.33354202444491 ], [ -77.443322760237152, 46.230226460782603 ], [ -77.939317526882348, 46.295550277923041 ], [ -78.556038199603165, 46.189790834479481 ], [ -79.148209546933003, 46.325859364418193 ], [ -79.227078451809064, 46.294232836776075 ], [ -79.196744772453258, 46.172514223952305 ], [ -79.617318813012787, 45.99238223944883 ], [ -80.497769564413829, 45.935109739622817 ], [ -80.870951822468612, 45.820454767273759 ], [ -80.98425795204281, 45.674616216665129 ], [ -81.50811442074388, 45.711514859723025 ], [ -81.626838440441645, 45.655025163980213 ], [ -81.566657507937578, 45.328578118585369 ], [ -80.304586477184159, 44.870045909491182 ], [ -80.173443328147016, 44.867039733097272 ], [ -80.264138786475769, 45.042444392594689 ], [ -79.990651095071939, 45.19293373140664 ], [ -79.672671709931421, 45.156923336143109 ], [ -79.690922905867353, 44.978050853963794 ], [ -79.973503864611644, 44.84186176001225 ], [ -79.414683225150668, 44.574216121277004 ], [ -79.379089906673812, 44.294457496816051 ], [ -79.462723627493403, 44.221185262789675 ], [ -80.267386476704473, 44.386079902565484 ], [ -80.806529760939668, 44.636300105565454 ], [ -81.106464653021305, 44.684393390742457 ], [ -81.585237881822763, 44.925295057920664 ], [ -81.733483026320584, 45.313183920401684 ], [ -81.987319968042073, 45.321809080724563 ], [ -82.145558908816554, 45.505381277823744 ], [ -82.45011995397266, 45.481742105014177 ], [ -82.755467529103157, 45.563351039119198 ], [ -83.532544262707518, 45.49341609297835 ], [ -83.667629127682062, 45.408443528046462 ], [ -83.62909265100501, 45.260896294328575 ], [ -83.744256359043675, 45.178596452464376 ], [ -84.081139161742897, 45.063718478824796 ], [ -84.525079140390005, 45.081243669160074 ], [ -84.680209955824751, 44.942304567102155 ], [ -84.736517208802127, 44.690409081813755 ], [ -85.039831727951821, 44.455444463591164 ], [ -85.808742113757489, 44.690914955860592 ], [ -86.0, 44.662605017650499 ] ], [ [ -75.875493078742579, 46.346465258864669 ], [ -75.95809489766134, 46.425328890116248 ], [ -76.077837050639346, 46.38314885693427 ], [ -76.019626882574528, 46.334719599430002 ], [ -75.875493078742579, 46.346465258864669 ] ] ], [ [ [ -72.089801434738703, 48.0 ], [ -70.763223713984843, 48.0 ], [ -70.913106689222275, 47.911938614975156 ], [ -71.321744441952376, 47.900197327145008 ], [ -71.711597098227458, 47.583349595807249 ], [ -72.089801434738703, 48.0 ] ] ], [ [ [ -80.60141661058303, 48.0 ], [ -77.922374481601651, 48.0 ], [ -78.07562108834253, 47.669533851506117 ], [ -78.251786112039383, 47.544356553112493 ], [ -78.205895134352943, 47.379994899245276 ], [ -78.623674665653255, 47.277736493144687 ], [ -79.947678158420217, 47.688523265836125 ], [ -80.60141661058303, 48.0 ] ] ] ] } },
{ "type": "Feature", "properties": { "PRODUCT": "7-day QPF", "VALID_TIME": "12Z 06/20/25 - 12Z 06/27/25", "QPF": 2.0, "UNITS": "Inches", "ISSUE_TIME": "2025-06-20 10:05:52", "START_TIME": "2025-06-20 12:00:00", "END_TIME": "2025-06-27 12:00:00", "InPoly_FID": 9, "fill": "purple", "color": "purple" }, "geometry": { "type": "MultiPolygon", "coordinates": [ [ [ [ -86.0, 45.435944175866034 ], [ -86.0, 47.649193418842742 ], [ -85.911235965523062, 47.735976510510156 ], [ -85.220438470224494, 47.633196308897283 ], [ -84.212168862644788, 47.140155096017267 ], [ -83.762647427062248, 47.06576199254264 ], [ -83.049956758273524, 46.700819643362735 ], [ -83.453849386518783, 46.37633084044662 ], [ -83.425533799279947, 46.25222242367898 ], [ -82.915570590664373, 45.965083299320789 ], [ -83.28345407327366, 45.693227295105032 ], [ -83.814711914416563, 45.625555964537831 ], [ -84.89206841474801, 45.730547471540348 ], [ -85.167243192613299, 45.54831496500519 ], [ -85.497022808576929, 45.51526512241707 ], [ -85.646500302022929, 45.417568371510121 ], [ -86.0, 45.435944175866034 ] ], [ [ -85.866667732742897, 45.58423897012986 ], [ -85.861861842388649, 45.583022441865786 ], [ -85.852564053904487, 45.584250444525907 ], [ -85.8625151510591, 45.585248747979634 ], [ -85.866667732742897, 45.58423897012986 ] ] ] ] } },
{ "type": "Feature", "properties": { "PRODUCT": "7-day QPF", "VALID_TIME": "12Z 06/20/25 - 12Z 06/27/25", "QPF": 1.75, "UNITS": "Inches", "ISSUE_TIME": "2025-06-20 10:05:52", "START_TIME": "2025-06-20 12:00:00", "END_TIME": "2025-06-27 12:00:00", "InPoly_FID": 8, "fill": "darkorchid", "color": "darkorchid" }, "geometry": { "type": "MultiPolygon", "coordinates": [ [ [ [ -86.0, 45.185584155230885 ], [ -85.99798433647797, 47.924582571578675 ], [ -85.504602595205455, 47.965248871137739 ], [ -85.142758746331282, 47.718767708403135 ], [ -84.003722083595434, 47.277957057463141 ], [ -83.717368639320298, 47.237540327017143 ], [ -83.186954122343806, 46.8992282935505 ], [ -82.621424259631254, 46.716730001336103 ], [ -82.554892888833962, 46.603303106924962 ], [ -83.04839675876039, 46.47212214967 ], [ -83.12321917062738, 46.378444749045556 ], [ -83.103129042245769, 46.248623439713334 ], [ -82.876293956139335, 46.161915401859005 ], [ -82.482951466111203, 46.15064883024467 ], [ -82.280579757037202, 46.019257155112236 ], [ -82.389428520038805, 45.977476876540386 ], [ -82.144475913092293, 45.912623208547089 ], [ -82.012180121031804, 45.78962833797403 ], [ -82.300978246549761, 45.613839060068926 ], [ -83.02208840191777, 45.672622098731679 ], [ -84.541794190498578, 45.508763159449884 ], [ -84.839679211475712, 45.34084548895693 ], [ -84.770902956691216, 45.181288546040506 ], [ -84.855195288733839, 45.119973762518129 ], [ -85.278030536170959, 45.105479681887061 ], [ -85.518983068015217, 45.295052440136445 ], [ -86.0, 45.185584155230885 ] ] ], [ [ [ -80.691070592064946, 46.050016320220195 ], [ -80.998690973566895, 45.939709504037431 ], [ -81.282712273393599, 46.052613807498275 ], [ -81.782912598622971, 46.023389698727655 ], [ -81.687666760244483, 46.137572711710625 ], [ -80.928868923283119, 46.338905146579307 ], [ -80.684942047429175, 46.244282927638274 ], [ -80.691070592064946, 46.050016320220195 ] ] ], [ [ [ -79.790267562118643, 44.415151947561057 ], [ -80.289166216798534, 44.455680092036729 ], [ -80.706334197500425, 44.73225756593385 ], [ -80.436812635681278, 44.807608104908155 ], [ -79.590198886607908, 44.574389849010778 ], [ -79.586927806934426, 44.355826839801992 ], [ -79.790267562118643, 44.415151947561057 ] ], [ [ -80.043156746711972, 44.501908896013568 ], [ -80.037415131092303, 44.518985497941863 ], [ -80.05718130197414, 44.529752110435034 ], [ -80.061526898770211, 44.505999474611137 ], [ -80.043156746711972, 44.501908896013568 ] ] ], [ [ [ -77.294230180331638, 46.847440853855154 ], [ -76.781776348046463, 46.700555721420557 ], [ -76.718500957650591, 46.589214842182294 ], [ -76.824881928344766, 46.542780780091022 ], [ -77.203048817536114, 46.645030990962489 ], [ -77.399392074270665, 46.571392217992667 ], [ -77.609611199518994, 46.609647855537112 ], [ -77.52676583961447, 46.820928335595589 ], [ -77.294230180331638, 46.847440853855154 ] ] ], [ [ [ -81.403561217752383, 45.009851745011183 ], [ -81.380604661410558, 45.102646165348816 ], [ -81.217112057193376, 45.124010608337663 ], [ -80.716242113928274, 44.939222779530937 ], [ -81.036916907896838, 44.773828643250454 ], [ -81.351316233068644, 44.910766577561851 ], [ -81.403561217752383, 45.009851745011183 ] ] ] ] } },
{ "type": "Feature", "properties": { "PRODUCT": "7-day QPF", "VALID_TIME": "12Z 06/20/25 - 12Z 06/27/25", "QPF": 1.25, "UNITS": "Inches", "ISSUE_TIME": "2025-06-20 10:05:52", "START_TIME": "2025-06-20 12:00:00", "END_TIME": "2025-06-27 12:00:00", "InPoly_FID": 6, "fill": "cyan", "color": "cyan" }, "geometry": { "type": "MultiPolygon", "coordinates": [ [ [ [ -81.082838778486803, 43.251953991183825 ], [ -81.1732302668633, 43.139151490049301 ], [ -81.029541132816973, 42.997605640987615 ], [ -81.080002487624654, 42.883942257529213 ], [ -81.473643218759491, 42.847317035352944 ], [ -81.612701957629213, 42.9325410435344 ], [ -81.601672524567334, 43.228218360688857 ], [ -81.307619790420972, 43.315601095214447 ], [ -81.082838778486803, 43.251953991183825 ] ] ], [ [ [ -71.100710977829351, 45.041469951077431 ], [ -71.267419638305626, 44.896259965425145 ], [ -71.231779064951866, 45.08435213534284 ], [ -71.458097703546116, 45.214083103252676 ], [ -71.392281976132267, 45.446989674234146 ], [ -71.038629876767345, 45.278755431717855 ], [ -71.100710977829351, 45.041469951077431 ] ] ], [ [ [ -72.191496986896368, 45.50071220820189 ], [ -72.316535558569115, 45.351642893504788 ], [ -72.438289495863501, 44.765432509902439 ], [ -72.639685436633556, 44.579577872121149 ], [ -72.578540686303597, 44.415289932984081 ], [ -72.771770193839359, 44.303537022515627 ], [ -72.960512069976005, 43.985481067297485 ], [ -73.03477109860728, 44.175317311344884 ], [ -73.000245083843481, 44.408225610823308 ], [ -73.196928502448372, 44.802164169540845 ], [ -73.016412249325811, 45.305220040572465 ], [ -72.630428598800734, 45.578328540929476 ], [ -72.785851578787288, 45.698546729348152 ], [ -72.87232786324023, 46.035799191179763 ], [ -72.068592797819349, 46.442180704076293 ], [ -71.867991372104086, 46.465679097912073 ], [ -71.379901526634114, 46.336811642843088 ], [ -70.757705462037393, 46.556896749385544 ], [ -70.548570287588689, 46.837360775979107 ], [ -70.367001702666414, 46.704453995255733 ], [ -70.360470267488836, 46.599685141556108 ], [ -70.540149552160074, 46.408763748548211 ], [ -70.540115322164354, 46.270235236467045 ], [ -70.204918986621919, 46.1507454008796 ], [ -70.086169729249548, 45.925546887678763 ], [ -70.353860960015254, 45.80881459561715 ], [ -70.584741594049262, 46.14878658483309 ], [ -70.977369024860593, 46.255209879932067 ], [ -71.520495372263554, 45.675121605977381 ], [ -71.710608462710354, 45.573328519895313 ], [ -72.077756550424397, 45.647251043800679 ], [ -72.183484784694997, 45.598073600716134 ], [ -72.191496986896368, 45.50071220820189 ] ] ], [ [ [ -72.740543567731436, 47.350801216702848 ], [ -72.647622690234925, 47.535506902221812 ], [ -72.722704606632249, 47.777177759546021 ], [ -72.526008500518103, 48.0 ], [ -70.535556156524407, 48.0 ], [ -71.008554995316729, 47.729331330176819 ], [ -71.22558883795449, 47.708276663237484 ], [ -71.431278670074505, 47.366680930080918 ], [ -71.938659307980629, 47.122248123452209 ], [ -71.989814851274332, 47.013078081188553 ], [ -72.248932820693085, 47.325012476244808 ], [ -72.740543567731436, 47.350801216702848 ] ] ], [ [ [ -86.0, 44.490119031275228 ], [ -86.0, 48.0 ], [ -84.636181026726689, 48.0 ], [ -84.510744821116589, 47.886184104512893 ], [ -84.146383119085613, 47.80123568188128 ], [ -83.172321667011261, 47.674146932934661 ], [ -82.787980591331177, 47.480070634552192 ], [ -82.455205027489967, 47.128375263008024 ], [ -82.086757465284734, 47.059237868033222 ], [ -81.877265442546104, 47.101515881452826 ], [ -81.451956340112986, 46.96236427678997 ], [ -80.838972605001686, 47.044247367422145 ], [ -80.746578290455716, 47.187183558474487 ], [ -80.784536354669001, 47.372164745906332 ], [ -80.687871799144204, 47.510365558523745 ], [ -80.632161565603724, 47.375494126053127 ], [ -80.216666214274312, 47.188637523902685 ], [ -79.815818220034771, 47.399107743727427 ], [ -79.894218485494662, 47.507262826418355 ], [ -80.218545476292661, 47.582115383318353 ], [ -81.10506662272644, 47.628053935141054 ], [ -81.144037763332051, 47.885886062891529 ], [ -81.338478445423902, 47.934886043656036 ], [ -81.29490396978575, 48.0 ], [ -76.08258463168508, 48.0 ], [ -76.232041256798539, 47.940656080413817 ], [ -76.471229846779977, 47.986029288720772 ], [ -76.562767814283177, 47.885876195530045 ], [ -76.341723545705008, 47.659286025529696 ], [ -74.42803076250965, 46.964859076185462 ], [ -74.257461765747848, 46.824043754515685 ], [ -74.247294615254248, 46.563665891567723 ], [ -74.060559705765797, 46.491972536103731 ], [ -73.875632432690566, 46.22860419622674 ], [ -74.444002499016051, 45.87279209437969 ], [ -74.552292859527824, 45.659439030287047 ], [ -74.67962803710418, 45.605914339974845 ], [ -76.088500871517965, 46.019190881254247 ], [ -76.802894726310512, 46.092765310870448 ], [ -77.178301311756115, 46.034322054719098 ], [ -77.924460273422824, 46.081847105959241 ], [ -78.53883576515841, 45.822405471435388 ], [ -78.892041017478959, 45.820674494132675 ], [ -78.916926295412168, 45.509125092549027 ], [ -79.195593052077641, 45.331772461929631 ], [ -79.046170213884238, 45.120453354039114 ], [ -79.006748679308089, 44.829723784824864 ], [ -79.156973808094733, 44.667117516760015 ], [ -79.248051906370335, 44.189628126836624 ], [ -79.635529821843761, 44.140321112129698 ], [ -80.535696170341964, 44.346277390888929 ], [ -80.741013545538635, 44.107028703711762 ], [ -80.469563831205789, 43.785294894543824 ], [ -80.631589567104811, 43.690786263075609 ], [ -80.94195092829267, 43.701230063916341 ], [ -81.186222397445647, 43.805685123469743 ], [ -81.206958852768821, 43.991608954189928 ], [ -81.403223062294444, 44.156199012474474 ], [ -81.244190064220049, 44.498692485769652 ], [ -81.355584643416535, 44.672610219685964 ], [ -81.923702659450157, 44.758046183684485 ], [ -81.95692456821422, 44.847154224388021 ], [ -81.863240808416549, 44.925014459549743 ], [ -81.949689037618953, 45.12982793561082 ], [ -82.668067881027866, 45.378737264313372 ], [ -82.794398550053018, 45.36389454839474 ], [ -82.881465140503792, 45.182100013305046 ], [ -83.118843651513259, 45.051986966625236 ], [ -83.130199005179918, 44.876954733474236 ], [ -83.314378027923624, 44.912863249039788 ], [ -83.38567399276053, 45.104927987037001 ], [ -83.675759569148738, 45.095592062823471 ], [ -83.852017791387937, 44.993267342513889 ], [ -83.664769857343003, 44.751588130487903 ], [ -84.330563725535455, 44.766626381502363 ], [ -84.500686270954589, 44.667746332627189 ], [ -84.596660475400597, 44.468586717103392 ], [ -84.270412389719979, 44.389812848983865 ], [ -84.187665628865659, 44.287087788270867 ], [ -84.323073491648302, 44.104498305552397 ], [ -84.852627483871231, 44.114405571759789 ], [ -85.53331364760669, 44.454926041303793 ], [ -86.0, 44.490119031275228 ] ], [ [ -81.220083697204814, 47.975578501047039 ], [ -81.236186714944893, 47.980528608808299 ], [ -81.242986666101729, 47.970351831971527 ], [ -81.210211825615204, 47.968193885339588 ], [ -81.220083697204814, 47.975578501047039 ] ], [ [ -80.712403880034969, 47.339960694330614 ], [ -80.697184279830594, 47.373240086860562 ], [ -80.753921333202925, 47.375104977712624 ], [ -80.747836475273061, 47.343377144139936 ], [ -80.712403880034969, 47.339960694330614 ] ], [ [ -81.1902637510712, 45.29218131791356 ], [ -80.710801122673615, 45.190677712806234 ], [ -80.632966172850558, 45.211103231129243 ], [ -80.873093289923361, 45.51997784030516 ], [ -81.038555621344813, 45.578152023796918 ], [ -81.338237258942286, 45.49408166863418 ], [ -81.332933546745721, 45.392670923024752 ], [ -81.1902637510712, 45.29218131791356 ] ], [ [ -80.819807692470988, 45.534146245452916 ], [ -80.834592356252188, 45.530368134182083 ], [ -80.838597272945776, 45.527283213149815 ], [ -80.815488651579983, 45.519685844825915 ], [ -80.819807692470988, 45.534146245452916 ] ], [ [ -84.294554235889223, 44.797267451831488 ], [ -84.321885983651214, 44.819930715430246 ], [ -84.34171294469661, 44.774090083590522 ], [ -84.297552982084426, 44.773288169813213 ], [ -84.294554235889223, 44.797267451831488 ] ], [ [ -80.561495858247213, 45.171042169760369 ], [ -80.570131242063155, 45.170073549554729 ], [ -80.586227516686506, 45.163790533206623 ], [ -80.560237094266427, 45.160238844247317 ], [ -80.561495858247213, 45.171042169760369 ] ], [ [ -81.716915465576221, 44.83297895831231 ], [ -81.694044306599437, 44.85614614532841 ], [ -81.831724141955533, 44.882999837772331 ], [ -81.784905219500217, 44.812880543202539 ], [ -81.716915465576221, 44.83297895831231 ] ], [ [ -81.855997734307948, 44.82732820223481 ], [ -81.877406947272789, 44.835130556629963 ], [ -81.903048188123364, 44.827056975698895 ], [ -81.879579024052703, 44.820857339994291 ], [ -81.855997734307948, 44.82732820223481 ] ] ], [ [ [ -67.497582588065939, 47.658187509046343 ], [ -67.144368478068046, 48.0 ], [ -66.871721552172701, 48.0 ], [ -67.242217063266821, 47.543717683724196 ], [ -67.346992946067587, 47.53553480099032 ], [ -67.497582588065939, 47.658187509046343 ] ] ], [ [ [ -68.843371489202809, 47.369246525906476 ], [ -68.611369290860068, 47.736072212062993 ], [ -68.625581328276169, 48.0 ], [ -67.886576281910635, 48.0 ], [ -68.10376272077292, 47.7704280571092 ], [ -67.814462858673949, 47.668854254520284 ], [ -67.979187872822024, 47.498819268894181 ], [ -68.312375906223053, 47.357933210149554 ], [ -68.412177791671695, 47.172805015039444 ], [ -68.537036350547112, 47.197050472101637 ], [ -68.514708824552599, 47.39415974397707 ], [ -68.134366466539177, 47.680835092065877 ], [ -68.282005385240325, 47.684233055411255 ], [ -68.743547362620632, 47.356475427998646 ], [ -68.843371489202809, 47.369246525906476 ] ] ] ] } },
{ "type": "Feature", "properties": { "PRODUCT": "7-day QPF", "VALID_TIME": "12Z 06/20/25 - 12Z 06/27/25", "QPF": 1.0, "UNITS": "Inches", "ISSUE_TIME": "2025-06-20 10:05:52", "START_TIME": "2025-06-20 12:00:00", "END_TIME": "2025-06-27 12:00:00", "InPoly_FID": 5, "fill": "deepskyblue", "color": "deepskyblue" }, "geometry": { "type": "MultiPolygon", "coordinates": [ [ [ [ -69.866701380668189, 47.637167768072914 ], [ -69.781223237595384, 47.790397118538991 ], [ -69.536421148942026, 47.937584199452665 ], [ -69.417455045135739, 47.849954083836963 ], [ -69.266775753191837, 47.934976699209592 ], [ -69.071008169239292, 47.904774808774356 ], [ -68.954083530916222, 48.0 ], [ -66.578385471210055, 48.0 ], [ -67.301020209477215, 47.359693533100604 ], [ -67.373026054982617, 47.152875951933588 ], [ -67.812266471096692, 47.104534731680083 ], [ -68.47517138938278, 46.648093273177935 ], [ -68.856063280441447, 46.590320860316012 ], [ -69.010851859422488, 46.604644762398863 ], [ -69.039865633996484, 46.684776664663545 ], [ -68.706191103646702, 46.82370459526264 ], [ -68.580668815281086, 46.953036135913933 ], [ -68.608244630612361, 47.039162811187637 ], [ -68.877218116039558, 46.971747657238808 ], [ -69.22450035936015, 46.673852423421081 ], [ -69.405577598220006, 46.822306608741528 ], [ -69.264916165776171, 46.987613831809206 ], [ -69.02847084984711, 47.090191752053251 ], [ -68.842889170806117, 47.734975875315627 ], [ -69.240277863801296, 47.663914884555609 ], [ -69.426052513437853, 47.428333609258075 ], [ -69.601272059230453, 47.37241682264662 ], [ -69.697884396430865, 47.393740764481407 ], [ -69.866701380668189, 47.637167768072914 ] ] ], [ [ [ -86.0, 43.843848950405338 ], [ -86.0, 48.0 ], [ -70.242031453589888, 48.0 ], [ -70.811221039463334, 47.692286969965629 ], [ -70.861195565562667, 47.481724384548585 ], [ -71.041839017526286, 47.267218192314026 ], [ -71.283915000659846, 47.207739450974842 ], [ -71.546254149430951, 46.975512274067903 ], [ -71.264434616192517, 46.789423681701635 ], [ -70.141643836781356, 47.163460276331421 ], [ -70.291224015570023, 46.403038886051178 ], [ -69.887677707282933, 46.197812110150153 ], [ -69.779599787170085, 46.418338205456379 ], [ -69.674482838164948, 46.443765438622961 ], [ -69.658917220583717, 46.09827328202568 ], [ -69.749077325919771, 45.925453238674791 ], [ -70.366664498240169, 45.683671863658766 ], [ -70.49886449855174, 45.675567182594506 ], [ -70.645300301560908, 45.79176424339299 ], [ -70.819588714944416, 45.690201663655571 ], [ -70.921654482512778, 45.38004795512709 ], [ -70.764535155063669, 45.261661420957914 ], [ -70.780635168248637, 45.135054169928651 ], [ -70.993662770572087, 45.086875776316859 ], [ -71.363750922337118, 44.627844022200961 ], [ -71.205443126064097, 44.236669830887621 ], [ -71.509435729846871, 44.045844381949109 ], [ -71.864352319471607, 43.987567510466505 ], [ -71.823784939383231, 44.104358901903012 ], [ -71.416332455253951, 44.345780416845272 ], [ -71.512548617631595, 44.466714575873006 ], [ -71.479015712922134, 44.636951849712396 ], [ -71.742468285677631, 44.790168333343466 ], [ -71.688980347903595, 44.525570233475214 ], [ -71.892809263889617, 44.503685339272337 ], [ -71.971731324017199, 44.622278962032155 ], [ -72.059114997198549, 44.620709881212093 ], [ -72.305412924785912, 44.0917632129322 ], [ -72.424762933608747, 44.141815419131063 ], [ -72.396247979895506, 44.342818531082813 ], [ -72.680773136530817, 44.269789627980302 ], [ -72.903245247866977, 43.958938757871209 ], [ -72.943664223226222, 43.770584860766995 ], [ -73.037551240696445, 43.861659679626044 ], [ -73.143504814122352, 44.376960075402373 ], [ -73.347181486139164, 44.607755948209608 ], [ -73.559281753837439, 44.698612452497436 ], [ -73.952202804945216, 44.598160351273719 ], [ -74.203196260328241, 44.413010453813051 ], [ -74.24144313188728, 44.24067989888114 ], [ -73.890237207068225, 44.169647556503612 ], [ -73.887001234288945, 44.084108663070808 ], [ -74.286352548372491, 44.080101688127741 ], [ -74.532957233461346, 43.917689304341131 ], [ -74.854024277228632, 43.933065650555911 ], [ -75.236940297586244, 43.741478389340422 ], [ -75.287514555710416, 44.232529620513631 ], [ -75.231622977284715, 44.706826838139435 ], [ -75.073884260068539, 44.834209477103563 ], [ -74.766874548084701, 44.845904957580103 ], [ -74.536777796996702, 44.963874901097896 ], [ -74.509636371057937, 45.241471290279392 ], [ -75.11448278341247, 45.586417963502591 ], [ -75.756964324995579, 45.650183277485517 ], [ -76.005794184124014, 45.770974981652977 ], [ -76.63787539251075, 45.750657068827863 ], [ -76.951094439953067, 45.82921015072462 ], [ -78.048262070335412, 45.701641931720282 ], [ -78.257711067703255, 45.472213087783629 ], [ -78.313632328987609, 45.24396423225253 ], [ -78.545302571969756, 45.060393275503849 ], [ -78.548178303177707, 44.931217725424801 ], [ -78.352822384761765, 44.74579633679668 ], [ -78.385068091571426, 44.657741997205129 ], [ -78.830660486201865, 44.57917358245254 ], [ -79.035111704775488, 44.41321959366023 ], [ -79.100428431034345, 44.176935600236177 ], [ -79.219795798464986, 44.077250095867079 ], [ -80.16300936672836, 44.049075504710245 ], [ -80.250821535319503, 43.556109822578875 ], [ -80.999468864776119, 43.552953730809364 ], [ -80.873947259780806, 43.381867138800125 ], [ -80.812746340758181, 43.005504241817576 ], [ -81.038068142376289, 42.739280825855289 ], [ -81.69915823340466, 42.681280485140562 ], [ -81.865400559410659, 42.784729400900964 ], [ -81.851683188298068, 42.904129717726029 ], [ -82.221740120642764, 43.009609781134593 ], [ -81.845138406605031, 43.225299840565192 ], [ -81.788332138217342, 43.397396146929708 ], [ -81.958273380348786, 43.583248516846609 ], [ -81.6954804091325, 43.670625745417873 ], [ -81.51939512926208, 43.951881659790864 ], [ -81.685452670700343, 44.324489280035934 ], [ -81.78448239003022, 44.363095854796548 ], [ -82.038494881412433, 44.213525912247917 ], [ -82.330347049040569, 44.385331621156908 ], [ -82.716468290825532, 44.411007735565732 ], [ -82.993371395816382, 44.682624639491628 ], [ -83.144527388379416, 44.64389926721968 ], [ -82.996104846592161, 44.487261099064014 ], [ -83.617492226623071, 44.51603710783386 ], [ -83.570233410647845, 44.367404069349057 ], [ -83.847256296328382, 44.254967691508654 ], [ -83.562650981683163, 44.0741240615599 ], [ -83.687161632580583, 43.935458460135052 ], [ -84.876062046478509, 44.015352331737908 ], [ -85.599023248293122, 43.973116059498132 ], [ -86.0, 43.843848950405338 ] ], [ [ -71.431644394863198, 44.841381883238164 ], [ -71.410617002961757, 44.90371148771596 ], [ -71.555636207148936, 44.985826217186172 ], [ -71.495383194224644, 44.851756323465843 ], [ -71.431644394863198, 44.841381883238164 ] ], [ [ -82.171655529402202, 44.54792044716028 ], [ -82.225429528565968, 44.602000404292546 ], [ -82.261364897862777, 44.60547024789895 ], [ -82.209079434134608, 44.551528377539121 ], [ -82.171655529402202, 44.54792044716028 ] ], [ [ -72.270300636747777, 44.77920066235523 ], [ -72.185894171228043, 44.701736584716066 ], [ -72.221609157591317, 44.992601500987227 ], [ -72.348482986232739, 44.931426916755953 ], [ -72.270300636747777, 44.77920066235523 ] ], [ [ -73.450184723454868, 47.491796883411894 ], [ -73.354630857175465, 47.507006285939703 ], [ -73.332063880478231, 47.592278934975326 ], [ -73.465150449888128, 47.580712379008091 ], [ -73.450184723454868, 47.491796883411894 ] ], [ [ -71.542255368790819, 44.099730153144655 ], [ -71.538824760003294, 44.061180210941359 ], [ -71.492252127397165, 44.06277999913668 ], [ -71.515278719208254, 44.098319462047336 ], [ -71.542255368790819, 44.099730153144655 ] ], [ [ -73.263696345608324, 47.53389767330102 ], [ -73.237986702359393, 47.514085272469458 ], [ -73.201907524779926, 47.546861168659653 ], [ -73.24022573953269, 47.555165672295075 ], [ -73.263696345608324, 47.53389767330102 ] ], [ [ -71.52987435630024, 44.827250647362085 ], [ -71.526885102912971, 44.827501586989776 ], [ -71.524746372425511, 44.832198713301516 ], [ -71.529315308842371, 44.832142604995006 ], [ -71.52987435630024, 44.827250647362085 ] ], [ [ -82.385842479922687, 44.686589016255517 ], [ -82.384075950259344, 44.68435298762931 ], [ -82.379476392470238, 44.686625009703228 ], [ -82.38414337493225, 44.687616606912947 ], [ -82.385842479922687, 44.686589016255517 ] ], [ [ -82.050191822601491, 44.546505183473556 ], [ -82.047827500413305, 44.544916740603526 ], [ -82.04549308634914, 44.546461023184037 ], [ -82.04786549998353, 44.548053310580102 ], [ -82.050191822601491, 44.546505183473556 ] ], [ [ -73.465943660473044, 47.88423653529258 ], [ -73.464828504218033, 47.882675338613289 ], [ -73.462627925310443, 47.88422876766073 ], [ -73.464835007878122, 47.885785830842309 ], [ -73.465943660473044, 47.88423653529258 ] ] ] ] } },
{ "type": "Feature", "properties": { "PRODUCT": "7-day QPF", "VALID_TIME": "12Z 06/20/25 - 12Z 06/27/25", "QPF": 0.75, "UNITS": "Inches", "ISSUE_TIME": "2025-06-20 10:05:52", "START_TIME": "2025-06-20 12:00:00", "END_TIME": "2025-06-27 12:00:00", "InPoly_FID": 4, "fill": "dodgerblue", "color": "dodgerblue" }, "geometry": { "type": "MultiPolygon", "coordinates": [ [ [ [ -86.0, 43.632985830819813 ], [ -86.0, 48.0 ], [ -66.05058722802913, 48.0 ], [ -66.337246597761805, 47.82838739992625 ], [ -66.440868856208624, 47.599445821177831 ], [ -66.361679374497271, 47.443035401932754 ], [ -66.514403741595018, 47.339720036495955 ], [ -66.509100281628179, 47.191842256650659 ], [ -67.320920747521356, 46.589767747338755 ], [ -67.279525702498319, 46.366250139532241 ], [ -67.611141558225839, 46.437946529665247 ], [ -67.779516822895005, 46.390752586571494 ], [ -68.556930283322629, 45.837072718135033 ], [ -68.5811402929357, 45.717016394722961 ], [ -68.472737479689499, 45.595586834760255 ], [ -68.188158930523755, 45.494219609643139 ], [ -68.321703760517238, 45.030829070078028 ], [ -68.5758797248901, 45.118591176177617 ], [ -68.800744125068434, 45.081389802709978 ], [ -68.900602731211578, 45.24624045353869 ], [ -69.039024996455424, 45.155376728340492 ], [ -69.335214803815035, 45.213338419909199 ], [ -69.703618070626845, 45.350352565314431 ], [ -69.839809409350664, 45.579237009020041 ], [ -70.182244042997155, 45.40690905371649 ], [ -70.218090486570517, 45.56232903254476 ], [ -70.027419812367754, 45.56962072834154 ], [ -70.249776304038477, 45.614355870011913 ], [ -70.366317694596432, 45.546504103635641 ], [ -70.409692738931355, 45.36492934042478 ], [ -70.596048602821696, 45.252183202118864 ], [ -70.595820526649149, 45.058926831182418 ], [ -70.803946640385192, 44.919687787511222 ], [ -70.298130221217491, 45.062365621195021 ], [ -70.267892451167143, 44.949452019480951 ], [ -70.47190726526739, 44.824285959604126 ], [ -70.309698299364896, 44.670250696266343 ], [ -70.702494560117927, 44.658434081609556 ], [ -70.986713642682389, 44.426620509843254 ], [ -71.190801365763377, 44.578759617638312 ], [ -71.206635177738207, 44.370979423816998 ], [ -71.105692410404117, 44.341118603617097 ], [ -71.112523942236578, 44.252537352291192 ], [ -71.387421150149507, 44.071920197097299 ], [ -71.454182916861313, 43.898444192898388 ], [ -72.36604273554012, 43.888891705131314 ], [ -72.635021798787236, 43.971731291371007 ], [ -72.843596253623488, 43.558426214907733 ], [ -73.173570147018509, 43.727304709428033 ], [ -73.173064454630435, 44.094923754767223 ], [ -73.41550095807689, 44.317290582376671 ], [ -73.524862308558085, 44.323233437247154 ], [ -73.630014134023298, 44.196336198122495 ], [ -73.509220985754837, 44.107073758155835 ], [ -73.541576347883804, 43.797253491081101 ], [ -73.608719238679498, 43.806472145320711 ], [ -73.67066103677297, 44.028945540435132 ], [ -74.004630561738651, 43.81416346739892 ], [ -74.247316562586121, 43.877223727553897 ], [ -74.425254053867803, 43.717002142750239 ], [ -74.582053587139541, 43.634407746944994 ], [ -74.765110155910946, 43.649366501020204 ], [ -74.846584644142837, 43.381545841101698 ], [ -74.787830308957723, 43.241201741224558 ], [ -75.056995852072518, 43.02010390684611 ], [ -75.054811502916507, 42.789001443592781 ], [ -75.179604662904808, 42.72772543354283 ], [ -75.494119514147954, 42.718336394349926 ], [ -75.841179484810667, 42.916481696253157 ], [ -75.279045023850458, 43.046586181197824 ], [ -75.237804047405575, 43.152326678960186 ], [ -75.307509132366732, 43.298200969674916 ], [ -75.525080865997566, 43.417916480363623 ], [ -75.355721974830772, 43.508781033825024 ], [ -75.407338611998725, 43.634369182325138 ], [ -75.793686446636457, 43.488093785801276 ], [ -75.834049193455812, 43.386781552762457 ], [ -75.671858417744772, 43.340680744833143 ], [ -75.748029455407675, 43.277399414855275 ], [ -75.86487450394776, 43.295538037184727 ], [ -76.053341360325533, 43.486064489429694 ], [ -76.182499003010847, 43.782598629391892 ], [ -76.050794811773144, 43.910235330189451 ], [ -75.997308729020219, 44.184714244012994 ], [ -76.047750904335444, 44.403807261387712 ], [ -75.814744378753147, 44.9801161625563 ], [ -76.400480493696904, 45.351611900157856 ], [ -76.871248345264846, 45.324569046274178 ], [ -77.665453706403767, 45.108654067804821 ], [ -77.729177093061892, 45.020774359228838 ], [ -77.622622739489415, 44.72387786388925 ], [ -77.925256584750855, 44.496061087045085 ], [ -78.709080823944589, 44.409545992476758 ], [ -78.776665824600514, 44.198443950636204 ], [ -79.053661758805731, 43.950234674968129 ], [ -79.407249293807197, 43.971235785400097 ], [ -79.84967791949623, 43.826089032667547 ], [ -79.966081399136016, 43.628497993296328 ], [ -79.754078238456515, 43.482178897377359 ], [ -79.731053654735533, 43.333802286767252 ], [ -80.085525413226819, 43.261449575240022 ], [ -80.429321703370974, 43.382577599696432 ], [ -80.355677025582025, 43.282643980668233 ], [ -80.524125792576399, 43.184338501777063 ], [ -80.524394986225786, 43.019965165475909 ], [ -80.733594675005421, 42.879937092209403 ], [ -80.799176635681619, 42.520300524544048 ], [ -80.919873105004825, 42.418345323953183 ], [ -81.656030433669486, 42.435369994468182 ], [ -82.031904913558023, 42.669134935610096 ], [ -82.571904084432632, 42.762856334599384 ], [ -82.493994831608674, 42.923219655791634 ], [ -82.539516082809953, 42.982599113754389 ], [ -83.077478501900188, 42.953612061600779 ], [ -83.898540227801675, 42.640011180959334 ], [ -84.767290038591256, 43.001854700082887 ], [ -84.776368782189039, 43.092938396828032 ], [ -84.507369496095123, 43.199937761292489 ], [ -84.435160803216348, 43.461630084860488 ], [ -84.336968320439794, 43.516250475311097 ], [ -83.980814366649483, 43.387526788488103 ], [ -84.069626290276659, 43.0416140744817 ], [ -83.916146331817401, 42.912410280359552 ], [ -83.241294325285665, 42.973425985288785 ], [ -83.188127622926089, 43.120595454772001 ], [ -82.637936578265709, 43.14821579657179 ], [ -82.718607241291437, 43.369911801077073 ], [ -82.908472121390076, 43.427700915227291 ], [ -83.096743069531485, 43.243031117108686 ], [ -83.285310055509697, 43.250572484898619 ], [ -83.434721602201947, 43.371604866630761 ], [ -83.445521974872904, 43.591971638133629 ], [ -83.745469034087179, 43.595793853289955 ], [ -84.054964735213815, 43.839849148546968 ], [ -84.809338925658906, 43.85521382148967 ], [ -85.025948757867724, 43.727776257245615 ], [ -85.531740510601765, 43.637847895414296 ], [ -85.461820839996221, 43.502579681613533 ], [ -85.646645391397854, 43.638521776756761 ], [ -86.0, 43.632985830819813 ] ], [ [ -68.378805956237031, 46.460691536466051 ], [ -68.395649732986385, 46.358948590827247 ], [ -68.014548368721663, 46.328851963172831 ], [ -68.21732907630772, 46.471159430996835 ], [ -68.378805956237031, 46.460691536466051 ] ], [ [ -69.836995530488167, 46.983340001714744 ], [ -69.90615541960787, 47.035031825987964 ], [ -69.957461384411886, 46.985620560916722 ], [ -69.936506792186506, 46.801709690522749 ], [ -69.748782333205469, 46.682001835298998 ], [ -69.389303390909362, 47.134715628805814 ], [ -69.836995530488167, 46.983340001714744 ] ], [ [ -68.521662564291759, 45.207818452279227 ], [ -68.633389384635052, 45.297606795759251 ], [ -68.715923656999806, 45.279760520315648 ], [ -68.610888345363762, 45.200567191642946 ], [ -68.521662564291759, 45.207818452279227 ] ], [ [ -68.263049824326032, 46.561815569725397 ], [ -68.079371863717626, 46.567183906656041 ], [ -68.022625621046799, 46.633311741750099 ], [ -68.130987739681757, 46.676582553828027 ], [ -68.263049824326032, 46.561815569725397 ] ], [ [ -71.065658858583006, 44.80852251973549 ], [ -71.135468071741002, 44.691934914759038 ], [ -70.968662935591908, 44.662883742942952 ], [ -70.982708019276856, 44.795638833593856 ], [ -71.065658858583006, 44.80852251973549 ] ], [ [ -83.055979595754096, 43.910508217085003 ], [ -82.812716472558634, 43.898862697714911 ], [ -82.447728668804373, 44.034916935993955 ], [ -82.722276088648584, 44.213819002582277 ], [ -82.999400155748987, 44.216594159066027 ], [ -83.210724285642996, 44.05354763326492 ], [ -83.055979595754096, 43.910508217085003 ] ], [ [ -73.786204175422952, 44.289473243117577 ], [ -73.745822434845394, 44.353740093445722 ], [ -73.748425864625816, 44.409551782301598 ], [ -73.782718627843636, 44.38528293733318 ], [ -73.786204175422952, 44.289473243117577 ] ], [ [ -70.812913836580762, 44.828377223645113 ], [ -70.83499896649657, 44.839897992128563 ], [ -70.858896953805129, 44.82979502615283 ], [ -70.833725750193821, 44.82394285369859 ], [ -70.812913836580762, 44.828377223645113 ] ], [ [ -66.683364479718676, 47.694850126930227 ], [ -66.70140635464702, 47.69253339566081 ], [ -66.708120133088983, 47.688100582826131 ], [ -66.678229070849298, 47.686167714608736 ], [ -66.683364479718676, 47.694850126930227 ] ], [ [ -75.75092981505226, 44.486483989954365 ], [ -75.736200398911578, 44.490169046526866 ], [ -75.768056422241528, 44.490157692416709 ], [ -75.763558992909253, 44.487125049348315 ], [ -75.75092981505226, 44.486483989954365 ] ], [ [ -73.801496980823032, 44.221510882593876 ], [ -73.799004144494859, 44.237946673957723 ], [ -73.801616401531547, 44.254399132157793 ], [ -73.803702508132659, 44.240622713017316 ], [ -73.801496980823032, 44.221510882593876 ] ], [ [ -69.32341247562664, 47.12693880756396 ], [ -69.313398838492063, 47.125631823063976 ], [ -69.313600450042514, 47.136301832980898 ], [ -69.314620319809592, 47.136048737908872 ], [ -69.32341247562664, 47.12693880756396 ] ], [ [ -68.790852954656316, 45.303112251650738 ], [ -68.782707537848708, 45.29372093919104 ], [ -68.775708465972144, 45.299233608271095 ], [ -68.779315123758266, 45.305206141167027 ], [ -68.790852954656316, 45.303112251650738 ] ], [ [ -71.990347481364807, 44.013354335915977 ], [ -71.98545820841224, 44.005021507148363 ], [ -71.978021658936925, 44.002782215366146 ], [ -71.977253570632257, 44.019155767784106 ], [ -71.990347481364807, 44.013354335915977 ] ], [ [ -82.164750629524406, 44.041399390681086 ], [ -82.160509469195731, 44.039146767145937 ], [ -82.155329627050307, 44.041458044392783 ], [ -82.160023444225814, 44.042413664528368 ], [ -82.164750629524406, 44.041399390681086 ] ], [ [ -83.14436752197075, 43.453092036131622 ], [ -83.138234712569727, 43.451099979418601 ], [ -83.13164697887504, 43.45435501960128 ], [ -83.140633986217679, 43.462690072407725 ], [ -83.14436752197075, 43.453092036131622 ] ], [ [ -80.178744637355422, 43.311897566341869 ], [ -80.174442842002605, 43.305508075896526 ], [ -80.166285038251715, 43.31114847297431 ], [ -80.16993188968577, 43.315562734420276 ], [ -80.178744637355422, 43.311897566341869 ] ], [ [ -74.447321492994561, 43.732914120922302 ], [ -74.445588061911167, 43.722947319767357 ], [ -74.436632988797811, 43.731386074635417 ], [ -74.442195441845939, 43.734862387453404 ], [ -74.447321492994561, 43.732914120922302 ] ], [ [ -76.25145807732666, 45.388370583339807 ], [ -76.242492772677082, 45.386126086596597 ], [ -76.237412360213511, 45.389750834551272 ], [ -76.242586949898936, 45.39758916149384 ], [ -76.25145807732666, 45.388370583339807 ] ] ], [ [ [ -82.144472073883662, 36.079422176460014 ], [ -82.075890679760533, 36.254310429409252 ], [ -81.823688306457299, 36.350603977158329 ], [ -81.658095204895304, 36.313303892575 ], [ -81.662402588068815, 36.142923545548356 ], [ -81.838850550663977, 36.020090283242517 ], [ -82.081343241175247, 36.003391209746923 ], [ -82.144472073883662, 36.079422176460014 ] ], [ [ -81.970312559813635, 36.117895153844323 ], [ -81.983558139101902, 36.101333953675493 ], [ -81.964535381855583, 36.0772972339456 ], [ -81.951221936748198, 36.112724232594594 ], [ -81.970312559813635, 36.117895153844323 ] ], [ [ -81.947943176121825, 36.144411113368854 ], [ -81.949609522716699, 36.124621685914875 ], [ -81.939664885270489, 36.121454026451701 ], [ -81.932829556553145, 36.15850090749133 ], [ -81.947943176121825, 36.144411113368854 ] ] ] ] } },
{ "type": "Feature", "properties": { "PRODUCT": "7-day QPF", "VALID_TIME": "12Z 06/20/25 - 12Z 06/27/25", "QPF": 0.5, "UNITS": "Inches", "ISSUE_TIME": "2025-06-20 10:05:52", "START_TIME": "2025-06-20 12:00:00", "END_TIME": "2025-06-27 12:00:00", "InPoly_FID": 3, "fill": "royalblue", "color": "royalblue" }, "geometry": { "type": "MultiPolygon", "coordinates": [ [ [ [ -82.495792336399518, 36.0 ], [ -82.249610928201719, 36.159408428256427 ], [ -82.087406244302713, 36.424116737297652 ], [ -81.796542107732023, 36.531111911285734 ], [ -81.535718111801373, 36.779463552401069 ], [ -81.197595443474881, 36.823157388302889 ], [ -81.073100296141718, 37.040373874254954 ], [ -80.919801652424269, 37.011729568664691 ], [ -80.662772102150768, 36.688584902171556 ], [ -80.824053583406112, 36.57739184575712 ], [ -81.187069410424897, 36.668062135659113 ], [ -81.427874352819117, 36.586161261832842 ], [ -81.415429861698726, 36.321631790175047 ], [ -81.692632900130448, 36.0 ], [ -82.495792336399518, 36.0 ] ] ], [ [ [ -86.0, 43.315054441912515 ], [ -86.0, 48.0 ], [ -65.255830053292655, 48.0 ], [ -65.50460469195292, 47.964097357407184 ], [ -65.925010413599693, 47.753441961777185 ], [ -65.896944037537253, 47.182535003287796 ], [ -66.231743229766209, 46.951358687453535 ], [ -66.507968077065073, 46.943026890478677 ], [ -66.649953049793396, 46.782745588438218 ], [ -66.688328044203843, 46.568502545356239 ], [ -66.883777330359464, 46.436536808027313 ], [ -66.894565864722836, 46.202810290962191 ], [ -67.285140031787023, 46.093314619474143 ], [ -67.402847308556431, 45.83775347324422 ], [ -67.165030691013555, 45.57319798599832 ], [ -66.919174504899445, 45.467649888631513 ], [ -66.88086550993529, 45.21179880636987 ], [ -66.528981508289917, 44.925858079386899 ], [ -66.275829887739064, 44.462198476478534 ], [ -66.266599912655806, 44.309228394674733 ], [ -66.384435002873033, 44.116098153407108 ], [ -67.043459485167091, 44.007168151888777 ], [ -67.319807288675406, 44.137381633955272 ], [ -67.622890967144372, 44.099327425920023 ], [ -67.956612205888575, 43.953918378030778 ], [ -68.005977818621375, 43.848419211877172 ], [ -68.46860656554054, 43.662115516517929 ], [ -68.864075509577049, 43.737061440133402 ], [ -69.106422862125328, 43.860078314262864 ], [ -69.37453125960991, 44.145615581094262 ], [ -69.510561270686026, 44.164216841733889 ], [ -69.680888877719497, 44.05192393783949 ], [ -69.47762007810411, 43.769053210337461 ], [ -69.455292674417365, 43.561991135082849 ], [ -69.099191947750171, 43.222349041475127 ], [ -69.320952341976977, 43.022327029169105 ], [ -69.638794652451224, 43.127582974574693 ], [ -70.008758804375304, 43.448102117119049 ], [ -70.253360480301865, 44.015548939432051 ], [ -70.54875354424064, 44.088495354477061 ], [ -71.013697439285352, 44.054822599383499 ], [ -71.250823878419226, 43.878611075340928 ], [ -71.293344472269553, 43.735724626690228 ], [ -71.521451483798899, 43.722251340826745 ], [ -71.983816107926998, 43.476622488037435 ], [ -72.249956349905574, 43.438749794667331 ], [ -72.425115950440727, 43.582581246427424 ], [ -72.889948931198205, 43.192224888867599 ], [ -72.850890237094745, 42.972413318320037 ], [ -73.093346260121791, 42.786057596281069 ], [ -73.348789011503641, 43.010032711340614 ], [ -73.288055907853845, 43.210621872101797 ], [ -73.447297522562565, 43.351996291495709 ], [ -73.340052229127025, 43.500839377235536 ], [ -73.534946083195166, 43.434192744599557 ], [ -73.777391243311172, 43.53427297022148 ], [ -74.319298078543454, 43.549344451185505 ], [ -74.446923993447513, 43.381662807892326 ], [ -74.4373938399537, 43.26058027116261 ], [ -74.304618216357539, 43.054344382387399 ], [ -74.050516197664365, 42.941862192786004 ], [ -73.957366827616966, 42.725840621647421 ], [ -74.154067405286469, 42.487934355186383 ], [ -74.506492025386649, 42.400151519477106 ], [ -74.477532118912109, 42.196402914462965 ], [ -74.694211107056901, 42.215137358402444 ], [ -74.810450584127125, 42.313156599597448 ], [ -75.173020113587313, 42.179163959449227 ], [ -75.164750235834674, 41.962009325270174 ], [ -74.767599514605877, 41.798536770855321 ], [ -74.875535320098891, 41.735061525469064 ], [ -75.133060346457796, 41.783364285233631 ], [ -74.768184172861254, 41.514545149938783 ], [ -75.337822051246633, 41.430457177956441 ], [ -75.390831327503747, 41.293181631926814 ], [ -75.333061254373376, 41.209404279483977 ], [ -75.453836986487715, 41.155474592978123 ], [ -75.447263110504082, 41.028880022395185 ], [ -75.548455681484484, 40.963022218400738 ], [ -75.871147823513184, 41.033592155153883 ], [ -76.025081102610784, 41.164456357874656 ], [ -76.799716211034252, 41.329470835910399 ], [ -76.837404215132381, 41.438588480973692 ], [ -77.560179297236743, 41.296161951013289 ], [ -77.968995884652315, 41.488769849848723 ], [ -77.836959116170249, 41.660151843632718 ], [ -77.287010996460253, 41.756700899227155 ], [ -76.989761763294723, 41.958333524472607 ], [ -76.998294215205817, 42.108491097086528 ], [ -77.313726431629505, 42.357871689426986 ], [ -76.929691845801983, 42.347219765679711 ], [ -76.792900375152158, 42.463566039041496 ], [ -76.505669067973088, 42.451501198521555 ], [ -76.821545772519357, 43.001139086299872 ], [ -76.71449189258675, 43.249809172855123 ], [ -76.806958921816772, 43.452025953634916 ], [ -76.702931600512898, 43.484747833046129 ], [ -76.697876385386849, 43.624493990305439 ], [ -76.56291768989945, 43.74476984775032 ], [ -76.520365037016802, 43.989459811021504 ], [ -76.831079378510481, 44.378378099569716 ], [ -78.105274133794182, 44.276626795090579 ], [ -78.302102903526134, 44.180400279549303 ], [ -78.151098210014368, 44.088490609653945 ], [ -77.394346093497404, 44.076202782232656 ], [ -76.979454382413792, 43.756872533540616 ], [ -76.950514266420214, 43.583379801236902 ], [ -77.228952964907364, 43.643548418424814 ], [ -77.816203548454951, 43.993842079648289 ], [ -78.222866732613568, 43.922593525271054 ], [ -78.695874735130872, 43.969462786378529 ], [ -78.780397903440473, 43.887092050058129 ], [ -78.599607452421935, 43.723276903406429 ], [ -79.015068926289871, 43.647584027181153 ], [ -78.795767827123484, 43.275464328915689 ], [ -79.139204052524974, 43.182972776972122 ], [ -79.055900436855666, 42.955671823296086 ], [ -79.099059638391566, 42.892584513964209 ], [ -79.519656451583955, 42.945483413728596 ], [ -80.381135357810479, 42.897514522777044 ], [ -80.501469915803909, 42.559269931562142 ], [ -80.256720560405483, 42.357265225309959 ], [ -79.943244047474764, 42.241731833857102 ], [ -79.236325847659714, 42.198928755757549 ], [ -79.298713761430918, 42.534840249278147 ], [ -78.753639726192375, 42.663954980138271 ], [ -78.373555736208232, 42.494943878956917 ], [ -78.286387885692307, 42.358711134611212 ], [ -78.479853084851925, 41.852201981136545 ], [ -78.752899944776573, 41.793732806523849 ], [ -79.331659945250237, 41.878925495815054 ], [ -79.872711088146161, 41.805819898069899 ], [ -80.130444077332243, 41.644548447852628 ], [ -80.237769787245838, 41.471962661147927 ], [ -80.592532641967807, 41.578028840858394 ], [ -80.305823098956807, 41.894495049207194 ], [ -80.505504526312791, 42.105192337056735 ], [ -82.480238997531671, 42.465643053883866 ], [ -83.003050409049081, 42.676939238954787 ], [ -83.279781036865302, 42.648930925821617 ], [ -83.435348869754478, 42.236291553312583 ], [ -84.115683357201135, 42.132233194606272 ], [ -84.219252214018411, 42.229601839253519 ], [ -84.195034841884421, 42.394608147847805 ], [ -84.402231593313331, 42.600113358144995 ], [ -85.045250624416724, 42.666957341608054 ], [ -86.0, 43.315054441912515 ] ], [ [ -79.200855060912318, 42.976178840880834 ], [ -79.21495132064689, 42.982834521895711 ], [ -79.229036572679661, 42.976239407522712 ], [ -79.213492247069496, 42.973320173087586 ], [ -79.200855060912318, 42.976178840880834 ] ], [ [ -79.957321139059275, 41.825601498210631 ], [ -79.971460930477519, 41.828156881335076 ], [ -79.976007436893667, 41.823494070994627 ], [ -79.969976373710665, 41.820709309487086 ], [ -79.957321139059275, 41.825601498210631 ] ], [ [ -75.794903351708285, 42.48118600443064 ], [ -75.862453681592115, 42.636603316889591 ], [ -75.99040706483413, 42.706149113790616 ], [ -76.157121948619022, 42.579791729504791 ], [ -75.971962878883687, 42.403472289514582 ], [ -75.832404686227221, 42.405511277423557 ], [ -75.794903351708285, 42.48118600443064 ] ], [ [ -74.141820468239985, 42.550594965885011 ], [ -74.136573021227889, 42.5626187001929 ], [ -74.168139884248205, 42.582299688679768 ], [ -74.171774252379805, 42.552408644843126 ], [ -74.141820468239985, 42.550594965885011 ] ], [ [ -76.103574492868518, 42.093745727383464 ], [ -76.041930066619216, 42.074731259739906 ], [ -75.979941807068712, 42.104914085017072 ], [ -76.039222394098147, 42.144180545895551 ], [ -76.103574492868518, 42.093745727383464 ] ], [ [ -75.948049317521964, 42.135252518189191 ], [ -75.962204316476004, 42.140287286329226 ], [ -75.970789612550561, 42.123897733793456 ], [ -75.955728512460837, 42.120334053274007 ], [ -75.948049317521964, 42.135252518189191 ] ], [ [ -75.292217682999649, 42.022129538247668 ], [ -75.288138090200675, 42.015016590643199 ], [ -75.280925660490823, 42.022230461066954 ], [ -75.288037773524366, 42.029360463414719 ], [ -75.292217682999649, 42.022129538247668 ] ], [ [ -75.191673481845669, 41.853101233035545 ], [ -75.224116548939548, 41.853148409671405 ], [ -75.202998693834616, 41.82082174992388 ], [ -75.194163424002795, 41.830031417416023 ], [ -75.191673481845669, 41.853101233035545 ] ], [ [ -76.502608236181118, 41.699931647427661 ], [ -76.475877626751014, 41.766152835085336 ], [ -76.479876497302484, 41.771328393890315 ], [ -76.546657191875852, 41.741725081847108 ], [ -76.502608236181118, 41.699931647427661 ] ], [ [ -75.862224384147964, 41.55091192674405 ], [ -75.930012063106176, 41.407051943092767 ], [ -75.896819572065567, 41.285081517398169 ], [ -75.796617850733185, 41.260674598753781 ], [ -75.63870322347492, 41.42454796931338 ], [ -75.862224384147964, 41.55091192674405 ] ], [ [ -75.526788725519225, 41.264007639141312 ], [ -75.542535056847385, 41.267076290538455 ], [ -75.540833437912795, 41.235142422285037 ], [ -75.531847810428076, 41.240596135103601 ], [ -75.526788725519225, 41.264007639141312 ] ], [ [ -75.470217638433212, 41.263342170504814 ], [ -75.457277268331211, 41.25747114347854 ], [ -75.451272286386882, 41.261240430601447 ], [ -75.457153364236319, 41.266874577999431 ], [ -75.470217638433212, 41.263342170504814 ] ], [ [ -74.561457447603061, 42.302507205643053 ], [ -74.559826217705734, 42.300251070130855 ], [ -74.554082629109985, 42.303079298570822 ], [ -74.558431432164809, 42.305635477595274 ], [ -74.561457447603061, 42.302507205643053 ] ], [ [ -74.591641611071452, 42.274480888981884 ], [ -74.588432869581254, 42.268560554825797 ], [ -74.58694484592786, 42.267433078373926 ], [ -74.585117723903807, 42.276613871333154 ], [ -74.591641611071452, 42.274480888981884 ] ], [ [ -68.037282374581878, 43.873506255409438 ], [ -68.051350941492728, 43.887660754340402 ], [ -68.059110493554385, 43.871972935602571 ], [ -68.050402939144305, 43.865616950062247 ], [ -68.037282374581878, 43.873506255409438 ] ], [ [ -67.420849803275757, 46.054152575281194 ], [ -67.402608527761288, 46.055996171985782 ], [ -67.393905960091956, 46.060442638716836 ], [ -67.437271690036425, 46.059776326516328 ], [ -67.420849803275757, 46.054152575281194 ] ], [ [ -66.86018534947425, 46.509930169042093 ], [ -66.873378836464099, 46.517665934035676 ], [ -66.906698978175257, 46.509794509009453 ], [ -66.869360329215795, 46.503511232757262 ], [ -66.86018534947425, 46.509930169042093 ] ], [ [ -66.720779112565936, 46.648146656842812 ], [ -66.733751950891758, 46.669092600243346 ], [ -66.75303347671354, 46.649787600317552 ], [ -66.737756861290052, 46.636206159286871 ], [ -66.720779112565936, 46.648146656842812 ] ], [ [ -66.849410012661906, 46.706052833371643 ], [ -66.8455939113299, 46.698907583018581 ], [ -66.838398046232783, 46.706113677903943 ], [ -66.845334438033831, 46.713162604570584 ], [ -66.849410012661906, 46.706052833371643 ] ] ] ] } },
{ "type": "Feature", "properties": { "PRODUCT": "7-day QPF", "VALID_TIME": "12Z 06/20/25 - 12Z 06/27/25", "QPF": 3.0, "UNITS": "Inches", "ISSUE_TIME": "2025-06-20 10:05:52", "START_TIME": "2025-06-20 12:00:00", "END_TIME": "2025-06-27 12:00:00", "InPoly_FID": 11, "fill": "red", "color": "red" }, "geometry": { "type": "MultiPolygon", "coordinates": [ [ [ [ -85.697764144599546, 46.828991642750168 ], [ -85.526527215958197, 46.979544533953117 ], [ -85.222930682005313, 47.032038102976117 ], [ -84.756862991433877, 46.952959248670425 ], [ -84.579791100378941, 46.777998942397346 ], [ -84.732065759826924, 46.684282089346993 ], [ -85.550193626534622, 46.631225560910934 ], [ -85.697764144599546, 46.828991642750168 ] ] ] ] } },
{ "type": "Feature", "properties": { "PRODUCT": "7-day QPF", "VALID_TIME": "12Z 06/20/25 - 12Z 06/27/25", "QPF": 2.5, "UNITS": "Inches", "ISSUE_TIME": "2025-06-20 10:05:52", "START_TIME": "2025-06-20 12:00:00", "END_TIME": "2025-06-27 12:00:00", "InPoly_FID": 10, "fill": "maroon", "color": "maroon" }, "geometry": { "type": "Polygon", "coordinates": [ [ [ -86.0, 45.819497206922613 ], [ -86.0, 47.084092826530622 ], [ -85.225327931039146, 47.188293992773595 ], [ -84.71441744420963, 47.148853573333781 ], [ -84.096660606801549, 46.866287957023644 ], [ -84.045803085344062, 46.724321458168788 ], [ -84.305261640612173, 46.586487634596722 ], [ -84.312462342263245, 46.483379576905975 ], [ -83.85938485682567, 46.293990671832091 ], [ -83.404157337890808, 45.924223934586962 ], [ -83.694545903070946, 45.763165918672257 ], [ -84.070603339572415, 45.880357584435046 ], [ -84.752778291385027, 45.913769271734566 ], [ -86.0, 45.819497206922613 ] ] ] } },
{ "type": "Feature", "properties": { "PRODUCT": "7-day QPF", "VALID_TIME": "12Z 06/20/25 - 12Z 06/27/25", "QPF": 0.25, "UNITS": "Inches", "ISSUE_TIME": "2025-06-20 10:05:52", "START_TIME": "2025-06-20 12:00:00", "END_TIME": "2025-06-27 12:00:00", "InPoly_FID": 2, "fill": "darkgreen", "color": "darkgreen" }, "geometry": { "type": "MultiPolygon", "coordinates": [ [ [ [ -86.0, 41.900426127307142 ], [ -86.0, 48.0 ], [ -64.024969194134954, 48.0 ], [ -64.190572020892645, 47.914839670186709 ], [ -64.695072805026172, 47.379397401033941 ], [ -64.763882560853645, 47.279908789160665 ], [ -64.730455407935224, 47.136533447761217 ], [ -65.210170089131026, 46.810033728522988 ], [ -65.101043788262899, 46.688992115773232 ], [ -64.776121556679158, 46.8951936605187 ], [ -64.450921602452965, 46.951438112841053 ], [ -64.094077158146462, 46.811062795024839 ], [ -64.246652977334833, 46.554784179467894 ], [ -64.600770453557416, 46.535239312159028 ], [ -64.901645095645122, 46.350313789348135 ], [ -64.668019366307817, 46.141182577842144 ], [ -64.601169689758052, 45.858971061918567 ], [ -64.74826788320533, 45.628344648494028 ], [ -64.669523535538076, 45.464203238733518 ], [ -64.865083051098367, 45.407994983234772 ], [ -65.281122706322947, 44.964406770909214 ], [ -65.143316495707239, 44.765061651869175 ], [ -65.150115640816466, 44.494673918129905 ], [ -64.992596322687049, 44.321620867035115 ], [ -65.104534238460332, 44.167956263459374 ], [ -65.103223511673335, 43.810624283360575 ], [ -65.033243043816896, 43.730375612196767 ], [ -65.02349658076497, 43.832406026578354 ], [ -64.942163250474238, 43.816983254860382 ], [ -64.909839058760753, 43.663099781022744 ], [ -64.944998511012926, 43.483034237027326 ], [ -65.211591475013307, 43.255895840883007 ], [ -65.147720212094015, 42.889840351987239 ], [ -65.245903901662132, 42.696840922762952 ], [ -65.184236561117018, 42.645947841752438 ], [ -65.104020445341263, 42.813215201759768 ], [ -65.028766421786358, 42.78652269098221 ], [ -65.032001460951648, 42.678518240890931 ], [ -65.163304127260176, 42.572460406042957 ], [ -65.139988754583754, 42.471625203643697 ], [ -65.030422544032021, 42.401631292803188 ], [ -64.756791835341176, 42.441292634584457 ], [ -64.794192826967205, 42.195018190334387 ], [ -64.644243920846407, 42.015777424367975 ], [ -65.114519933783953, 41.739385028601923 ], [ -65.036259546001034, 41.615976102691505 ], [ -65.207941231291386, 41.398210896536845 ], [ -64.458515986715653, 41.122125002570328 ], [ -64.309678831170075, 41.276115684360676 ], [ -64.073252702624785, 41.256187847421131 ], [ -64.288869156447007, 40.505835895692961 ], [ -64.565808597246232, 40.438955506678006 ], [ -64.917471817030815, 40.582104347679412 ], [ -65.440490023412295, 40.581954154013403 ], [ -65.693338561715052, 40.482358840987295 ], [ -65.994037749493785, 40.538353567934678 ], [ -66.067257987360875, 40.632174639030957 ], [ -66.190535675108791, 40.573788004120715 ], [ -67.238331148585843, 40.963808101183758 ], [ -67.324911871101932, 41.113003735920344 ], [ -67.295047465435744, 41.217233412160326 ], [ -67.319181207500307, 41.407306700063344 ], [ -67.027337603150613, 41.477963131162895 ], [ -66.902720970267296, 41.629360069139672 ], [ -67.337870364879052, 41.478438611867816 ], [ -67.432453041829376, 41.517773744945757 ], [ -67.390483940564664, 41.592504907245981 ], [ -67.745557848590082, 41.725524126787988 ], [ -68.562895198862037, 41.759164117187638 ], [ -68.656909444570715, 41.889999716626043 ], [ -69.009198589958714, 42.152232926690857 ], [ -69.726176761860089, 42.283083791282138 ], [ -69.88887198691188, 42.258369749009105 ], [ -69.975998594062176, 42.014219240944506 ], [ -70.064535978514812, 41.975416484902894 ], [ -70.506813049201028, 42.430813117665771 ], [ -71.586104516064196, 42.698259300037606 ], [ -72.300626102851382, 42.599714497286904 ], [ -72.648607285395784, 42.637550543805297 ], [ -73.007876419830666, 42.401523034622095 ], [ -72.991042088840373, 42.192169778370292 ], [ -72.806405181311732, 41.91596315487169 ], [ -72.512506561938196, 41.746895536781281 ], [ -72.710354585621943, 41.478494453998927 ], [ -72.980427642507024, 41.751653636857817 ], [ -73.732218133651941, 41.518452025463922 ], [ -74.015718266151111, 41.724808315990806 ], [ -74.164283709793779, 41.725274961359858 ], [ -75.238221106958093, 40.723640509620445 ], [ -75.102684670149586, 40.413048751402272 ], [ -75.517451802333071, 40.446374141978424 ], [ -76.167239485304094, 40.343540797735471 ], [ -76.516666918983418, 40.059138262642676 ], [ -76.741672609541396, 40.259288485650664 ], [ -76.812436862475423, 40.585555298108147 ], [ -77.223457773640348, 40.586260508077132 ], [ -77.519399537072772, 40.70176817380954 ], [ -77.757231436041749, 40.627612214702218 ], [ -77.839875091151441, 40.860862785558602 ], [ -78.16443589401878, 41.034312501310836 ], [ -78.676703223632472, 41.067783999061263 ], [ -78.94880539020302, 40.947441693383972 ], [ -79.361965827696224, 40.984369971126611 ], [ -79.748944757940734, 40.868258705345525 ], [ -80.154598994063605, 40.989822848871242 ], [ -80.842222447435105, 41.048582232168698 ], [ -81.270368301902124, 40.838995049697104 ], [ -82.09029233336436, 41.143423004228282 ], [ -82.166189308230386, 41.091345526486798 ], [ -82.170064992830916, 40.931423977789244 ], [ -82.253597916175892, 40.944794510075702 ], [ -82.220327498065558, 41.047633497256726 ], [ -82.364577813545836, 41.299087249540356 ], [ -82.310202804926774, 41.353962323952473 ], [ -81.269547942615816, 41.294125994136053 ], [ -81.205707713115885, 41.536406481143246 ], [ -80.732678694510994, 41.935021185797098 ], [ -80.785310928006879, 42.043809437308354 ], [ -81.038156919915053, 42.129132413176734 ], [ -81.523435500765657, 42.149825567435769 ], [ -82.764189143691723, 41.910422340823786 ], [ -82.485873872382982, 41.466071263301821 ], [ -82.74321372594757, 41.232950770059638 ], [ -83.290255377914065, 41.3694882876542 ], [ -83.487269953153529, 41.618982883482403 ], [ -83.982046029145394, 41.824686541469632 ], [ -84.356780086980976, 41.674681873186707 ], [ -84.709566521143657, 41.701856171990613 ], [ -85.246033531347337, 41.4495186161042 ], [ -85.533128836775461, 41.402790265659661 ], [ -86.0, 41.900426127307142 ] ], [ [ -70.970468234784406, 43.201726169196348 ], [ -70.780078541115969, 43.085769206461364 ], [ -70.731891478213896, 42.963748065815984 ], [ -70.6578098840439, 42.995294202823821 ], [ -70.660213840169419, 43.26377093393809 ], [ -70.940083220996002, 43.341246336503133 ], [ -70.970468234784406, 43.201726169196348 ] ], [ [ -76.61512375391186, 40.580657834348521 ], [ -76.483170620954823, 40.579921806616781 ], [ -76.414420526529113, 40.646339064433398 ], [ -76.591582295584047, 40.741113336767924 ], [ -76.687612474041487, 40.655714012657455 ], [ -76.61512375391186, 40.580657834348521 ] ], [ [ -65.33837094276079, 42.613768424065206 ], [ -65.342543407965621, 42.590141193713023 ], [ -65.292219615485322, 42.506699257767053 ], [ -65.263183308761242, 42.607365543303814 ], [ -65.33837094276079, 42.613768424065206 ] ], [ [ -73.140228680060844, 42.201292898901848 ], [ -73.177377833553834, 42.214084424958422 ], [ -73.202452959198396, 42.191514634765333 ], [ -73.170048437739595, 42.171428291512228 ], [ -73.140228680060844, 42.201292898901848 ] ], [ [ -77.550112330328233, 40.858484644338574 ], [ -77.490656179715103, 40.813192616876123 ], [ -77.467808245819811, 40.892754731900517 ], [ -77.513657192648154, 40.903632691564127 ], [ -77.550112330328233, 40.858484644338574 ] ], [ [ -65.246884303619154, 42.854604989823791 ], [ -65.265821062563504, 42.837106175735705 ], [ -65.257653454609979, 42.825870966177717 ], [ -65.228522069471708, 42.834407765426207 ], [ -65.246884303619154, 42.854604989823791 ] ], [ [ -66.902157949948162, 41.50858022051392 ], [ -66.915784846608943, 41.498122113163177 ], [ -66.920559348106863, 41.489272292226801 ], [ -66.894486240579511, 41.488112223224867 ], [ -66.902157949948162, 41.50858022051392 ] ], [ [ -81.496007045027781, 41.097242166704348 ], [ -81.514908525626112, 41.106793029211559 ], [ -81.533864548926957, 41.097053174183529 ], [ -81.516868322072, 41.091346061506165 ], [ -81.496007045027781, 41.097242166704348 ] ], [ [ -67.280528177160676, 41.088321934941533 ], [ -67.265141841921917, 41.086818650578593 ], [ -67.257786623967391, 41.098905120884858 ], [ -67.278169360477122, 41.103434449627741 ], [ -67.280528177160676, 41.088321934941533 ] ], [ [ -64.245396252994027, 41.181003009913518 ], [ -64.260435106892047, 41.191805920905047 ], [ -64.27496903205467, 41.180655649774693 ], [ -64.263733950389465, 41.170518005640119 ], [ -64.245396252994027, 41.181003009913518 ] ], [ [ -65.401482963961016, 42.633285898748461 ], [ -65.385300588681176, 42.62010436515456 ], [ -65.376391762544273, 42.637200046754565 ], [ -65.390817936851946, 42.649019770434947 ], [ -65.401482963961016, 42.633285898748461 ] ], [ [ -65.036330604150507, 46.618470097928935 ], [ -65.044577203154844, 46.631552414205395 ], [ -65.059392689117871, 46.62360383403751 ], [ -65.050294331963997, 46.613272537681716 ], [ -65.036330604150507, 46.618470097928935 ] ], [ [ -66.151007770676827, 45.920738766368721 ], [ -66.1459527493667, 45.916415144377218 ], [ -66.138168475947921, 45.920766659665517 ], [ -66.145157351002581, 45.925629616587557 ], [ -66.151007770676827, 45.920738766368721 ] ] ], [ [ [ -67.282379525729837, 37.329874150457094 ], [ -67.042748570364708, 37.312074692459895 ], [ -66.419670224255711, 37.482492990953077 ], [ -66.207328856787242, 37.640608703619804 ], [ -65.911981632659035, 37.726465015905852 ], [ -65.770095336767724, 37.713886656482515 ], [ -65.715215304579388, 37.556195545814774 ], [ -65.889951574424003, 37.433816721887332 ], [ -66.263292285046603, 37.423625812791315 ], [ -66.789228086205796, 37.23645016963885 ], [ -67.577705019924366, 37.119766464295218 ], [ -68.701513497819391, 37.147824711508243 ], [ -68.344786075353213, 37.391049569469864 ], [ -68.105185582469815, 37.680523066704936 ], [ -67.72314860826701, 37.82188471274155 ], [ -67.566622658712632, 37.679717564140688 ], [ -67.300341568888726, 37.686637650786857 ], [ -67.258509976150194, 37.54054292583011 ], [ -67.363646924445803, 37.38443876850711 ], [ -67.282379525729837, 37.329874150457094 ] ], [ [ -65.940339667147015, 37.608555896061461 ], [ -66.002326433537633, 37.583424384362466 ], [ -65.80350828753059, 37.619613332436195 ], [ -65.861406685022573, 37.637244440254598 ], [ -65.940339667147015, 37.608555896061461 ] ], [ [ -68.272984079076423, 37.40819391062103 ], [ -68.271571161298368, 37.426287388290476 ], [ -68.295774683523902, 37.421011854230258 ], [ -68.28873672532238, 37.405304566766034 ], [ -68.272984079076423, 37.40819391062103 ] ], [ [ -66.12983306017658, 37.567588784206571 ], [ -66.110735286189126, 37.553650425791488 ], [ -66.071672217476248, 37.562594742232534 ], [ -66.099695099358939, 37.571617140717123 ], [ -66.12983306017658, 37.567588784206571 ] ] ], [ [ [ -82.737334985534545, 36.785120805026089 ], [ -82.515166918621318, 36.988285060944463 ], [ -82.46367020161567, 37.1929644369459 ], [ -82.231423286621194, 37.270721012732849 ], [ -82.338350288317699, 37.481660246852186 ], [ -82.159220566084826, 37.560037917290195 ], [ -81.959430718314294, 37.507837004428708 ], [ -81.94512271273102, 37.226600477302895 ], [ -81.630760491438622, 37.080016385479112 ], [ -81.199299157371527, 37.225804929186275 ], [ -80.928994458931243, 37.223783912703162 ], [ -80.560270993487606, 37.07913635107775 ], [ -80.364254763029876, 37.122846495564737 ], [ -80.255447491127825, 37.286027277795853 ], [ -80.062642111761619, 37.182555932104712 ], [ -80.155501633905317, 36.976006205868799 ], [ -80.332709168939246, 36.923997143213562 ], [ -80.294714710089792, 36.621898514735562 ], [ -81.099758810237461, 36.245476410706345 ], [ -81.4412980947249, 36.0 ], [ -82.669138366297432, 36.0 ], [ -82.318567391201825, 36.255751957631603 ], [ -82.277955790993033, 36.455011627765522 ], [ -82.737334985534545, 36.785120805026089 ] ], [ [ -82.109196551460556, 37.315615030989335 ], [ -82.134721346039882, 37.330062008585642 ], [ -82.179911357387269, 37.28380487410324 ], [ -82.12918328433301, 37.275066002573901 ], [ -82.109196551460556, 37.315615030989335 ] ] ], [ [ [ -78.945565653077765, 37.481540896260931 ], [ -79.237672761716198, 37.377417646785915 ], [ -79.555971170160873, 37.430339021400229 ], [ -79.578615369493278, 37.599579410158697 ], [ -79.993763413694921, 37.640203226390049 ], [ -80.129049772661844, 37.816445705884071 ], [ -80.372730925268101, 37.69753083549967 ], [ -80.414566726634391, 37.77745971923845 ], [ -80.275212187201831, 38.022024212272804 ], [ -79.721902977806437, 38.217192063996094 ], [ -79.660493848393301, 38.373611772496226 ], [ -79.780565897246888, 38.379869873338187 ], [ -79.736203097255583, 38.447590450077271 ], [ -79.332422240975944, 38.436825081190108 ], [ -79.047188831254388, 38.718241236303513 ], [ -78.720163808710751, 38.486560800846931 ], [ -78.326901347903288, 38.763941996835172 ], [ -78.20964450665376, 38.770787678893569 ], [ -78.152266471806314, 38.387009003203715 ], [ -77.775924374460701, 38.213861762907321 ], [ -77.692088615842465, 38.010906118423513 ], [ -77.824581031039784, 37.941437822905741 ], [ -78.20587587025534, 37.986729650484982 ], [ -78.387405021112656, 37.580626998682881 ], [ -78.721662157946895, 37.268848210532333 ], [ -78.774068698622315, 37.455649947546497 ], [ -78.945565653077765, 37.481540896260931 ] ], [ [ -78.63692722115465, 38.073069331685311 ], [ -78.844840323506332, 38.089853504918878 ], [ -78.664046653211074, 38.339112180727525 ], [ -78.711734214650875, 38.43859060527447 ], [ -79.155231935349875, 38.309518889085261 ], [ -78.966528314134052, 37.999907718678081 ], [ -78.750778102863293, 37.95278533503852 ], [ -78.63692722115465, 38.073069331685311 ] ] ], [ [ [ -84.810045088324031, 36.0 ], [ -84.549261289045219, 36.25931764471175 ], [ -84.288990922387498, 36.325835782117487 ], [ -84.166260816517251, 36.264529033436673 ], [ -84.088252035230596, 36.01146566989398 ], [ -84.810045088324031, 36.0 ] ] ], [ [ [ -64.889935089784615, 38.337935475538501 ], [ -65.000168854523807, 37.988078959686533 ], [ -65.29022542339635, 37.845775383696626 ], [ -65.045402636378995, 37.888570713150386 ], [ -65.064102441872862, 37.786368205346143 ], [ -65.558165271153342, 37.79757986901474 ], [ -65.513799761460106, 37.922098806424778 ], [ -65.628205292090186, 38.016115059493551 ], [ -65.611645586111408, 38.087666770307919 ], [ -65.310614191470194, 38.068042065244576 ], [ -64.88016918384811, 38.4403626701802 ], [ -64.889935089784615, 38.337935475538501 ] ] ], [ [ [ -66.992379786907904, 37.061518071159938 ], [ -66.651242984960803, 36.810867734089967 ], [ -66.819451079597314, 36.62997829395092 ], [ -67.031297416878672, 36.549883063196852 ], [ -67.279060002307617, 36.627689124569805 ], [ -67.533804004529799, 36.536124939196206 ], [ -67.747872239233658, 36.610065424812461 ], [ -67.666802971709373, 36.71835692541309 ], [ -67.285485868676588, 36.805902745019949 ], [ -67.196948614277986, 36.984856973897642 ], [ -66.992379786907904, 37.061518071159938 ] ], [ [ -67.107122918529541, 36.839295262839116 ], [ -66.986739167758884, 36.872521084161839 ], [ -66.940472853246135, 36.965091722568026 ], [ -67.120366142745738, 36.934788786196336 ], [ -67.187206475946638, 36.85865261576636 ], [ -67.107122918529541, 36.839295262839116 ] ] ], [ [ [ -75.327901297729696, 39.635707397157837 ], [ -75.019681299236154, 39.659539724664263 ], [ -74.929305451840392, 39.501821395963418 ], [ -75.085180994634214, 39.382159422539942 ], [ -75.304325269152997, 39.364977874027367 ], [ -75.399909441625155, 39.469056698972025 ], [ -75.327901297729696, 39.635707397157837 ] ] ], [ [ [ -68.121908873395583, 37.041149895603965 ], [ -67.75259209149101, 37.040117462853047 ], [ -67.875041534847952, 36.911390124687763 ], [ -68.135680651935573, 36.881496238310703 ], [ -68.429022240836218, 36.674422695116789 ], [ -68.815378129306012, 36.783129958857259 ], [ -68.699687776910991, 36.880904784730589 ], [ -68.121908873395583, 37.041149895603965 ] ] ], [ [ [ -80.328208897829938, 36.0 ], [ -80.265938752607113, 36.227712387777274 ], [ -80.098311290504654, 36.406384567773962 ], [ -79.906219976528988, 36.453940310480839 ], [ -79.779055830353357, 36.326823369324352 ], [ -79.893053401431089, 36.0 ], [ -80.328208897829938, 36.0 ] ] ] ] } },
{ "type": "Feature", "properties": { "PRODUCT": "7-day QPF", "VALID_TIME": "12Z 06/20/25 - 12Z 06/27/25", "QPF": 0.01, "UNITS": "Inches", "ISSUE_TIME": "2025-06-20 10:05:52", "START_TIME": "2025-06-20 12:00:00", "END_TIME": "2025-06-27 12:00:00", "InPoly_FID": 0, "fill": "lime", "color": "lime" }, "geometry": { "type": "MultiPolygon", "coordinates": [ [ [ [ -86.0, 36.0 ], [ -86.0, 36.173670619979198 ], [ -85.570969860670516, 36.27091963962971 ], [ -85.383974238620169, 36.526012749888537 ], [ -85.374939615171058, 36.991043326988006 ], [ -84.942668509144369, 37.109626008333692 ], [ -85.06627813902486, 37.204880152597013 ], [ -85.066440113220608, 37.656490548799866 ], [ -85.000315305906611, 37.75462964084528 ], [ -85.12918101449219, 37.906242750002946 ], [ -85.030237200086674, 38.133987276291805 ], [ -84.792237843901319, 38.141055369309925 ], [ -84.724728328849267, 37.967962631170565 ], [ -84.78372995787123, 37.85414280704498 ], [ -84.532755381055949, 37.714319927722556 ], [ -84.628030851842311, 37.361387125915201 ], [ -84.572955206017923, 37.306935748086346 ], [ -84.395064318563414, 37.455625190050512 ], [ -84.320410238441696, 37.386862613618803 ], [ -84.062245547693806, 37.432594476953625 ], [ -83.981303604777509, 37.554074061668643 ], [ -84.32813290480965, 37.609039599897642 ], [ -84.346350619885186, 37.742036464811065 ], [ -83.726048112030696, 37.923234801544879 ], [ -83.399427077497592, 37.869255844781492 ], [ -83.358174379344121, 37.989021844182787 ], [ -83.004366984148987, 38.267434664678092 ], [ -82.861334455021051, 38.604839149707061 ], [ -82.83408257425134, 38.952397986078267 ], [ -82.664789987068218, 38.925542450024125 ], [ -82.537272937795819, 38.735610020785884 ], [ -82.283405499164417, 38.693911960368723 ], [ -82.196063734153995, 38.739155587160667 ], [ -82.099643805017536, 39.036932728662578 ], [ -81.918687340048677, 39.189906890690509 ], [ -81.810888211721533, 39.535185514899638 ], [ -81.564267325776427, 39.661029084125005 ], [ -81.166368331733111, 39.584266654082853 ], [ -81.096405538085094, 39.586069072629641 ], [ -81.030674712967595, 39.601849023313832 ], [ -80.953584238122062, 39.611810732679203 ], [ -80.943501681457406, 39.615537161710677 ], [ -81.080296509276423, 39.645766896525117 ], [ -81.078100783024695, 39.864688608592473 ], [ -81.53300091096321, 39.790640046500982 ], [ -81.954009240434061, 39.850698711676273 ], [ -82.512042071984013, 39.709775290597236 ], [ -82.504622343146593, 39.507838292503266 ], [ -82.831117383560354, 39.528872315504998 ], [ -82.927150918979692, 39.830076404602437 ], [ -83.148752154788099, 40.112369421111964 ], [ -84.498019705544948, 40.263899949123413 ], [ -84.755886864587069, 40.138954561603782 ], [ -84.825518069203497, 40.014914516191993 ], [ -84.733390106867887, 39.69884574253706 ], [ -84.89988621887386, 39.614423687703095 ], [ -85.105365204940199, 39.653697057173474 ], [ -85.175779635421804, 39.469579455427606 ], [ -85.296868942247841, 39.412616190185076 ], [ -85.317957394917812, 39.06617828769788 ], [ -85.62106099876604, 39.026681486161692 ], [ -86.0, 39.209185583552276 ], [ -86.0, 48.0 ], [ -61.703618492533117, 48.0 ], [ -63.725090758032024, 42.131199962608264 ], [ -65.529397262328175, 36.0 ], [ -73.251417946137707, 36.0 ], [ -72.246063913218961, 36.567083982839563 ], [ -71.974237474679683, 36.900630877213246 ], [ -71.99954771555457, 37.010983932662441 ], [ -71.917746304048649, 37.082435451435003 ], [ -71.96873483514446, 37.246898312307337 ], [ -71.825002616377617, 37.395652418224586 ], [ -71.413957324570845, 37.321784548817902 ], [ -71.253200709245277, 37.364900978597348 ], [ -70.744977424568447, 37.800967723681538 ], [ -69.632089277598027, 38.283313533592775 ], [ -69.449057018166798, 38.426052056357378 ], [ -68.869786677613035, 38.605420931930496 ], [ -68.804015426170963, 38.805010587968297 ], [ -69.049377337693954, 39.312682676364489 ], [ -69.063257492139485, 39.603451076506019 ], [ -69.478317905247081, 40.137549994136975 ], [ -70.013536697360678, 40.50691701061163 ], [ -70.346108799481499, 40.497182942139148 ], [ -70.437716524697805, 40.446718826412734 ], [ -70.255477892690578, 40.210440624235446 ], [ -69.796838088706807, 40.050478603105091 ], [ -69.794596076147968, 39.922751648469841 ], [ -69.978387418244722, 39.682501861172 ], [ -69.985099564992879, 39.470187380942946 ], [ -70.475722924773095, 39.583865538463897 ], [ -70.729530366932863, 39.427225049996139 ], [ -71.018357475217272, 38.953407736777706 ], [ -70.862198645650949, 38.645218196962276 ], [ -71.066168920059567, 38.083070860931514 ], [ -71.373183702465838, 38.028049035034996 ], [ -71.550779137447194, 38.35038933529961 ], [ -72.455171109758851, 37.967503921169055 ], [ -72.76979094699459, 37.683160784043025 ], [ -73.056199906900133, 37.662504803653803 ], [ -73.201730298514406, 38.250072998969756 ], [ -73.481108299308517, 38.456525264629306 ], [ -73.667478161387976, 38.749654937325545 ], [ -73.766346732215879, 38.772990259792721 ], [ -74.00667138717472, 38.609192961985684 ], [ -74.267269449125763, 38.571637337193408 ], [ -74.398086563344179, 38.637023631135719 ], [ -74.461276888217753, 38.780599750977785 ], [ -74.39891767361172, 39.028448995724602 ], [ -74.003064089536053, 39.055861021469013 ], [ -73.809516315525514, 39.360889579190768 ], [ -73.187898503313249, 39.471913479423563 ], [ -73.449705907001942, 39.764030262786434 ], [ -72.978081245253236, 39.950089770626448 ], [ -72.916344259879622, 40.121271992608399 ], [ -73.102106387100036, 40.395270126615117 ], [ -73.51713670889194, 40.747007555854054 ], [ -73.400297135804124, 40.828296604704576 ], [ -73.039606618350717, 40.820499795529201 ], [ -72.83049874192335, 40.974828483148031 ], [ -72.833174056837208, 41.083506827378244 ], [ -72.703469259198926, 41.195816624137933 ], [ -73.131067105662339, 41.336100316976115 ], [ -73.700890662573954, 40.941955444787993 ], [ -73.742567408159346, 40.798474262777063 ], [ -73.676955171244117, 40.737337147691278 ], [ -73.854880428089245, 40.562221998846212 ], [ -73.826983035538603, 40.430595126064247 ], [ -74.062362756535947, 40.349310056713819 ], [ -74.322922638668786, 40.032104287283062 ], [ -74.374127367683855, 39.550712225488894 ], [ -74.829426976273908, 39.067295332013998 ], [ -75.153343121687669, 38.899568451023242 ], [ -75.190768543533409, 38.649600506058562 ], [ -75.410633119223007, 38.554551319987468 ], [ -75.512810803076036, 38.417010842676291 ], [ -75.411150322929018, 38.324841504332028 ], [ -75.427105584754884, 38.236115563082819 ], [ -75.922667424062354, 37.999608492438028 ], [ -76.006016788244153, 37.827612079134212 ], [ -75.942798086162725, 37.599993867123317 ], [ -75.983645595667667, 37.432793271192565 ], [ -76.159116758231789, 37.255015835912161 ], [ -76.522311732000787, 37.110104632922514 ], [ -76.866782111205453, 36.707728203993497 ], [ -76.840782096616408, 36.539849352865417 ], [ -76.609816696982932, 36.327314125946202 ], [ -76.620655020287288, 36.0 ], [ -86.0, 36.0 ] ], [ [ -72.567863969146799, 41.212934409895126 ], [ -72.563885695768192, 41.233159220221864 ], [ -72.543340010033376, 41.236970306034834 ], [ -72.565256326418307, 41.234466999052813 ], [ -72.567863969146799, 41.212934409895126 ] ], [ [ -72.511825535220225, 41.2087545903521 ], [ -72.511033299047483, 41.20876173726441 ], [ -72.511386649873941, 41.209528738460563 ], [ -72.511931579678617, 41.209301162318866 ], [ -72.511825535220225, 41.2087545903521 ] ], [ [ -71.430065910913015, 40.54536196778065 ], [ -71.200258503527095, 40.48851803178178 ], [ -70.951947147542796, 40.722272011444204 ], [ -71.356023535257918, 40.809563736377356 ], [ -71.57154515078804, 40.979029120197765 ], [ -71.905443743933574, 40.995475945158773 ], [ -72.010982911931819, 40.715958426240434 ], [ -71.430065910913015, 40.54536196778065 ] ], [ [ -68.893567950500483, 40.535573928294184 ], [ -68.893118546683525, 40.535168423084315 ], [ -68.892385038938357, 40.535587822819821 ], [ -68.892986592756984, 40.536019939868368 ], [ -68.893567950500483, 40.535573928294184 ] ], [ [ -73.1572997020196, 40.591649886433174 ], [ -73.156620560090744, 40.590888021265243 ], [ -73.155768027072725, 40.59167312041825 ], [ -73.156517258564577, 40.592422351910045 ], [ -73.1572997020196, 40.591649886433174 ] ], [ [ -72.237510834457396, 40.704261422826448 ], [ -72.251090188161641, 40.703284757285758 ], [ -72.257170537790046, 40.698485186142477 ], [ -72.259210742481741, 40.653997372081108 ], [ -72.237510834457396, 40.704261422826448 ] ], [ [ -72.10799381166504, 40.731906460215043 ], [ -72.172789989366493, 40.714675612589474 ], [ -72.178160943872399, 40.683308660766158 ], [ -72.122925457943495, 40.666585738541073 ], [ -72.10799381166504, 40.731906460215043 ] ], [ [ -72.315838851981368, 40.759923886178456 ], [ -72.315123985383593, 40.759185821568451 ], [ -72.314694140921802, 40.759717898262465 ], [ -72.314965147123814, 40.760102353041191 ], [ -72.315838851981368, 40.759923886178456 ] ], [ [ -71.586567183428713, 38.544132004988114 ], [ -71.585814609156841, 38.543383288807775 ], [ -71.585047364244417, 38.544149279165936 ], [ -71.585722612108839, 38.544583246119942 ], [ -71.586567183428713, 38.544132004988114 ] ], [ [ -68.743321822544033, 39.918490103035879 ], [ -68.66408769219322, 39.82984015270091 ], [ -68.35474828820287, 39.874124517632424 ], [ -68.292620113927057, 40.116571289333592 ], [ -68.419375195508849, 40.293644779383101 ], [ -68.413295395366163, 40.468155098179295 ], [ -68.764285943041784, 40.47527737085403 ], [ -68.90881803232628, 40.396580541358958 ], [ -68.743321822544033, 39.918490103035879 ] ], [ [ -68.305923177912291, 40.451865871312975 ], [ -68.321867749497017, 40.452351178763934 ], [ -68.330588480773713, 40.451780388953864 ], [ -68.314592435592374, 40.45118199625216 ], [ -68.305923177912291, 40.451865871312975 ] ], [ [ -68.380106024973031, 38.628721662874511 ], [ -68.426859338287784, 38.626246016340644 ], [ -68.484666109153579, 38.600068668934 ], [ -68.39809067264639, 38.579658634238626 ], [ -68.380106024973031, 38.628721662874511 ] ], [ [ -71.839042399587015, 37.085652319199198 ], [ -71.83833840669206, 37.085197327894434 ], [ -71.837496958717622, 37.085647794709985 ], [ -71.838339114458506, 37.086427709271391 ], [ -71.839042399587015, 37.085652319199198 ] ], [ [ -72.03542274936035, 36.749087445729117 ], [ -72.034671783076305, 36.748622709370579 ], [ -72.033811344118192, 36.749161599328374 ], [ -72.034987743689385, 36.749958350097813 ], [ -72.03542274936035, 36.749087445729117 ] ], [ [ -85.189989703462004, 39.638016485172727 ], [ -85.189217984422385, 39.63723968856084 ], [ -85.188440659908508, 39.637943024051367 ], [ -85.189059746010457, 39.638465978022509 ], [ -85.189989703462004, 39.638016485172727 ] ], [ [ -83.071121873575578, 40.255531458909729 ], [ -83.102257502681539, 40.255647245723878 ], [ -83.110172584397219, 40.254977781399532 ], [ -83.061198522993379, 40.254893022994679 ], [ -83.071121873575578, 40.255531458909729 ] ], [ [ -80.952687474647178, 39.931523198636739 ], [ -80.922730538383576, 39.943660905826221 ], [ -80.856917225649397, 39.946928135625001 ], [ -80.979286372967692, 39.945737867608557 ], [ -81.004712368281162, 39.932066027625126 ], [ -80.952687474647178, 39.931523198636739 ] ], [ [ -81.767729512906669, 38.948012724507691 ], [ -81.768370037946852, 38.953244504430415 ], [ -81.761645398716155, 38.885747761550022 ], [ -81.71737731511098, 38.885291109197397 ], [ -81.767729512906669, 38.948012724507691 ] ], [ [ -81.795542334111417, 38.849247146738492 ], [ -81.796328190493568, 38.817254372891057 ], [ -81.795394495459561, 38.800432089069716 ], [ -81.794454940443131, 38.83107749233244 ], [ -81.795542334111417, 38.849247146738492 ] ], [ [ -82.609560346732565, 38.656334402910431 ], [ -82.608891811407943, 38.655914499554569 ], [ -82.608015551576386, 38.656511089115497 ], [ -82.608773332922965, 38.657129223734728 ], [ -82.609560346732565, 38.656334402910431 ] ], [ [ -82.66628244078197, 38.628677604188113 ], [ -82.682608551543353, 38.629216411408322 ], [ -82.691276247101086, 38.628561474732351 ], [ -82.674595800755583, 38.627812631747588 ], [ -82.66628244078197, 38.628677604188113 ] ] ], [ [ [ -84.634801176632948, 38.449797603676529 ], [ -84.806849638200219, 38.474899919495726 ], [ -84.823584298376659, 38.708632807358242 ], [ -84.168264372702595, 38.644615989336501 ], [ -84.073660565982323, 38.472734289955554 ], [ -84.242902757855973, 38.321386509579781 ], [ -84.634801176632948, 38.449797603676529 ] ] ] ] } },
{ "type": "Feature", "properties": { "PRODUCT": "7-day QPF", "VALID_TIME": "12Z 06/20/25 - 12Z 06/27/25", "QPF": 0.1, "UNITS": "Inches", "ISSUE_TIME": "2025-06-20 10:05:52", "START_TIME": "2025-06-20 12:00:00", "END_TIME": "2025-06-27 12:00:00", "InPoly_FID": 1, "fill": "green", "color": "green" }, "geometry": { "type": "MultiPolygon", "coordinates": [ [ [ [ -76.16994567845029, 39.03518382247546 ], [ -76.165554202564351, 39.307550272427193 ], [ -75.987629464628071, 39.387679372105367 ], [ -75.867342905250837, 39.342907383069303 ], [ -75.82782618642932, 39.228564308196326 ], [ -75.947727610240975, 39.011074538958837 ], [ -76.092582521066447, 38.969161314842836 ], [ -76.16994567845029, 39.03518382247546 ] ] ], [ [ [ -71.769728778860042, 39.872743029467301 ], [ -71.663418913452062, 39.815696906986716 ], [ -70.986330092759545, 39.923966618164968 ], [ -70.793923535043064, 39.753734099149426 ], [ -71.229936350482149, 39.556805864399166 ], [ -71.638297487039381, 39.727521027973125 ], [ -71.991136405920372, 39.651208710413698 ], [ -72.155467516112935, 39.892601382248017 ], [ -72.6075986782364, 40.12301610990562 ], [ -72.821993985533993, 40.450996276357102 ], [ -72.819005238001296, 40.560709298695258 ], [ -72.649258124462847, 40.595501767292774 ], [ -72.288664684327671, 40.450582181722382 ], [ -71.840902623856948, 40.42985661359188 ], [ -71.234030757813173, 40.190737929711759 ], [ -71.675200596130594, 40.080644748656255 ], [ -71.769728778860042, 39.872743029467301 ] ] ], [ [ [ -86.0, 40.928384986073439 ], [ -86.0, 48.0 ], [ -61.718000333807282, 48.0 ], [ -62.137481275040784, 46.912613304560409 ], [ -62.731245374774176, 46.910122017916819 ], [ -62.229110339370607, 46.70272920259066 ], [ -62.345367288469561, 46.640936689476689 ], [ -62.570712587216065, 46.763811366401512 ], [ -62.756450124273783, 46.659628836501668 ], [ -62.764678882324517, 46.269482437364672 ], [ -62.678503590168532, 46.074872476783412 ], [ -62.485810273725122, 45.947852275062473 ], [ -62.643794582254145, 45.44169726471705 ], [ -62.823560435665513, 45.315529462914412 ], [ -63.379631507687861, 45.208194969322449 ], [ -63.38778261557519, 45.101191266164051 ], [ -62.986249196743017, 44.820838834644576 ], [ -62.918871355928275, 44.650228860273728 ], [ -65.251599249006119, 37.077831179765212 ], [ -65.558559838265865, 36.967931575082162 ], [ -65.841451855418768, 36.718769292269087 ], [ -66.793622183816694, 36.446457279180152 ], [ -67.467675031777276, 36.410363039222943 ], [ -67.271995872611399, 36.216831909864823 ], [ -67.41792682586231, 36.144559831670961 ], [ -68.349193782966665, 36.013136935920897 ], [ -68.759883298475415, 36.15870459993738 ], [ -69.06718877504187, 36.08952856828887 ], [ -69.044040584557152, 36.0 ], [ -69.377057688811774, 36.0 ], [ -69.157243429540586, 36.187095237355379 ], [ -69.221487932522052, 36.307356327032892 ], [ -69.629000158530459, 36.231637707714071 ], [ -69.854682541166312, 36.298456929243969 ], [ -69.762825057130669, 36.382289941627562 ], [ -69.506933714019624, 36.409646601509507 ], [ -69.669068179752628, 36.553976149080086 ], [ -69.650100635136141, 36.615775887347354 ], [ -69.226986503524301, 36.794293617556434 ], [ -69.470755011534493, 36.825052903768551 ], [ -69.321515134116112, 36.910238916492858 ], [ -69.405695584283762, 36.964566113235605 ], [ -70.54489442743585, 36.646713841870337 ], [ -71.138348504779628, 36.675556366133435 ], [ -71.279395210320672, 36.603536453344702 ], [ -70.991846357023746, 36.598287669040758 ], [ -71.197541456473004, 36.390978407027887 ], [ -72.028465710923797, 36.091147307502297 ], [ -72.17585617392325, 36.164044337176449 ], [ -72.082422135173374, 36.413331560103472 ], [ -70.898590268925716, 36.874038453112178 ], [ -70.568689713559422, 37.135778867200997 ], [ -69.476492615142035, 37.618917184880218 ], [ -69.418407770302338, 37.691773264824349 ], [ -69.50710241064769, 37.807575095814059 ], [ -69.358210101415011, 37.919788408808074 ], [ -67.901239449241132, 38.294920667754639 ], [ -67.580236651300368, 38.533278253588605 ], [ -67.536513637794087, 38.631716677782492 ], [ -67.700442482134804, 38.625927095159341 ], [ -67.66048377530592, 38.694469042712228 ], [ -67.521714177467288, 38.671324069850016 ], [ -67.429659190619134, 38.576405584949839 ], [ -66.741855444173382, 38.744819805189934 ], [ -66.554650030074811, 38.700627969705067 ], [ -66.623620506381201, 38.890224000337412 ], [ -66.784181655858674, 38.897612891421829 ], [ -66.631157956474453, 39.076277896407873 ], [ -66.617111252981886, 39.167418766462959 ], [ -66.725395050241332, 39.272798265227834 ], [ -66.64650957805452, 39.412852051780817 ], [ -66.935269410754643, 39.411460334726712 ], [ -67.01328891944803, 39.684928375943855 ], [ -66.763852713931556, 39.961691563714737 ], [ -67.349832018532766, 40.329739120064403 ], [ -67.344402870695887, 40.425700805048166 ], [ -67.480230899436435, 40.399372148505904 ], [ -67.517961679787675, 40.622045553359669 ], [ -67.890248148333342, 40.777309392914219 ], [ -67.929391101717954, 40.906585869542312 ], [ -68.316168373371681, 41.106299237220071 ], [ -68.448845075140071, 41.325713740896504 ], [ -68.681244822390624, 41.452123007071179 ], [ -69.155674912966845, 41.305866885048772 ], [ -69.483965897707947, 41.344171187350469 ], [ -69.627715686529655, 41.179970039985392 ], [ -69.848557658009497, 41.140036417047043 ], [ -69.979062128314524, 41.20747750268464 ], [ -70.073803817292287, 41.45403212748073 ], [ -70.441385845880063, 41.573230050326629 ], [ -70.689851367246774, 41.318450748603198 ], [ -71.020148242147627, 41.378278884263125 ], [ -71.223141735003026, 41.324792303621962 ], [ -71.196854730561313, 41.244144153929597 ], [ -70.767580138612459, 41.017547146383777 ], [ -70.782983821945777, 40.939182472493144 ], [ -70.974822211375908, 40.892478014848564 ], [ -71.253483614377274, 40.909609441522548 ], [ -71.839192639428745, 41.380727937844085 ], [ -72.427309481447367, 41.474339338189964 ], [ -72.75443072070118, 41.345229039188837 ], [ -73.087944330266566, 41.529343660581503 ], [ -73.890832656102134, 41.251567373935188 ], [ -74.049580264217752, 41.083916807614628 ], [ -74.33109326364314, 41.051025656908564 ], [ -74.374834983947324, 40.928534187402875 ], [ -74.265225945720772, 40.793204461316861 ], [ -74.277547326847639, 40.685069906551007 ], [ -74.367712525112893, 40.560721398174053 ], [ -74.589891060923662, 40.496869318864015 ], [ -74.758754412486098, 39.925021000418894 ], [ -74.743033008566442, 39.570609749140658 ], [ -74.933215485306391, 39.313556076351915 ], [ -75.57193669502243, 39.144439517969431 ], [ -75.667425994014366, 39.249935976264339 ], [ -75.680694111244179, 39.542959289739485 ], [ -75.581235001494065, 39.721473416365143 ], [ -75.782396010567368, 39.65235775710488 ], [ -75.841560643508842, 39.778762114779852 ], [ -76.139151116330936, 39.883022315527512 ], [ -76.309459834004087, 39.805130698522987 ], [ -76.403308422445718, 39.449819335593929 ], [ -76.604077347791304, 39.284868298433253 ], [ -76.691786895948439, 38.854824978589932 ], [ -76.379739242072333, 38.487496117252078 ], [ -76.327286811637009, 37.903724382074643 ], [ -76.487193344597131, 37.640443925746638 ], [ -76.892957012456122, 37.489156213788306 ], [ -77.18736894122361, 37.010027578310144 ], [ -77.599432974252295, 36.662499938521421 ], [ -77.841309045153238, 36.0 ], [ -85.122834214324328, 36.0 ], [ -84.791709824948441, 36.444788878503971 ], [ -84.542451719371343, 36.615168432177427 ], [ -84.186117067348732, 36.721465619842547 ], [ -84.128470861441087, 37.051976241110708 ], [ -83.682741540389713, 37.309133785595805 ], [ -83.569794372512263, 37.551471153870693 ], [ -82.949226847041302, 37.760259473296117 ], [ -82.601446183894211, 38.09798024359344 ], [ -82.433304673172074, 38.086787760746631 ], [ -82.368920406551467, 37.829242944806083 ], [ -82.069847194492411, 37.738843291484784 ], [ -81.712135602176261, 37.703183961870423 ], [ -81.50604701156027, 37.778189664321587 ], [ -81.205832376363048, 37.67827838533924 ], [ -81.01420655159103, 37.744960182366583 ], [ -80.984893234934816, 38.01340520688484 ], [ -80.790194050814762, 38.146049456617163 ], [ -80.553453128558999, 38.177228325127146 ], [ -80.421000158330628, 38.336597762276938 ], [ -80.172673576824081, 38.998141358936607 ], [ -79.884084686359131, 39.111094974953176 ], [ -80.157110392430639, 39.235502508534012 ], [ -80.059653617820175, 39.375678575905624 ], [ -79.916803185218782, 39.383046528074885 ], [ -79.917476452776043, 39.503614523091812 ], [ -79.732610610591166, 39.583751421690806 ], [ -79.728508520351909, 39.695653425365322 ], [ -79.2825745711595, 39.690319512135829 ], [ -79.327625674685123, 39.103806907762646 ], [ -79.194972695233673, 38.939131135093874 ], [ -79.015264283319993, 38.965278841745203 ], [ -78.752095911297204, 39.233317656884424 ], [ -78.743303294511406, 39.573744028564136 ], [ -78.493934979715505, 39.838056948869166 ], [ -78.427709314333356, 40.076362277796932 ], [ -78.241611310113854, 40.282541123474118 ], [ -78.401846047057404, 40.390291333178538 ], [ -78.718687160284162, 40.132944492194611 ], [ -78.888036138556913, 40.222688621582677 ], [ -79.30808199288964, 39.971787058925656 ], [ -79.810680341024863, 40.251372555798866 ], [ -79.885682781635012, 40.344719882816378 ], [ -79.836340385800099, 40.445424318877258 ], [ -79.959015226171687, 40.389138246732728 ], [ -80.112524739325238, 40.412554266266454 ], [ -80.224874732183082, 40.371498975597319 ], [ -80.703959196559651, 40.597937892219988 ], [ -82.220389909866412, 40.378275555172763 ], [ -82.693497345026401, 40.506981398472817 ], [ -83.235822624014872, 41.079013216386898 ], [ -83.546713407098025, 40.978877493601487 ], [ -83.873841472206152, 41.184695257879923 ], [ -84.08761051231528, 41.112046629048734 ], [ -84.150332401918774, 40.938427959282933 ], [ -84.352068689318514, 40.876835599283538 ], [ -84.793776457117758, 40.973781622823708 ], [ -84.879139759492261, 41.086089102929805 ], [ -85.249660518018459, 41.18432325421486 ], [ -86.0, 40.928384986073439 ] ], [ [ -71.531371093201358, 42.12247831042572 ], [ -71.558220795353407, 42.323877181187015 ], [ -71.660983321822812, 42.185333151303951 ], [ -71.924529048476757, 42.244703786550588 ], [ -71.930440276097841, 42.129637083884347 ], [ -72.14411751970772, 42.116104285384495 ], [ -72.276839257725499, 42.022032467224619 ], [ -71.757142576168917, 41.743247654755521 ], [ -71.531371093201358, 42.12247831042572 ] ], [ [ -81.32115005193333, 41.76024298162838 ], [ -81.256071501498582, 41.768446311348271 ], [ -81.190637709862358, 41.881405023822822 ], [ -81.301695663823807, 41.828848872777314 ], [ -81.32115005193333, 41.76024298162838 ] ], [ [ -81.101875105052045, 41.909698574030017 ], [ -81.096894503078829, 41.903545597851121 ], [ -81.093770850044677, 41.902790763582914 ], [ -81.093485630957048, 41.912891070166779 ], [ -81.101875105052045, 41.909698574030017 ] ], [ [ -81.322614257941609, 41.910106820373528 ], [ -81.316312337844067, 41.905599230320263 ], [ -81.310755960219353, 41.909877338568378 ], [ -81.318637356029114, 41.91775873437814 ], [ -81.322614257941609, 41.910106820373528 ] ], [ [ -81.463663139841969, 41.642608188417228 ], [ -81.472696084256825, 41.681534162371747 ], [ -81.522513886906324, 41.729857334948122 ], [ -81.535751323764543, 41.627611925849749 ], [ -81.463663139841969, 41.642608188417228 ] ], [ [ -81.410574164765876, 41.68548103771974 ], [ -81.404228894647758, 41.68326125730124 ], [ -81.399161321937413, 41.685717665537879 ], [ -81.402644445684587, 41.687692126190711 ], [ -81.410574164765876, 41.68548103771974 ] ], [ [ -81.58495194507617, 41.61064419287527 ], [ -81.598791561681196, 41.608864834744395 ], [ -81.605017361362115, 41.600809763659697 ], [ -81.567494943137092, 41.60341757456149 ], [ -81.58495194507617, 41.61064419287527 ] ], [ [ -81.71871866923118, 41.657070943469307 ], [ -81.711250037958848, 41.649833689773004 ], [ -81.703761493897787, 41.65667411671717 ], [ -81.709713262057335, 41.659561195892536 ], [ -81.71871866923118, 41.657070943469307 ] ], [ [ -81.669478537104737, 41.579337560380168 ], [ -81.824380600084567, 41.578738459912074 ], [ -81.844266071921652, 41.573045888956642 ], [ -81.651381897756323, 41.569677606836137 ], [ -81.669478537104737, 41.579337560380168 ] ], [ [ -84.043082652342491, 41.180687150391748 ], [ -84.038774140713997, 41.172460963502715 ], [ -84.030875911394162, 41.17327409542321 ], [ -84.037111025353511, 41.187375875196551 ], [ -84.043082652342491, 41.180687150391748 ] ], [ [ -83.486142012343976, 41.179605672463879 ], [ -83.506386581675372, 41.158942015461719 ], [ -83.505059081611307, 41.149308296940376 ], [ -83.476162187934563, 41.15025604388137 ], [ -83.486142012343976, 41.179605672463879 ] ], [ [ -79.358754397897087, 40.086679044002722 ], [ -79.355272795802819, 40.084730656494628 ], [ -79.347359473161134, 40.086895474846358 ], [ -79.354156990752472, 40.089410170842768 ], [ -79.358754397897087, 40.086679044002722 ] ], [ [ -78.293279694502246, 40.002536281724076 ], [ -78.289969700141512, 39.998777889887776 ], [ -78.287835965957015, 40.001050846319572 ], [ -78.28938852496043, 40.00401812883365 ], [ -78.293279694502246, 40.002536281724076 ] ], [ [ -77.406412556394343, 38.917554580779324 ], [ -77.252439163036911, 39.1343312865597 ], [ -77.342945462463092, 39.284471207280433 ], [ -77.344299753330915, 39.528077866100716 ], [ -77.521236147130423, 39.571675609441854 ], [ -77.587922123307294, 39.752872507260463 ], [ -77.783234372568188, 39.75268490418506 ], [ -77.89276760064422, 39.663768816577658 ], [ -77.866070031406764, 39.212591609415313 ], [ -78.008886582050081, 39.189884109064451 ], [ -78.032066002543957, 39.031389365127154 ], [ -77.546009184276386, 38.840605838188935 ], [ -77.406412556394343, 38.917554580779324 ] ], [ [ -79.339195961824146, 38.894813610359904 ], [ -79.351625831766682, 38.880466980266988 ], [ -79.299044041049626, 38.881941384587265 ], [ -79.319214919033243, 38.898082479622815 ], [ -79.339195961824146, 38.894813610359904 ] ], [ [ -77.512067010284284, 38.768401656111621 ], [ -77.504926033509605, 38.760552332823977 ], [ -77.500240662776321, 38.768526562950569 ], [ -77.506210116103944, 38.77291858022835 ], [ -77.512067010284284, 38.768401656111621 ] ], [ [ -77.562815484447015, 38.712437968437541 ], [ -77.558636302523325, 38.708515201215619 ], [ -77.552097993827317, 38.713880652769944 ], [ -77.559161782690069, 38.720451016900938 ], [ -77.562815484447015, 38.712437968437541 ] ], [ [ -77.840974469496132, 37.57260809978402 ], [ -77.840025706321228, 37.418951255196305 ], [ -77.731553822151113, 37.403626421722038 ], [ -77.535916315085842, 37.601755353027158 ], [ -77.514452915269771, 37.722825128377053 ], [ -77.699513502945763, 37.750470810579486 ], [ -77.840974469496132, 37.57260809978402 ] ], [ [ -80.985804445119015, 37.506480287835075 ], [ -80.981960738197472, 37.503830062207669 ], [ -80.978212980844376, 37.506385651276844 ], [ -80.982046123429825, 37.51022249727049 ], [ -80.985804445119015, 37.506480287835075 ] ], [ [ -80.962150205067871, 37.73130478648676 ], [ -80.953154194010779, 37.727997433434837 ], [ -80.95405506918604, 37.738491565733227 ], [ -80.962065159779286, 37.738877609614065 ], [ -80.962150205067871, 37.73130478648676 ] ], [ [ -77.872389504472039, 37.309874367408156 ], [ -77.868053970014671, 37.305936848606734 ], [ -77.860741665195633, 37.310038137550066 ], [ -77.866266866023011, 37.3132812016662 ], [ -77.872389504472039, 37.309874367408156 ] ], [ [ -77.972637337642993, 37.210178498538937 ], [ -77.983751925710749, 37.228422901895442 ], [ -78.038320434840159, 37.242792649960904 ], [ -77.985937886224406, 37.168384046086885 ], [ -77.972637337642993, 37.210178498538937 ] ], [ [ -78.824078777413604, 36.724301661592449 ], [ -78.449755810282397, 36.448799964546765 ], [ -77.931006617561309, 36.930407745820844 ], [ -77.897576583192745, 37.083929579686412 ], [ -78.003692250796689, 37.12364468265605 ], [ -78.252897651605281, 36.897161411469995 ], [ -78.46658893812895, 36.919359116729879 ], [ -78.958177295645612, 36.766349898229294 ], [ -79.474849579644342, 37.208725517868402 ], [ -79.694204058070795, 37.141971114975036 ], [ -79.696984593664013, 37.00723332985433 ], [ -79.405492319315044, 36.753001523701414 ], [ -78.824078777413604, 36.724301661592449 ] ], [ [ -77.876660452317992, 37.14149346884858 ], [ -77.871610777915009, 37.13654374869509 ], [ -77.865158215079532, 37.14335266609271 ], [ -77.869311709667613, 37.149310796955774 ], [ -77.876660452317992, 37.14149346884858 ] ], [ [ -84.08166533888425, 36.513947124260426 ], [ -83.997836528133234, 36.535567913528439 ], [ -84.169067306311092, 36.608353637710252 ], [ -84.169525164654601, 36.583180006552141 ], [ -84.08166533888425, 36.513947124260426 ] ], [ [ -83.081774265869626, 37.003147026314252 ], [ -83.423274381307635, 37.104519593904172 ], [ -83.547959629133516, 37.014636024632864 ], [ -83.255795946126, 36.788553121729251 ], [ -82.938004103806293, 37.024399067463037 ], [ -83.081774265869626, 37.003147026314252 ] ], [ [ -82.903325992100804, 37.09470132280785 ], [ -82.91877522879372, 37.079712833980182 ], [ -82.892070813916916, 37.047033112088513 ], [ -82.880712425038325, 37.082886135886497 ], [ -82.903325992100804, 37.09470132280785 ] ], [ [ -83.065392396242032, 37.057712294287001 ], [ -83.0494382729579, 37.053269463514994 ], [ -83.054493729102262, 37.087600556520499 ], [ -83.065264199683043, 37.083121506452414 ], [ -83.065392396242032, 37.057712294287001 ] ], [ [ -82.763646587919652, 36.247881886639789 ], [ -82.784356215566845, 36.247399661165502 ], [ -82.777739102877263, 36.214926929933938 ], [ -82.762884928696451, 36.226923908511594 ], [ -82.763646587919652, 36.247881886639789 ] ], [ [ -82.556572061551378, 36.244221721455347 ], [ -82.553014816580458, 36.242320296544506 ], [ -82.550857295327887, 36.2442189416509 ], [ -82.553004701905422, 36.24670996479307 ], [ -82.556572061551378, 36.244221721455347 ] ], [ [ -75.436351575864478, 39.778021805462004 ], [ -75.430384905039318, 39.773877180887268 ], [ -75.424939116147243, 39.7782767515709 ], [ -75.429430315156878, 39.780924277433485 ], [ -75.436351575864478, 39.778021805462004 ] ], [ [ -75.493416652456517, 39.707706703301767 ], [ -75.485283150596899, 39.695874535381563 ], [ -75.483089490087877, 39.755237996736184 ], [ -75.4925954563152, 39.74440084772101 ], [ -75.493416652456517, 39.707706703301767 ] ], [ [ -71.433063826134628, 41.523889333525972 ], [ -71.472333282654859, 41.49578712487596 ], [ -71.304126412803669, 41.472649423032522 ], [ -71.324566824799092, 41.516835579298572 ], [ -71.433063826134628, 41.523889333525972 ] ], [ [ -69.321390233572401, 41.404840424745885 ], [ -69.313900736229925, 41.397434248691695 ], [ -69.306449409712457, 41.404753127554841 ], [ -69.313981746260538, 41.408655207671757 ], [ -69.321390233572401, 41.404840424745885 ] ], [ [ -67.211234130051025, 40.429758347369898 ], [ -67.257509264840678, 40.432043342126576 ], [ -67.270795572657505, 40.424233169924889 ], [ -67.219225950017517, 40.414911367765455 ], [ -67.211234130051025, 40.429758347369898 ] ], [ [ -66.909566492599538, 39.554219128210264 ], [ -66.901732990185337, 39.549820087227317 ], [ -66.894209699018347, 39.554001918553752 ], [ -66.902656973440514, 39.561826574336976 ], [ -66.909566492599538, 39.554219128210264 ] ], [ [ -66.40454305511787, 38.685781707759645 ], [ -66.391440142448573, 38.713561018426333 ], [ -66.423405486973593, 38.715790531308016 ], [ -66.423485550018086, 38.7047724566836 ], [ -66.40454305511787, 38.685781707759645 ] ], [ [ -69.154537570052753, 37.828347551898048 ], [ -69.146440613043808, 37.813280995621483 ], [ -69.14399869648264, 37.87471629172353 ], [ -69.150654436852733, 37.86526083232161 ], [ -69.154537570052753, 37.828347551898048 ] ], [ [ -69.041165227892918, 37.870697565939963 ], [ -69.035452303481009, 37.864033675913447 ], [ -69.032463103589293, 37.864020028701418 ], [ -69.031977737682382, 37.872269087148709 ], [ -69.041165227892918, 37.870697565939963 ] ], [ [ -69.176466642421587, 37.786909163527127 ], [ -69.170624907213664, 37.78598582058919 ], [ -69.168663566770135, 37.792944217901379 ], [ -69.174253051137384, 37.794566063373168 ], [ -69.176466642421587, 37.786909163527127 ] ], [ [ -69.292011739450174, 37.744958658015719 ], [ -69.286518472649334, 37.733262391146468 ], [ -69.230902667923772, 37.761251162910867 ], [ -69.281472319092188, 37.763551452437639 ], [ -69.292011739450174, 37.744958658015719 ] ], [ [ -69.527276028865629, 37.274853276757369 ], [ -69.53612895059058, 37.267718839852648 ], [ -69.566575954416749, 37.254982703089354 ], [ -69.512556592912404, 37.256621000758628 ], [ -69.510460918036927, 37.304840944653904 ], [ -69.527276028865629, 37.274853276757369 ] ], [ [ -69.626517719417166, 37.281615704601165 ], [ -69.625721069371821, 37.274563485516524 ], [ -69.618602316643546, 37.277132923245858 ], [ -69.619568753295312, 37.282607917621363 ], [ -69.626517719417166, 37.281615704601165 ] ], [ [ -70.284266154559361, 37.01648584464607 ], [ -69.828802186771441, 37.117095940025649 ], [ -69.659879294693667, 37.23557404730451 ], [ -69.896478939751205, 37.227046362699525 ], [ -70.385603882413193, 37.024512959405627 ], [ -70.284266154559361, 37.01648584464607 ] ], [ [ -70.495570492883928, 37.001227808316742 ], [ -70.493873649349382, 36.99612447946123 ], [ -70.491538176545589, 36.993632749451876 ], [ -70.48813953241347, 37.001197988596346 ], [ -70.495570492883928, 37.001227808316742 ] ], [ [ -69.277057117292088, 36.929929039393699 ], [ -69.248167587264277, 36.918810174150281 ], [ -69.205955489654059, 36.943606882351787 ], [ -69.259460204224979, 36.969751301981034 ], [ -69.277057117292088, 36.929929039393699 ] ], [ [ -71.459736873557802, 36.574825489105081 ], [ -71.612176112537497, 36.550762383976917 ], [ -71.663728211887417, 36.516544164881338 ], [ -71.404729038414359, 36.578758756811226 ], [ -71.459736873557802, 36.574825489105081 ] ], [ [ -69.1535417408586, 36.889356449940237 ], [ -69.146796953216779, 36.88643342666137 ], [ -69.142994128576106, 36.890318082413614 ], [ -69.147130411938917, 36.893307385727326 ], [ -69.1535417408586, 36.889356449940237 ] ], [ [ -68.108724659115694, 36.517938078979228 ], [ -68.152681497253241, 36.613437668913321 ], [ -68.33011617032497, 36.546941670022079 ], [ -68.87544592239135, 36.611087158545558 ], [ -69.052222547132828, 36.496661772322966 ], [ -68.691916927823911, 36.322829034232598 ], [ -68.588844956329638, 36.183920445272406 ], [ -68.388522304260903, 36.153231577775159 ], [ -67.600868549643792, 36.400588177502414 ], [ -68.108724659115694, 36.517938078979228 ] ], [ [ -69.175463336263931, 36.38673678157727 ], [ -69.199649249213451, 36.385702956026648 ], [ -69.20393971144847, 36.380852676609777 ], [ -69.177314436012352, 36.375915488509065 ], [ -69.175463336263931, 36.38673678157727 ] ], [ [ -69.147818229627546, 36.412500652183382 ], [ -69.148579934716167, 36.408380909151674 ], [ -69.145291234502849, 36.404576595233721 ], [ -69.141743256146299, 36.412332061675386 ], [ -69.147818229627546, 36.412500652183382 ] ] ], [ [ [ -85.257962735391914, 39.952359511082648 ], [ -85.46140159860488, 39.828159057194796 ], [ -85.701639031915761, 39.806572031174369 ], [ -85.826615828257843, 39.947075226040909 ], [ -85.819710820997557, 40.265104245664475 ], [ -85.510087528916301, 40.386763938504998 ], [ -85.236353127394864, 40.343717408531631 ], [ -85.146817058860165, 40.201171557421503 ], [ -85.257962735391914, 39.952359511082648 ] ] ] ] } }
]
}
